cell,d,L,drho,cx,cy,cz
0,40,5,0.05,0.0,20.0,-40.0
1,40,5,0.25,0.0,20.0,-40.0
2,40,5,0.60,0.0,20.0,-40.0
3,40,10,0.05,0.0,20.0,-40.0
4,40,10,0.25,0.0,20.0,-40.0
5,40,10,0.60,0.0,20.0,-40.0
6,40,20,0.05,0.0,20.0,-40.0
7,40,20,0.25,0.0,20.0,-40.0
8,40,20,0.60,0.0,20.0,-40.0
9,40,40,0.05,0.0,20.0,-40.0
10,40,40,0.25,0.0,20.0,-40.0
11,40,40,0.60,0.0,20.0,-40.0
12,80,5,0.05,0.0,20.0,-80.0
13,80,5,0.25,0.0,20.0,-80.0
14,80,5,0.60,0.0,20.0,-80.0
15,80,10,0.05,0.0,20.0,-80.0
16,80,10,0.25,0.0,20.0,-80.0
17,80,10,0.60,0.0,20.0,-80.0
18,80,20,0.05,0.0,20.0,-80.0
19,80,20,0.25,0.0,20.0,-80.0
20,80,20,0.60,0.0,20.0,-80.0
21,80,40,0.05,0.0,20.0,-80.0
22,80,40,0.25,0.0,20.0,-80.0
23,80,40,0.60,0.0,20.0,-80.0
24,120,5,0.05,0.0,20.0,-120.0
25,120,5,0.25,0.0,20.0,-120.0
26,120,5,0.60,0.0,20.0,-120.0
27,120,10,0.05,0.0,20.0,-120.0
28,120,10,0.25,0.0,20.0,-120.0
29,120,10,0.60,0.0,20.0,-120.0
30,120,20,0.05,0.0,20.0,-120.0
31,120,20,0.25,0.0,20.0,-120.0
32,120,20,0.60,0.0,20.0,-120.0
33,120,40,0.05,0.0,20.0,-120.0
34,120,40,0.25,0.0,20.0,-120.0
35,120,40,0.60,0.0,20.0,-120.0
36,160,5,0.05,0.0,20.0,-160.0
37,160,5,0.25,0.0,20.0,-160.0
38,160,5,0.60,0.0,20.0,-160.0
39,160,10,0.05,0.0,20.0,-160.0
40,160,10,0.25,0.0,20.0,-160.0
41,160,10,0.60,0.0,20.0,-160.0
42,160,20,0.05,0.0,20.0,-160.0
43,160,20,0.25,0.0,20.0,-160.0
44,160,20,0.60,0.0,20.0,-160.0
45,160,40,0.05,0.0,20.0,-160.0
46,160,40,0.25,0.0,20.0,-160.0
47,160,40,0.60,0.0,20.0,-160.0
