cell,d,L,drho,seed,est_x,est_y,est_z,true_x,true_y,true_z,dist_m,tol_m,within,detected_T180
0,40,5,0.05,1,-4.0,4.0,-188.0,0.0,20.0,-40.0,148.916,5.0,0,0
0,40,5,0.05,2,14.0,0.0,-190.0,0.0,20.0,-40.0,151.974,5.0,0,0
0,40,5,0.05,3,-36.0,2.0,-190.0,0.0,20.0,-40.0,155.306,5.0,0,0
0,40,5,0.05,4,12.0,6.0,-190.0,0.0,20.0,-40.0,151.129,5.0,0,0
0,40,5,0.05,5,-32.0,0.0,-190.0,0.0,20.0,-40.0,154.674,5.0,0,0
0,40,5,0.05,6,-28.0,6.0,-188.0,0.0,20.0,-40.0,151.275,5.0,0,0
0,40,5,0.05,7,28.0,6.0,-190.0,0.0,20.0,-40.0,153.232,5.0,0,0
0,40,5,0.05,8,-10.0,0.0,-190.0,0.0,20.0,-40.0,151.658,5.0,0,0
1,40,5,0.25,1,-2.0,4.0,-188.0,0.0,20.0,-40.0,148.876,5.0,0,0
1,40,5,0.25,2,32.0,0.0,-190.0,0.0,20.0,-40.0,154.674,5.0,0,0
1,40,5,0.25,3,-24.0,6.0,-190.0,0.0,20.0,-40.0,152.552,5.0,0,0
1,40,5,0.25,4,28.0,6.0,-190.0,0.0,20.0,-40.0,153.232,5.0,0,0
1,40,5,0.25,5,-32.0,0.0,-190.0,0.0,20.0,-40.0,154.674,5.0,0,0
1,40,5,0.25,6,-10.0,10.0,-182.0,0.0,20.0,-40.0,142.702,5.0,0,0
1,40,5,0.25,7,12.0,6.0,-190.0,0.0,20.0,-40.0,151.129,5.0,0,0
1,40,5,0.25,8,20.0,0.0,-188.0,0.0,20.0,-40.0,150.678,5.0,0,0
2,40,5,0.60,1,4.0,6.0,-180.0,0.0,20.0,-40.0,140.755,5.0,0,0
2,40,5,0.60,2,30.0,-2.0,-190.0,0.0,20.0,-40.0,154.544,5.0,0,0
2,40,5,0.60,3,-34.0,2.0,-190.0,0.0,20.0,-40.0,154.855,5.0,0,0
2,40,5,0.60,4,22.0,10.0,-178.0,0.0,20.0,-40.0,140.100,5.0,0,0
2,40,5,0.60,5,-38.0,4.0,-182.0,0.0,20.0,-40.0,147.865,5.0,0,0
2,40,5,0.60,6,-36.0,-4.0,-190.0,0.0,20.0,-40.0,156.115,5.0,0,0
2,40,5,0.60,7,12.0,6.0,-190.0,0.0,20.0,-40.0,151.129,5.0,0,0
2,40,5,0.60,8,24.0,2.0,-184.0,0.0,20.0,-40.0,147.092,5.0,0,0
3,40,10,0.05,1,-2.0,2.0,-186.0,0.0,20.0,-40.0,147.119,5.0,0,0
3,40,10,0.05,2,30.0,2.0,-190.0,0.0,20.0,-40.0,154.026,5.0,0,0
3,40,10,0.05,3,-34.0,2.0,-190.0,0.0,20.0,-40.0,154.855,5.0,0,0
3,40,10,0.05,4,12.0,8.0,-190.0,0.0,20.0,-40.0,150.957,5.0,0,0
3,40,10,0.05,5,-34.0,0.0,-190.0,0.0,20.0,-40.0,155.100,5.0,0,0
3,40,10,0.05,6,-40.0,-8.0,-182.0,0.0,20.0,-40.0,150.160,5.0,0,0
3,40,10,0.05,7,12.0,6.0,-190.0,0.0,20.0,-40.0,151.129,5.0,0,0
3,40,10,0.05,8,36.0,4.0,-190.0,0.0,20.0,-40.0,155.087,5.0,0,0
4,40,10,0.25,1,-2.0,-6.0,-182.0,0.0,20.0,-40.0,144.375,5.0,0,0
4,40,10,0.25,2,30.0,2.0,-190.0,0.0,20.0,-40.0,154.026,5.0,0,0
4,40,10,0.25,3,-38.0,2.0,-190.0,0.0,20.0,-40.0,155.782,5.0,0,0
4,40,10,0.25,4,30.0,10.0,-188.0,0.0,20.0,-40.0,151.341,5.0,0,0
4,40,10,0.25,5,-36.0,2.0,-184.0,0.0,20.0,-40.0,149.519,5.0,0,0
4,40,10,0.25,6,36.0,-28.0,-162.0,0.0,20.0,-40.0,135.956,5.0,0,0
4,40,10,0.25,7,12.0,8.0,-186.0,0.0,20.0,-40.0,146.983,5.0,0,0
4,40,10,0.25,8,22.0,2.0,-182.0,0.0,20.0,-40.0,144.817,5.0,0,0
5,40,10,0.60,1,-36.0,56.0,-112.0,0.0,20.0,-40.0,88.182,5.0,0,0
5,40,10,0.60,2,36.0,-2.0,-136.0,0.0,20.0,-40.0,104.862,5.0,0,0
5,40,10,0.60,3,-46.0,12.0,-160.0,0.0,20.0,-40.0,128.763,5.0,0,0
5,40,10,0.60,4,28.0,14.0,-186.0,0.0,20.0,-40.0,148.782,5.0,0,0
5,40,10,0.60,5,-32.0,12.0,-148.0,0.0,20.0,-40.0,112.925,5.0,0,0
5,40,10,0.60,6,-22.0,34.0,-130.0,0.0,20.0,-40.0,93.702,5.0,0,0
5,40,10,0.60,7,10.0,10.0,-188.0,0.0,20.0,-40.0,148.674,5.0,0,0
5,40,10,0.60,8,42.0,0.0,-178.0,0.0,20.0,-40.0,145.630,5.0,0,0
6,40,20,0.05,1,16.0,-22.0,-144.0,0.0,20.0,-40.0,113.296,10.0,0,0
6,40,20,0.05,2,22.0,0.0,-190.0,0.0,20.0,-40.0,152.918,10.0,0,0
6,40,20,0.05,3,-36.0,2.0,-176.0,0.0,20.0,-40.0,141.831,10.0,0,0
6,40,20,0.05,4,32.0,16.0,-180.0,0.0,20.0,-40.0,143.666,10.0,0,0
6,40,20,0.05,5,-40.0,6.0,-188.0,0.0,20.0,-40.0,153.948,10.0,0,0
6,40,20,0.05,6,-20.0,36.0,-124.0,0.0,20.0,-40.0,87.818,10.0,0,0
6,40,20,0.05,7,20.0,14.0,-182.0,0.0,20.0,-40.0,143.527,10.0,0,0
6,40,20,0.05,8,12.0,6.0,-178.0,0.0,20.0,-40.0,139.226,10.0,0,0
7,40,20,0.25,1,48.0,30.0,-106.0,0.0,20.0,-40.0,82.219,10.0,0,0
7,40,20,0.25,2,10.0,-6.0,-180.0,0.0,20.0,-40.0,142.745,10.0,0,0
7,40,20,0.25,3,8.0,46.0,-138.0,0.0,20.0,-40.0,101.705,10.0,0,0
7,40,20,0.25,4,0.0,18.0,-56.0,0.0,20.0,-40.0,16.125,10.0,0,0
7,40,20,0.25,5,-44.0,2.0,-148.0,0.0,20.0,-40.0,118.000,10.0,0,0
7,40,20,0.25,6,-18.0,76.0,-54.0,0.0,20.0,-40.0,60.465,10.0,0,0
7,40,20,0.25,7,20.0,16.0,-188.0,0.0,20.0,-40.0,149.399,10.0,0,0
7,40,20,0.25,8,-4.0,14.0,-94.0,0.0,20.0,-40.0,54.479,10.0,0,0
8,40,20,0.60,1,0.0,20.0,-34.0,0.0,20.0,-40.0,6.000,10.0,1,1
8,40,20,0.60,2,0.0,20.0,-46.0,0.0,20.0,-40.0,6.000,10.0,1,1
8,40,20,0.60,3,0.0,20.0,-38.0,0.0,20.0,-40.0,2.000,10.0,1,1
8,40,20,0.60,4,0.0,20.0,-40.0,0.0,20.0,-40.0,0.000,10.0,1,1
8,40,20,0.60,5,0.0,20.0,-38.0,0.0,20.0,-40.0,2.000,10.0,1,1
8,40,20,0.60,6,0.0,20.0,-38.0,0.0,20.0,-40.0,2.000,10.0,1,1
8,40,20,0.60,7,-2.0,20.0,-42.0,0.0,20.0,-40.0,2.828,10.0,1,1
8,40,20,0.60,8,0.0,20.0,-42.0,0.0,20.0,-40.0,2.000,10.0,1,1
9,40,40,0.05,1,60.0,34.0,-94.0,0.0,20.0,-40.0,81.927,20.0,0,0
9,40,40,0.05,2,16.0,4.0,-180.0,0.0,20.0,-40.0,141.817,20.0,0,0
9,40,40,0.05,3,-28.0,-18.0,-70.0,0.0,20.0,-40.0,55.929,20.0,0,0
9,40,40,0.05,4,12.0,46.0,-138.0,0.0,20.0,-40.0,102.098,20.0,0,0
9,40,40,0.05,5,-50.0,4.0,-138.0,0.0,20.0,-40.0,111.176,20.0,0,0
9,40,40,0.05,6,-18.0,80.0,-14.0,0.0,20.0,-40.0,67.823,20.0,0,0
9,40,40,0.05,7,10.0,38.0,-148.0,0.0,20.0,-40.0,109.945,20.0,0,0
9,40,40,0.05,8,2.0,2.0,-130.0,0.0,20.0,-40.0,91.804,20.0,0,0
10,40,40,0.25,1,0.0,20.0,-36.0,0.0,20.0,-40.0,4.000,20.0,1,1
10,40,40,0.25,2,0.0,20.0,-50.0,0.0,20.0,-40.0,10.000,20.0,1,1
10,40,40,0.25,3,0.0,20.0,-30.0,0.0,20.0,-40.0,10.000,20.0,1,1
10,40,40,0.25,4,0.0,20.0,-44.0,0.0,20.0,-40.0,4.000,20.0,1,1
10,40,40,0.25,5,0.0,20.0,-36.0,0.0,20.0,-40.0,4.000,20.0,1,1
10,40,40,0.25,6,0.0,20.0,-38.0,0.0,20.0,-40.0,2.000,20.0,1,1
10,40,40,0.25,7,0.0,20.0,-42.0,0.0,20.0,-40.0,2.000,20.0,1,1
10,40,40,0.25,8,-2.0,20.0,-48.0,0.0,20.0,-40.0,8.246,20.0,1,1
11,40,40,0.60,1,0.0,20.0,-36.0,0.0,20.0,-40.0,4.000,20.0,1,1
11,40,40,0.60,2,0.0,20.0,-46.0,0.0,20.0,-40.0,6.000,20.0,1,1
11,40,40,0.60,3,0.0,20.0,-38.0,0.0,20.0,-40.0,2.000,20.0,1,1
11,40,40,0.60,4,0.0,20.0,-40.0,0.0,20.0,-40.0,0.000,20.0,1,1
11,40,40,0.60,5,0.0,20.0,-36.0,0.0,20.0,-40.0,4.000,20.0,1,1
11,40,40,0.60,6,0.0,20.0,-40.0,0.0,20.0,-40.0,0.000,20.0,1,1
11,40,40,0.60,7,0.0,20.0,-40.0,0.0,20.0,-40.0,0.000,20.0,1,1
11,40,40,0.60,8,0.0,20.0,-42.0,0.0,20.0,-40.0,2.000,20.0,1,1
12,80,5,0.05,1,8.0,4.0,-190.0,0.0,20.0,-80.0,111.445,5.0,0,0
12,80,5,0.05,2,32.0,0.0,-190.0,0.0,20.0,-80.0,116.293,5.0,0,0
12,80,5,0.05,3,-34.0,2.0,-190.0,0.0,20.0,-80.0,116.533,5.0,0,0
12,80,5,0.05,4,12.0,6.0,-190.0,0.0,20.0,-80.0,111.535,5.0,0,0
12,80,5,0.05,5,-14.0,0.0,-190.0,0.0,20.0,-80.0,112.677,5.0,0,0
12,80,5,0.05,6,8.0,8.0,-184.0,0.0,20.0,-80.0,104.995,5.0,0,0
12,80,5,0.05,7,10.0,4.0,-190.0,0.0,20.0,-80.0,111.606,5.0,0,0
12,80,5,0.05,8,36.0,0.0,-190.0,0.0,20.0,-80.0,117.456,5.0,0,0
13,80,5,0.25,1,-4.0,4.0,-188.0,0.0,20.0,-80.0,109.252,5.0,0,0
13,80,5,0.25,2,32.0,0.0,-190.0,0.0,20.0,-80.0,116.293,5.0,0,0
13,80,5,0.25,3,-34.0,2.0,-190.0,0.0,20.0,-80.0,116.533,5.0,0,0
13,80,5,0.25,4,30.0,6.0,-190.0,0.0,20.0,-80.0,114.874,5.0,0,0
13,80,5,0.25,5,-32.0,0.0,-190.0,0.0,20.0,-80.0,116.293,5.0,0,0
13,80,5,0.25,6,-14.0,8.0,-180.0,0.0,20.0,-80.0,101.686,5.0,0,0
13,80,5,0.25,7,12.0,6.0,-190.0,0.0,20.0,-80.0,111.535,5.0,0,0
13,80,5,0.25,8,6.0,2.0,-186.0,0.0,20.0,-80.0,107.685,5.0,0,0
14,80,5,0.60,1,0.0,6.0,-182.0,0.0,20.0,-80.0,102.956,5.0,0,0
14,80,5,0.60,2,14.0,-2.0,-190.0,0.0,20.0,-80.0,113.049,5.0,0,0
14,80,5,0.60,3,-34.0,0.0,-190.0,0.0,20.0,-80.0,116.859,5.0,0,0
14,80,5,0.60,4,16.0,2.0,-188.0,0.0,20.0,-80.0,110.653,5.0,0,0
14,80,5,0.60,5,-16.0,2.0,-188.0,0.0,20.0,-80.0,110.653,5.0,0,0
14,80,5,0.60,6,-36.0,-4.0,-190.0,0.0,20.0,-80.0,118.203,5.0,0,0
14,80,5,0.60,7,12.0,6.0,-190.0,0.0,20.0,-80.0,111.535,5.0,0,0
14,80,5,0.60,8,24.0,2.0,-184.0,0.0,20.0,-80.0,108.240,5.0,0,0
15,80,10,0.05,1,4.0,8.0,-182.0,0.0,20.0,-80.0,102.781,5.0,0,0
15,80,10,0.05,2,30.0,0.0,-190.0,0.0,20.0,-80.0,115.758,5.0,0,0
15,80,10,0.05,3,-34.0,2.0,-190.0,0.0,20.0,-80.0,116.533,5.0,0,0
15,80,10,0.05,4,12.0,6.0,-190.0,0.0,20.0,-80.0,111.535,5.0,0,0
15,80,10,0.05,5,-16.0,0.0,-190.0,0.0,20.0,-80.0,112.942,5.0,0,0
15,80,10,0.05,6,-42.0,-8.0,-182.0,0.0,20.0,-80.0,113.807,5.0,0,0
15,80,10,0.05,7,10.0,6.0,-190.0,0.0,20.0,-80.0,111.337,5.0,0,0
15,80,10,0.05,8,12.0,2.0,-190.0,0.0,20.0,-80.0,112.107,5.0,0,0
16,80,10,0.25,1,2.0,8.0,-182.0,0.0,20.0,-80.0,102.723,5.0,0,0
16,80,10,0.25,2,12.0,0.0,-190.0,0.0,20.0,-80.0,112.446,5.0,0,0
16,80,10,0.25,3,-22.0,10.0,-186.0,0.0,20.0,-80.0,108.720,5.0,0,0
16,80,10,0.25,4,-2.0,22.0,-168.0,0.0,20.0,-80.0,88.045,5.0,0,0
16,80,10,0.25,5,-34.0,2.0,-182.0,0.0,20.0,-80.0,109.014,5.0,0,0
16,80,10,0.25,6,-24.0,30.0,-138.0,0.0,20.0,-80.0,63.561,5.0,0,0
16,80,10,0.25,7,12.0,8.0,-186.0,0.0,20.0,-80.0,107.350,5.0,0,0
16,80,10,0.25,8,40.0,2.0,-184.0,0.0,20.0,-80.0,112.872,5.0,0,0
17,80,10,0.60,1,30.0,-36.0,-130.0,0.0,20.0,-80.0,80.846,5.0,0,0
17,80,10,0.60,2,16.0,0.0,-190.0,0.0,20.0,-80.0,112.942,5.0,0,0
17,80,10,0.60,3,-22.0,10.0,-190.0,0.0,20.0,-80.0,112.623,5.0,0,0
17,80,10,0.60,4,30.0,18.0,-172.0,0.0,20.0,-80.0,96.788,5.0,0,0
17,80,10,0.60,5,-36.0,10.0,-152.0,0.0,20.0,-80.0,81.117,5.0,0,0
17,80,10,0.60,6,46.0,42.0,-112.0,0.0,20.0,-80.0,60.200,5.0,0,0
17,80,10,0.60,7,28.0,10.0,-186.0,0.0,20.0,-80.0,110.091,5.0,0,0
17,80,10,0.60,8,-10.0,16.0,-110.0,0.0,20.0,-80.0,31.875,5.0,0,0
18,80,20,0.05,1,4.0,14.0,-166.0,0.0,20.0,-80.0,86.302,10.0,0,0
18,80,20,0.05,2,26.0,0.0,-190.0,0.0,20.0,-80.0,114.787,10.0,0,0
18,80,20,0.05,3,-46.0,12.0,-160.0,0.0,20.0,-80.0,92.628,10.0,0,0
18,80,20,0.05,4,16.0,26.0,-160.0,0.0,20.0,-80.0,81.805,10.0,0,0
18,80,20,0.05,5,-40.0,6.0,-176.0,0.0,20.0,-80.0,104.938,10.0,0,0
18,80,20,0.05,6,-4.0,78.0,-32.0,0.0,20.0,-80.0,75.392,10.0,0,0
18,80,20,0.05,7,8.0,16.0,-170.0,0.0,20.0,-80.0,90.443,10.0,0,0
18,80,20,0.05,8,30.0,8.0,-188.0,0.0,20.0,-80.0,112.730,10.0,0,0
19,80,20,0.25,1,44.0,34.0,-92.0,0.0,20.0,-80.0,47.707,10.0,0,0
19,80,20,0.25,2,26.0,0.0,-180.0,0.0,20.0,-80.0,105.243,10.0,0,0
19,80,20,0.25,3,-52.0,14.0,-140.0,0.0,20.0,-80.0,79.624,10.0,0,0
19,80,20,0.25,4,0.0,22.0,-80.0,0.0,20.0,-80.0,2.000,10.0,1,0
19,80,20,0.25,5,-42.0,12.0,-134.0,0.0,20.0,-80.0,68.877,10.0,0,0
19,80,20,0.25,6,-18.0,64.0,-58.0,0.0,20.0,-80.0,52.383,10.0,0,0
19,80,20,0.25,7,0.0,20.0,-78.0,0.0,20.0,-80.0,2.000,10.0,1,0
19,80,20,0.25,8,-4.0,16.0,-94.0,0.0,20.0,-80.0,15.100,10.0,0,0
20,80,20,0.60,1,0.0,20.0,-80.0,0.0,20.0,-80.0,0.000,10.0,1,1
20,80,20,0.60,2,0.0,20.0,-82.0,0.0,20.0,-80.0,2.000,10.0,1,1
20,80,20,0.60,3,0.0,20.0,-78.0,0.0,20.0,-80.0,2.000,10.0,1,1
20,80,20,0.60,4,0.0,20.0,-80.0,0.0,20.0,-80.0,0.000,10.0,1,1
20,80,20,0.60,5,0.0,20.0,-80.0,0.0,20.0,-80.0,0.000,10.0,1,1
20,80,20,0.60,6,0.0,20.0,-82.0,0.0,20.0,-80.0,2.000,10.0,1,1
20,80,20,0.60,7,0.0,20.0,-80.0,0.0,20.0,-80.0,0.000,10.0,1,1
20,80,20,0.60,8,0.0,20.0,-80.0,0.0,20.0,-80.0,0.000,10.0,1,1
21,80,40,0.05,1,60.0,34.0,-88.0,0.0,20.0,-80.0,62.129,20.0,0,0
21,80,40,0.05,2,16.0,4.0,-180.0,0.0,20.0,-80.0,102.528,20.0,0,0
21,80,40,0.05,3,-60.0,20.0,-138.0,0.0,20.0,-80.0,83.451,20.0,0,0
21,80,40,0.05,4,-8.0,26.0,-90.0,0.0,20.0,-80.0,14.142,20.0,1,0
21,80,40,0.05,5,-50.0,6.0,-114.0,0.0,20.0,-80.0,62.064,20.0,0,0
21,80,40,0.05,6,-4.0,50.0,-84.0,0.0,20.0,-80.0,30.529,20.0,0,0
21,80,40,0.05,7,14.0,30.0,-146.0,0.0,20.0,-80.0,68.206,20.0,0,0
21,80,40,0.05,8,34.0,16.0,-176.0,0.0,20.0,-80.0,101.922,20.0,0,0
22,80,40,0.25,1,0.0,20.0,-80.0,0.0,20.0,-80.0,0.000,20.0,1,1
22,80,40,0.25,2,0.0,20.0,-88.0,0.0,20.0,-80.0,8.000,20.0,1,1
22,80,40,0.25,3,0.0,20.0,-76.0,0.0,20.0,-80.0,4.000,20.0,1,1
22,80,40,0.25,4,0.0,20.0,-76.0,0.0,20.0,-80.0,4.000,20.0,1,1
22,80,40,0.25,5,0.0,20.0,-76.0,0.0,20.0,-80.0,4.000,20.0,1,1
22,80,40,0.25,6,0.0,20.0,-76.0,0.0,20.0,-80.0,4.000,20.0,1,1
22,80,40,0.25,7,0.0,20.0,-82.0,0.0,20.0,-80.0,2.000,20.0,1,1
22,80,40,0.25,8,-2.0,20.0,-82.0,0.0,20.0,-80.0,2.828,20.0,1,1
23,80,40,0.60,1,0.0,20.0,-80.0,0.0,20.0,-80.0,0.000,20.0,1,1
23,80,40,0.60,2,0.0,20.0,-84.0,0.0,20.0,-80.0,4.000,20.0,1,1
23,80,40,0.60,3,0.0,20.0,-76.0,0.0,20.0,-80.0,4.000,20.0,1,1
23,80,40,0.60,4,0.0,20.0,-80.0,0.0,20.0,-80.0,0.000,20.0,1,1
23,80,40,0.60,5,0.0,20.0,-78.0,0.0,20.0,-80.0,2.000,20.0,1,1
23,80,40,0.60,6,0.0,20.0,-80.0,0.0,20.0,-80.0,0.000,20.0,1,1
23,80,40,0.60,7,0.0,20.0,-82.0,0.0,20.0,-80.0,2.000,20.0,1,1
23,80,40,0.60,8,0.0,20.0,-82.0,0.0,20.0,-80.0,2.000,20.0,1,1
24,120,5,0.05,1,16.0,4.0,-186.0,0.0,20.0,-120.0,69.771,5.0,0,0
24,120,5,0.05,2,12.0,0.0,-190.0,0.0,20.0,-120.0,73.783,5.0,0,0
24,120,5,0.05,3,-34.0,2.0,-190.0,0.0,20.0,-120.0,79.875,5.0,0,0
24,120,5,0.05,4,10.0,6.0,-190.0,0.0,20.0,-120.0,72.083,5.0,0,0
24,120,5,0.05,5,-32.0,0.0,-190.0,0.0,20.0,-120.0,79.524,5.0,0,0
24,120,5,0.05,6,-36.0,-4.0,-190.0,0.0,20.0,-120.0,82.292,5.0,0,0
24,120,5,0.05,7,12.0,4.0,-190.0,0.0,20.0,-120.0,72.801,5.0,0,0
24,120,5,0.05,8,-12.0,0.0,-190.0,0.0,20.0,-120.0,73.783,5.0,0,0
25,120,5,0.25,1,-4.0,4.0,-186.0,0.0,20.0,-120.0,68.029,5.0,0,0
25,120,5,0.25,2,32.0,0.0,-190.0,0.0,20.0,-120.0,79.524,5.0,0,0
25,120,5,0.25,3,-34.0,2.0,-190.0,0.0,20.0,-120.0,79.875,5.0,0,0
25,120,5,0.25,4,34.0,6.0,-186.0,0.0,20.0,-120.0,75.551,5.0,0,0
25,120,5,0.25,5,-14.0,0.0,-190.0,0.0,20.0,-120.0,74.135,5.0,0,0
25,120,5,0.25,6,-10.0,6.0,-188.0,0.0,20.0,-120.0,70.143,5.0,0,0
25,120,5,0.25,7,10.0,6.0,-190.0,0.0,20.0,-120.0,72.083,5.0,0,0
25,120,5,0.25,8,36.0,0.0,-190.0,0.0,20.0,-120.0,81.216,5.0,0,0
26,120,5,0.60,1,-4.0,2.0,-190.0,0.0,20.0,-120.0,72.388,5.0,0,0
26,120,5,0.60,2,32.0,0.0,-190.0,0.0,20.0,-120.0,79.524,5.0,0,0
26,120,5,0.60,3,-24.0,8.0,-188.0,0.0,20.0,-120.0,73.103,5.0,0,0
26,120,5,0.60,4,30.0,6.0,-190.0,0.0,20.0,-120.0,77.434,5.0,0,0
26,120,5,0.60,5,-32.0,0.0,-190.0,0.0,20.0,-120.0,79.524,5.0,0,0
26,120,5,0.60,6,20.0,10.0,-178.0,0.0,20.0,-120.0,62.161,5.0,0,0
26,120,5,0.60,7,12.0,6.0,-190.0,0.0,20.0,-120.0,72.388,5.0,0,0
26,120,5,0.60,8,26.0,0.0,-190.0,0.0,20.0,-120.0,77.305,5.0,0,0
27,120,10,0.05,1,4.0,6.0,-182.0,0.0,20.0,-120.0,63.687,5.0,0,0
27,120,10,0.05,2,30.0,0.0,-190.0,0.0,20.0,-120.0,78.740,5.0,0,0
27,120,10,0.05,3,-36.0,6.0,-188.0,0.0,20.0,-120.0,78.205,5.0,0,0
27,120,10,0.05,4,30.0,6.0,-190.0,0.0,20.0,-120.0,77.434,5.0,0,0
27,120,10,0.05,5,-34.0,2.0,-190.0,0.0,20.0,-120.0,79.875,5.0,0,0
27,120,10,0.05,6,4.0,32.0,-126.0,0.0,20.0,-120.0,14.000,5.0,0,0
27,120,10,0.05,7,26.0,6.0,-190.0,0.0,20.0,-120.0,75.974,5.0,0,0
27,120,10,0.05,8,22.0,2.0,-184.0,0.0,20.0,-120.0,70.029,5.0,0,0
28,120,10,0.25,1,4.0,10.0,-172.0,0.0,20.0,-120.0,53.104,5.0,0,0
28,120,10,0.25,2,16.0,-2.0,-190.0,0.0,20.0,-120.0,75.100,5.0,0,0
28,120,10,0.25,3,-38.0,4.0,-186.0,0.0,20.0,-120.0,77.820,5.0,0,0
28,120,10,0.25,4,20.0,16.0,-178.0,0.0,20.0,-120.0,61.482,5.0,0,0
28,120,10,0.25,5,-34.0,0.0,-184.0,0.0,20.0,-120.0,75.180,5.0,0,0
28,120,10,0.25,6,10.0,22.0,-158.0,0.0,20.0,-120.0,39.345,5.0,0,0
28,120,10,0.25,7,10.0,8.0,-188.0,0.0,20.0,-120.0,69.771,5.0,0,0
28,120,10,0.25,8,22.0,2.0,-186.0,0.0,20.0,-120.0,71.861,5.0,0,0
29,120,10,0.60,1,0.0,20.0,-118.0,0.0,20.0,-120.0,2.000,5.0,1,1
29,120,10,0.60,2,2.0,-8.0,-188.0,0.0,20.0,-120.0,73.566,5.0,0,1
29,120,10,0.60,3,36.0,8.0,-154.0,0.0,20.0,-120.0,50.951,5.0,0,1
29,120,10,0.60,4,30.0,12.0,-186.0,0.0,20.0,-120.0,72.938,5.0,0,1
29,120,10,0.60,5,-44.0,10.0,-152.0,0.0,20.0,-120.0,55.317,5.0,0,1
29,120,10,0.60,6,0.0,22.0,-120.0,0.0,20.0,-120.0,2.000,5.0,1,1
29,120,10,0.60,7,0.0,18.0,-124.0,0.0,20.0,-120.0,4.472,5.0,1,1
29,120,10,0.60,8,0.0,18.0,-124.0,0.0,20.0,-120.0,4.472,5.0,1,1
30,120,20,0.05,1,0.0,14.0,-172.0,0.0,20.0,-120.0,52.345,10.0,0,0
30,120,20,0.05,2,18.0,0.0,-190.0,0.0,20.0,-120.0,74.993,10.0,0,0
30,120,20,0.05,3,-38.0,10.0,-162.0,0.0,20.0,-120.0,57.515,10.0,0,0
30,120,20,0.05,4,30.0,10.0,-190.0,0.0,20.0,-120.0,76.811,10.0,0,0
30,120,20,0.05,5,-36.0,2.0,-166.0,0.0,20.0,-120.0,61.123,10.0,0,0
30,120,20,0.05,6,-8.0,38.0,-120.0,0.0,20.0,-120.0,19.698,10.0,0,0
30,120,20,0.05,7,10.0,14.0,-176.0,0.0,20.0,-120.0,57.201,10.0,0,0
30,120,20,0.05,8,30.0,8.0,-188.0,0.0,20.0,-120.0,75.286,10.0,0,0
31,120,20,0.25,1,0.0,20.0,-124.0,0.0,20.0,-120.0,4.000,10.0,1,0
31,120,20,0.25,2,14.0,0.0,-180.0,0.0,20.0,-120.0,64.777,10.0,0,0
31,120,20,0.25,3,4.0,42.0,-144.0,0.0,20.0,-120.0,32.802,10.0,0,0
31,120,20,0.25,4,0.0,20.0,-118.0,0.0,20.0,-120.0,2.000,10.0,1,0
31,120,20,0.25,5,-44.0,12.0,-130.0,0.0,20.0,-120.0,45.826,10.0,0,0
31,120,20,0.25,6,0.0,22.0,-114.0,0.0,20.0,-120.0,6.325,10.0,1,0
31,120,20,0.25,7,0.0,20.0,-120.0,0.0,20.0,-120.0,0.000,10.0,1,0
31,120,20,0.25,8,0.0,18.0,-124.0,0.0,20.0,-120.0,4.472,10.0,1,0
32,120,20,0.60,1,0.0,20.0,-122.0,0.0,20.0,-120.0,2.000,10.0,1,1
32,120,20,0.60,2,0.0,20.0,-122.0,0.0,20.0,-120.0,2.000,10.0,1,1
32,120,20,0.60,3,0.0,20.0,-120.0,0.0,20.0,-120.0,0.000,10.0,1,1
32,120,20,0.60,4,0.0,20.0,-120.0,0.0,20.0,-120.0,0.000,10.0,1,1
32,120,20,0.60,5,0.0,20.0,-122.0,0.0,20.0,-120.0,2.000,10.0,1,1
32,120,20,0.60,6,0.0,20.0,-122.0,0.0,20.0,-120.0,2.000,10.0,1,1
32,120,20,0.60,7,0.0,20.0,-122.0,0.0,20.0,-120.0,2.000,10.0,1,1
32,120,20,0.60,8,0.0,20.0,-120.0,0.0,20.0,-120.0,0.000,10.0,1,1
33,120,40,0.05,1,58.0,34.0,-84.0,0.0,20.0,-120.0,69.685,20.0,0,0
33,120,40,0.05,2,14.0,4.0,-180.0,0.0,20.0,-120.0,63.655,20.0,0,0
33,120,40,0.05,3,-60.0,18.0,-134.0,0.0,20.0,-120.0,61.644,20.0,0,0
33,120,40,0.05,4,-16.0,24.0,-96.0,0.0,20.0,-120.0,29.120,20.0,0,0
33,120,40,0.05,5,-36.0,2.0,-152.0,0.0,20.0,-120.0,51.420,20.0,0,0
33,120,40,0.05,6,-2.0,38.0,-112.0,0.0,20.0,-120.0,19.799,20.0,1,0
33,120,40,0.05,7,10.0,28.0,-150.0,0.0,20.0,-120.0,32.619,20.0,0,0
33,120,40,0.05,8,2.0,6.0,-142.0,0.0,20.0,-120.0,26.153,20.0,0,0
34,120,40,0.25,1,0.0,20.0,-126.0,0.0,20.0,-120.0,6.000,20.0,1,1
34,120,40,0.25,2,0.0,20.0,-124.0,0.0,20.0,-120.0,4.000,20.0,1,1
34,120,40,0.25,3,0.0,20.0,-122.0,0.0,20.0,-120.0,2.000,20.0,1,1
34,120,40,0.25,4,0.0,20.0,-120.0,0.0,20.0,-120.0,0.000,20.0,1,1
34,120,40,0.25,5,0.0,20.0,-116.0,0.0,20.0,-120.0,4.000,20.0,1,1
34,120,40,0.25,6,0.0,20.0,-118.0,0.0,20.0,-120.0,2.000,20.0,1,1
34,120,40,0.25,7,0.0,20.0,-124.0,0.0,20.0,-120.0,4.000,20.0,1,1
34,120,40,0.25,8,0.0,20.0,-122.0,0.0,20.0,-120.0,2.000,20.0,1,1
35,120,40,0.60,1,0.0,20.0,-122.0,0.0,20.0,-120.0,2.000,20.0,1,1
35,120,40,0.60,2,0.0,20.0,-122.0,0.0,20.0,-120.0,2.000,20.0,1,1
35,120,40,0.60,3,0.0,20.0,-120.0,0.0,20.0,-120.0,0.000,20.0,1,1
35,120,40,0.60,4,0.0,20.0,-120.0,0.0,20.0,-120.0,0.000,20.0,1,1
35,120,40,0.60,5,0.0,20.0,-118.0,0.0,20.0,-120.0,2.000,20.0,1,1
35,120,40,0.60,6,0.0,20.0,-120.0,0.0,20.0,-120.0,0.000,20.0,1,1
35,120,40,0.60,7,0.0,20.0,-120.0,0.0,20.0,-120.0,0.000,20.0,1,1
35,120,40,0.60,8,0.0,20.0,-122.0,0.0,20.0,-120.0,2.000,20.0,1,1
36,160,5,0.05,1,-4.0,4.0,-190.0,0.0,20.0,-160.0,34.234,5.0,0,0
36,160,5,0.05,2,30.0,0.0,-190.0,0.0,20.0,-160.0,46.904,5.0,0,0
36,160,5,0.05,3,30.0,0.0,-190.0,0.0,20.0,-160.0,46.904,5.0,0,0
36,160,5,0.05,4,30.0,6.0,-190.0,0.0,20.0,-160.0,44.677,5.0,0,0
36,160,5,0.05,5,-32.0,0.0,-190.0,0.0,20.0,-160.0,48.208,5.0,0,0
36,160,5,0.05,6,-10.0,6.0,-188.0,0.0,20.0,-160.0,32.863,5.0,0,0
36,160,5,0.05,7,12.0,6.0,-190.0,0.0,20.0,-160.0,35.214,5.0,0,0
36,160,5,0.05,8,-10.0,0.0,-190.0,0.0,20.0,-160.0,37.417,5.0,0,0
37,160,5,0.25,1,10.0,-4.0,-190.0,0.0,20.0,-160.0,39.699,5.0,0,0
37,160,5,0.25,2,14.0,0.0,-190.0,0.0,20.0,-160.0,38.678,5.0,0,0
37,160,5,0.25,3,-30.0,-2.0,-186.0,0.0,20.0,-160.0,45.387,5.0,0,0
37,160,5,0.25,4,-30.0,2.0,-190.0,0.0,20.0,-160.0,46.087,5.0,0,0
37,160,5,0.25,5,-32.0,0.0,-190.0,0.0,20.0,-160.0,48.208,5.0,0,0
37,160,5,0.25,6,-38.0,-6.0,-184.0,0.0,20.0,-160.0,51.923,5.0,0,0
37,160,5,0.25,7,10.0,4.0,-190.0,0.0,20.0,-160.0,35.440,5.0,0,0
37,160,5,0.25,8,8.0,0.0,-190.0,0.0,20.0,-160.0,36.932,5.0,0,0
38,160,5,0.60,1,-4.0,2.0,-190.0,0.0,20.0,-160.0,35.214,5.0,0,0
38,160,5,0.60,2,32.0,0.0,-190.0,0.0,20.0,-160.0,48.208,5.0,0,0
38,160,5,0.60,3,-36.0,4.0,-184.0,0.0,20.0,-160.0,46.130,5.0,0,0
38,160,5,0.60,4,30.0,8.0,-188.0,0.0,20.0,-160.0,42.755,5.0,0,0
38,160,5,0.60,5,-34.0,0.0,-190.0,0.0,20.0,-160.0,49.558,5.0,0,0
38,160,5,0.60,6,8.0,8.0,-184.0,0.0,20.0,-160.0,28.000,5.0,0,0
38,160,5,0.60,7,10.0,6.0,-190.0,0.0,20.0,-160.0,34.583,5.0,0,0
38,160,5,0.60,8,34.0,2.0,-190.0,0.0,20.0,-160.0,48.785,5.0,0,0
39,160,10,0.05,1,10.0,0.0,-190.0,0.0,20.0,-160.0,37.417,5.0,0,0
39,160,10,0.05,2,30.0,0.0,-190.0,0.0,20.0,-160.0,46.904,5.0,0,0
39,160,10,0.05,3,-38.0,2.0,-188.0,0.0,20.0,-160.0,50.517,5.0,0,0
39,160,10,0.05,4,30.0,4.0,-190.0,0.0,20.0,-160.0,45.343,5.0,0,0
39,160,10,0.05,5,-34.0,2.0,-190.0,0.0,20.0,-160.0,48.785,5.0,0,0
39,160,10,0.05,6,-38.0,-10.0,-162.0,0.0,20.0,-160.0,48.456,5.0,0,0
39,160,10,0.05,7,28.0,6.0,-190.0,0.0,20.0,-160.0,43.359,5.0,0,0
39,160,10,0.05,8,-8.0,2.0,-190.0,0.0,20.0,-160.0,35.889,5.0,0,0
40,160,10,0.25,1,2.0,8.0,-180.0,0.0,20.0,-160.0,23.409,5.0,0,0
40,160,10,0.25,2,30.0,0.0,-190.0,0.0,20.0,-160.0,46.904,5.0,0,0
40,160,10,0.25,3,-38.0,4.0,-186.0,0.0,20.0,-160.0,48.744,5.0,0,0
40,160,10,0.25,4,30.0,10.0,-186.0,0.0,20.0,-160.0,40.939,5.0,0,0
40,160,10,0.25,5,-16.0,0.0,-190.0,0.0,20.0,-160.0,39.446,5.0,0,0
40,160,10,0.25,6,2.0,18.0,-162.0,0.0,20.0,-160.0,3.464,5.0,1,0
40,160,10,0.25,7,10.0,8.0,-188.0,0.0,20.0,-160.0,32.062,5.0,0,0
40,160,10,0.25,8,22.0,2.0,-186.0,0.0,20.0,-160.0,38.523,5.0,0,0
41,160,10,0.60,1,0.0,16.0,-164.0,0.0,20.0,-160.0,5.657,5.0,0,1
41,160,10,0.60,2,2.0,18.0,-164.0,0.0,20.0,-160.0,4.899,5.0,1,1
41,160,10,0.60,3,-2.0,22.0,-158.0,0.0,20.0,-160.0,3.464,5.0,1,1
41,160,10,0.60,4,0.0,20.0,-162.0,0.0,20.0,-160.0,2.000,5.0,1,1
41,160,10,0.60,5,-42.0,8.0,-156.0,0.0,20.0,-160.0,43.863,5.0,0,1
41,160,10,0.60,6,0.0,20.0,-160.0,0.0,20.0,-160.0,0.000,5.0,1,1
41,160,10,0.60,7,0.0,20.0,-160.0,0.0,20.0,-160.0,0.000,5.0,1,1
41,160,10,0.60,8,2.0,14.0,-170.0,0.0,20.0,-160.0,11.832,5.0,0,1
42,160,20,0.05,1,0.0,14.0,-174.0,0.0,20.0,-160.0,15.232,10.0,0,0
42,160,20,0.05,2,18.0,0.0,-190.0,0.0,20.0,-160.0,40.299,10.0,0,0
42,160,20,0.05,3,-40.0,4.0,-184.0,0.0,20.0,-160.0,49.315,10.0,0,0
42,160,20,0.05,4,8.0,22.0,-170.0,0.0,20.0,-160.0,12.961,10.0,0,0
42,160,20,0.05,5,-38.0,0.0,-178.0,0.0,20.0,-160.0,46.562,10.0,0,0
42,160,20,0.05,6,0.0,24.0,-146.0,0.0,20.0,-160.0,14.560,10.0,0,0
42,160,20,0.05,7,10.0,16.0,-174.0,0.0,20.0,-160.0,17.664,10.0,0,0
42,160,20,0.05,8,-4.0,4.0,-172.0,0.0,20.0,-160.0,20.396,10.0,0,0
43,160,20,0.25,1,0.0,18.0,-162.0,0.0,20.0,-160.0,2.828,10.0,1,1
43,160,20,0.25,2,0.0,18.0,-166.0,0.0,20.0,-160.0,6.325,10.0,1,1
43,160,20,0.25,3,0.0,22.0,-160.0,0.0,20.0,-160.0,2.000,10.0,1,1
43,160,20,0.25,4,0.0,22.0,-162.0,0.0,20.0,-160.0,2.828,10.0,1,1
43,160,20,0.25,5,-44.0,8.0,-146.0,0.0,20.0,-160.0,47.707,10.0,0,1
43,160,20,0.25,6,0.0,20.0,-160.0,0.0,20.0,-160.0,0.000,10.0,1,1
43,160,20,0.25,7,2.0,20.0,-162.0,0.0,20.0,-160.0,2.828,10.0,1,1
43,160,20,0.25,8,0.0,18.0,-160.0,0.0,20.0,-160.0,2.000,10.0,1,1
44,160,20,0.60,1,0.0,20.0,-160.0,0.0,20.0,-160.0,0.000,10.0,1,1
44,160,20,0.60,2,0.0,20.0,-160.0,0.0,20.0,-160.0,0.000,10.0,1,1
44,160,20,0.60,3,0.0,20.0,-162.0,0.0,20.0,-160.0,2.000,10.0,1,1
44,160,20,0.60,4,0.0,20.0,-160.0,0.0,20.0,-160.0,0.000,10.0,1,1
44,160,20,0.60,5,0.0,20.0,-158.0,0.0,20.0,-160.0,2.000,10.0,1,1
44,160,20,0.60,6,0.0,20.0,-158.0,0.0,20.0,-160.0,2.000,10.0,1,1
44,160,20,0.60,7,0.0,20.0,-160.0,0.0,20.0,-160.0,0.000,10.0,1,1
44,160,20,0.60,8,0.0,20.0,-160.0,0.0,20.0,-160.0,0.000,10.0,1,1
45,160,40,0.05,1,2.0,22.0,-172.0,0.0,20.0,-160.0,12.329,20.0,1,0
45,160,40,0.05,2,6.0,6.0,-180.0,0.0,20.0,-160.0,25.140,20.0,0,0
45,160,40,0.05,3,4.0,20.0,-162.0,0.0,20.0,-160.0,4.472,20.0,1,0
45,160,40,0.05,4,4.0,22.0,-174.0,0.0,20.0,-160.0,14.697,20.0,1,0
45,160,40,0.05,5,-42.0,0.0,-124.0,0.0,20.0,-160.0,58.822,20.0,0,0
45,160,40,0.05,6,6.0,32.0,-130.0,0.0,20.0,-160.0,32.863,20.0,0,0
45,160,40,0.05,7,4.0,20.0,-164.0,0.0,20.0,-160.0,5.657,20.0,1,0
45,160,40,0.05,8,4.0,16.0,-170.0,0.0,20.0,-160.0,11.489,20.0,1,0
46,160,40,0.25,1,0.0,20.0,-164.0,0.0,20.0,-160.0,4.000,20.0,1,1
46,160,40,0.25,2,0.0,20.0,-162.0,0.0,20.0,-160.0,2.000,20.0,1,1
46,160,40,0.25,3,0.0,20.0,-162.0,0.0,20.0,-160.0,2.000,20.0,1,1
46,160,40,0.25,4,0.0,20.0,-162.0,0.0,20.0,-160.0,2.000,20.0,1,1
46,160,40,0.25,5,-2.0,20.0,-162.0,0.0,20.0,-160.0,2.828,20.0,1,1
46,160,40,0.25,6,0.0,20.0,-156.0,0.0,20.0,-160.0,4.000,20.0,1,1
46,160,40,0.25,7,2.0,20.0,-162.0,0.0,20.0,-160.0,2.828,20.0,1,1
46,160,40,0.25,8,2.0,20.0,-164.0,0.0,20.0,-160.0,4.472,20.0,1,1
47,160,40,0.60,1,0.0,20.0,-162.0,0.0,20.0,-160.0,2.000,20.0,1,1
47,160,40,0.60,2,0.0,20.0,-160.0,0.0,20.0,-160.0,0.000,20.0,1,1
47,160,40,0.60,3,0.0,20.0,-162.0,0.0,20.0,-160.0,2.000,20.0,1,1
47,160,40,0.60,4,0.0,20.0,-160.0,0.0,20.0,-160.0,0.000,20.0,1,1
47,160,40,0.60,5,0.0,20.0,-160.0,0.0,20.0,-160.0,0.000,20.0,1,1
47,160,40,0.60,6,0.0,20.0,-158.0,0.0,20.0,-160.0,2.000,20.0,1,1
47,160,40,0.60,7,0.0,20.0,-160.0,0.0,20.0,-160.0,0.000,20.0,1,1
47,160,40,0.60,8,0.0,20.0,-160.0,0.0,20.0,-160.0,0.000,20.0,1,1
