cell,d,L,drho,T_days,seed,q_under_K0,q_under_X
0,40,5,0.05,30,1,-0.0207815,-0.0241089
0,40,5,0.05,30,2,0.0620219,0.00375102
0,40,5,0.05,30,3,-0.0190289,-0.0813422
0,40,5,0.05,30,4,0.0802673,-0.0538854
0,40,5,0.05,30,5,0.0245675,0.0331945
0,40,5,0.05,30,6,0.0221618,0.0628341
0,40,5,0.05,30,7,-0.0366138,-0.0256404
0,40,5,0.05,30,8,0.0605823,0.0484043
0,40,5,0.05,45,1,-0.0822287,-0.0806637
0,40,5,0.05,45,2,0.036092,0.0480981
0,40,5,0.05,45,3,0.0365527,0.0652925
0,40,5,0.05,45,4,-0.00557564,-0.0941193
0,40,5,0.05,45,5,0.0450651,-0.0793179
0,40,5,0.05,45,6,0.050463,-0.0791776
0,40,5,0.05,45,7,0.0684596,-0.0916885
0,40,5,0.05,45,8,-0.061652,0.0248595
0,40,5,0.05,90,1,-0.122776,-0.0450742
0,40,5,0.05,90,2,-0.0852295,0.0202999
0,40,5,0.05,90,3,0.00898097,0.0098201
0,40,5,0.05,90,4,-0.0292584,-0.0297228
0,40,5,0.05,90,5,-0.111109,0.0181115
0,40,5,0.05,90,6,-0.0145336,-0.0426991
0,40,5,0.05,90,7,-0.037092,-0.0145482
0,40,5,0.05,90,8,-0.00962091,-0.04924
0,40,5,0.05,180,1,-0.19531,-0.0824665
0,40,5,0.05,180,2,0.0143996,-0.0647299
0,40,5,0.05,180,3,0.00951836,0.0161283
0,40,5,0.05,180,4,-0.0524136,0.124408
0,40,5,0.05,180,5,0.0519951,0.0261165
0,40,5,0.05,180,6,-0.0248503,-0.197374
0,40,5,0.05,180,7,0.209174,0.0475516
0,40,5,0.05,180,8,0.285303,0.00523493
0,40,5,0.05,365,1,0.0266072,-0.00142318
0,40,5,0.05,365,2,-0.342562,-0.269197
0,40,5,0.05,365,3,0.0325164,0.206147
0,40,5,0.05,365,4,0.371361,0.0227865
0,40,5,0.05,365,5,-0.237317,0.0384018
0,40,5,0.05,365,6,-0.305297,-0.124816
0,40,5,0.05,365,7,-0.134039,0.430271
0,40,5,0.05,365,8,0.0340295,0.0636495
1,40,5,0.25,30,1,-0.116056,0.103596
1,40,5,0.25,30,2,0.297721,-0.101565
1,40,5,0.25,30,3,-0.10729,-0.251108
1,40,5,0.25,30,4,0.388881,-0.0512603
1,40,5,0.25,30,5,0.110512,0.131278
1,40,5,0.25,30,6,0.0984857,0.111559
1,40,5,0.25,30,7,-0.195164,-0.144638
1,40,5,0.25,30,8,0.290448,-0.0331603
1,40,5,0.25,45,1,-0.429062,-0.291761
1,40,5,0.25,45,2,0.162151,-0.0470242
1,40,5,0.25,45,3,0.164351,0.248193
1,40,5,0.25,45,4,-0.0461634,0.0436755
1,40,5,0.25,45,5,0.206814,0.141289
1,40,5,0.25,45,6,0.233648,0.409458
1,40,5,0.25,45,7,0.323775,0.21131
1,40,5,0.25,45,8,-0.326351,0.0918334
1,40,5,0.25,90,1,-0.649958,-0.609856
1,40,5,0.25,90,2,-0.462026,0.0221469
1,40,5,0.25,90,3,0.00821948,-0.403159
1,40,5,0.25,90,4,-0.182879,0.212203
1,40,5,0.25,90,5,-0.591744,-0.445759
1,40,5,0.25,90,6,-0.109422,0.27401
1,40,5,0.25,90,7,-0.221657,-0.271482
1,40,5,0.25,90,8,-0.0846489,-0.359296
1,40,5,0.25,180,1,-1.04908,0.222268
1,40,5,0.25,180,2,-0.000561379,0.823175
1,40,5,0.25,180,3,-0.025388,-0.280209
1,40,5,0.25,180,4,-0.335009,-0.152721
1,40,5,0.25,180,5,0.186783,-0.120569
1,40,5,0.25,180,6,-0.197779,-1.77608
1,40,5,0.25,180,7,0.972181,0.0739835
1,40,5,0.25,180,8,1.35236,0.633318
1,40,5,0.25,365,1,-0.0156295,0.690791
1,40,5,0.25,365,2,-1.85883,0.516247
1,40,5,0.25,365,3,0.0145236,-0.430193
1,40,5,0.25,365,4,1.70706,0.918639
1,40,5,0.25,365,5,-1.33399,0.909801
1,40,5,0.25,365,6,-1.67466,-0.207732
1,40,5,0.25,365,7,-0.818099,0.879759
1,40,5,0.25,365,8,0.0218145,1.25548
2,40,5,0.60,30,1,-0.328997,-0.0402827
2,40,5,0.60,30,2,0.662765,0.107776
2,40,5,0.60,30,3,-0.308195,-0.164997
2,40,5,0.60,30,4,0.881378,0.0282841
2,40,5,0.60,30,5,0.213937,0.0459565
2,40,5,0.60,30,6,0.18496,-0.703804
2,40,5,0.60,30,7,-0.51852,-0.638877
2,40,5,0.60,30,8,0.645239,0.259486
2,40,5,0.60,45,1,-1.10455,-0.246648
2,40,5,0.60,45,2,0.312862,-0.483471
2,40,5,0.60,45,3,0.317596,0.33054
2,40,5,0.60,45,4,-0.18694,0.515657
2,40,5,0.60,45,5,0.419292,-0.254204
2,40,5,0.60,45,6,0.482804,-0.449159
2,40,5,0.60,45,7,0.699727,0.408668
2,40,5,0.60,45,8,-0.858437,-0.175107
2,40,5,0.60,90,1,-1.71025,-1.05705
2,40,5,0.60,90,2,-1.25852,-1.78423
2,40,5,0.60,90,3,-0.132674,1.21259
2,40,5,0.60,90,4,-0.5909,0.220363
2,40,5,0.60,90,5,-1.57095,1.61602
2,40,5,0.60,90,6,-0.415588,0.073162
2,40,5,0.60,90,7,-0.683388,0.176996
2,40,5,0.60,90,8,-0.355465,1.48737
2,40,5,0.60,180,1,-2.82013,-4.24873
2,40,5,0.60,180,2,-0.304239,-1.96214
2,40,5,0.60,180,3,-0.365829,0.0812888
2,40,5,0.60,180,4,-1.10861,1.33129
2,40,5,0.60,180,5,0.142977,1.02864
2,40,5,0.60,180,6,-0.780691,-3.49084
2,40,5,0.60,180,7,2.0252,0.594886
2,40,5,0.60,180,8,2.93625,0.360196
2,40,5,0.60,365,1,-0.656567,-2.00415
2,40,5,0.60,365,2,-5.06915,-0.480455
2,40,5,0.60,365,3,-0.58314,0.555112
2,40,5,0.60,365,4,3.4716,3.65524
2,40,5,0.60,365,5,-3.81624,0.866064
2,40,5,0.60,365,6,-4.63594,0.613243
2,40,5,0.60,365,7,-2.57916,1.60949
2,40,5,0.60,365,8,-0.565413,-0.649636
3,40,10,0.05,30,1,0.278033,-0.315378
3,40,10,0.05,30,2,0.0201697,-0.115492
3,40,10,0.05,30,3,-0.375457,0.0188931
3,40,10,0.05,30,4,0.297869,0.317409
3,40,10,0.05,30,5,0.171149,-0.0654725
3,40,10,0.05,30,6,0.0946003,-0.448303
3,40,10,0.05,30,7,-0.340188,0.0504681
3,40,10,0.05,30,8,0.144039,0.49236
3,40,10,0.05,45,1,-0.337443,-0.308834
3,40,10,0.05,45,2,-0.055501,-0.17032
3,40,10,0.05,45,3,0.239027,-0.0071617
3,40,10,0.05,45,4,0.0662677,-0.515769
3,40,10,0.05,45,5,0.248254,-0.341911
3,40,10,0.05,45,6,-0.219765,0.157834
3,40,10,0.05,45,7,0.281336,-0.079479
3,40,10,0.05,45,8,-0.369663,-0.238553
3,40,10,0.05,90,1,-0.478994,0.142987
3,40,10,0.05,90,2,-0.818713,-0.0482468
3,40,10,0.05,90,3,0.264788,-0.186724
3,40,10,0.05,90,4,0.0640588,0.609402
3,40,10,0.05,90,5,-0.235042,0.0234171
3,40,10,0.05,90,6,-0.0948234,0.052942
3,40,10,0.05,90,7,-0.0731535,-0.673639
3,40,10,0.05,90,8,0.10755,0.0122908
3,40,10,0.05,180,1,-0.662949,-1.12132
3,40,10,0.05,180,2,-0.0654069,-0.141089
3,40,10,0.05,180,3,-0.524326,0.57775
3,40,10,0.05,180,4,0.422019,-0.634104
3,40,10,0.05,180,5,-0.270024,0.0422161
3,40,10,0.05,180,6,-0.269388,0.386604
3,40,10,0.05,180,7,0.126409,0.260898
3,40,10,0.05,180,8,1.47278,0.390052
3,40,10,0.05,365,1,-2.02456,-0.87536
3,40,10,0.05,365,2,-1.57845,0.423124
3,40,10,0.05,365,3,-0.485546,-1.47893
3,40,10,0.05,365,4,1.95194,0.373338
3,40,10,0.05,365,5,-1.03641,0.237021
3,40,10,0.05,365,6,-1.7282,-0.510983
3,40,10,0.05,365,7,-0.752648,-0.0248186
3,40,10,0.05,365,8,0.88225,-0.109885
4,40,10,0.25,30,1,1.14039,-2.52452
4,40,10,0.25,30,2,-0.144474,-0.56601
4,40,10,0.25,30,3,-2.12085,-2.34825
4,40,10,0.25,30,4,1.24001,1.19269
4,40,10,0.25,30,5,0.607334,0.188326
4,40,10,0.25,30,6,0.224473,1.36937
4,40,10,0.25,30,7,-1.94518,1.16949
4,40,10,0.25,30,8,0.472363,2.03569
4,40,10,0.25,45,1,-2.05511,0.380533
4,40,10,0.25,45,2,-0.64552,0.0632186
4,40,10,0.25,45,3,0.822972,0.923991
4,40,10,0.25,45,4,-0.0406362,-1.43681
4,40,10,0.25,45,5,0.867325,1.29607
4,40,10,0.25,45,6,-1.46941,-1.66744
4,40,10,0.25,45,7,1.03342,1.17522
4,40,10,0.25,45,8,-2.21611,2.27673
4,40,10,0.25,90,1,-3.13311,-3.23593
4,40,10,0.25,90,2,-4.82326,0.486305
4,40,10,0.25,90,3,0.580942,1.66891
4,40,10,0.25,90,4,-0.422999,-1.91278
4,40,10,0.25,90,5,-1.91609,-0.395402
4,40,10,0.25,90,6,-1.21882,-1.11385
4,40,10,0.25,90,7,-1.10582,-1.42613
4,40,10,0.25,90,8,-0.204265,4.72357
4,40,10,0.25,180,1,-4.79332,-5.13319
4,40,10,0.25,180,2,-1.80001,-3.45883
4,40,10,0.25,180,3,-4.09808,2.57748
4,40,10,0.25,180,4,0.621837,6.74508
4,40,10,0.25,180,5,-2.83227,-0.932403
4,40,10,0.25,180,6,-2.83652,3.14226
4,40,10,0.25,180,7,-0.84946,2.26796
4,40,10,0.25,180,8,5.8705,7.04749
4,40,10,0.25,365,1,-13.1124,-6.11516
4,40,10,0.25,365,2,-10.8665,-1.57962
4,40,10,0.25,365,3,-5.42745,-0.0101371
4,40,10,0.25,365,4,6.73316,6.57994
4,40,10,0.25,365,5,-8.18527,-3.57535
4,40,10,0.25,365,6,-11.6508,0.77487
4,40,10,0.25,365,7,-6.76291,-8.3699
4,40,10,0.25,365,8,1.40033,7.46824
5,40,10,0.60,30,1,1.70464,3.44805
5,40,10,0.60,30,2,-1.36078,1.42646
5,40,10,0.60,30,3,-6.09678,2.31953
5,40,10,0.60,30,4,1.94544,-1.50051
5,40,10,0.60,30,5,0.430613,4.80378
5,40,10,0.60,30,6,-0.488641,2.63108
5,40,10,0.60,30,7,-5.67758,-2.87807
5,40,10,0.60,30,8,0.108713,2.15786
5,40,10,0.60,45,1,-6.4529,-1.27085
5,40,10,0.60,45,2,-3.06889,2.66229
5,40,10,0.60,45,3,0.43758,-3.55109
5,40,10,0.60,45,4,-1.63359,1.54706
5,40,10,0.60,45,5,0.537387,3.08005
5,40,10,0.60,45,6,-5.05728,-2.56524
5,40,10,0.60,45,7,0.938493,2.70089
5,40,10,0.60,45,8,-6.83825,4.03803
5,40,10,0.60,90,1,-10.5695,-3.5936
5,40,10,0.60,90,2,-14.5919,-3.90164
5,40,10,0.60,90,3,-1.6749,1.31857
5,40,10,0.60,90,4,-4.08708,12.786
5,40,10,0.60,90,5,-7.65957,8.99671
5,40,10,0.60,90,6,-6.00174,-0.614322
5,40,10,0.60,90,7,-5.71135,-5.39344
5,40,10,0.60,90,8,-3.55533,8.48843
5,40,10,0.60,180,1,-17.6148,4.18092
5,40,10,0.60,180,2,-10.4057,7.05739
5,40,10,0.60,180,3,-15.9357,-8.98078
5,40,10,0.60,180,4,-4.6571,22.7513
5,40,10,0.60,180,5,-12.9216,7.32114
5,40,10,0.60,180,6,-12.9612,3.38072
5,40,10,0.60,180,7,-8.16005,7.05398
5,40,10,0.60,180,8,7.91745,20.6027
5,40,10,0.60,365,1,-43.8239,4.95622
5,40,10,0.60,365,2,-38.37,-7.50691
5,40,10,0.60,365,3,-25.4198,11.2561
5,40,10,0.60,365,4,3.65662,16.2585
5,40,10,0.60,365,5,-32.0551,11.0601
5,40,10,0.60,365,6,-40.3973,-0.282252
5,40,10,0.60,365,7,-28.6226,25.4833
5,40,10,0.60,365,8,-9.07844,14.4641
6,40,20,0.05,30,1,-0.594704,-2.55146
6,40,20,0.05,30,2,-0.0952959,0.00641784
6,40,20,0.05,30,3,-1.24507,-0.905938
6,40,20,0.05,30,4,2.63892,-0.005697
6,40,20,0.05,30,5,-0.327727,-0.208723
6,40,20,0.05,30,6,-0.698997,0.174285
6,40,20,0.05,30,7,-0.446191,1.82919
6,40,20,0.05,30,8,-0.217205,1.33565
6,40,20,0.05,45,1,-1.48782,-2.06948
6,40,20,0.05,45,2,-1.82495,-0.190417
6,40,20,0.05,45,3,-0.051424,-0.14996
6,40,20,0.05,45,4,-1.85553,0.236951
6,40,20,0.05,45,5,0.54342,1.77441
6,40,20,0.05,45,6,-1.89794,-0.819857
6,40,20,0.05,45,7,1.49752,-2.36603
6,40,20,0.05,45,8,-1.25672,1.31239
6,40,20,0.05,90,1,-4.05619,-1.15785
6,40,20,0.05,90,2,-2.66129,-0.248309
6,40,20,0.05,90,3,-1.71132,-0.92492
6,40,20,0.05,90,4,2.573,1.91719
6,40,20,0.05,90,5,-2.02266,-1.03848
6,40,20,0.05,90,6,-0.636918,-0.221968
6,40,20,0.05,90,7,0.563008,4.0202
6,40,20,0.05,90,8,-1.09266,0.570745
6,40,20,0.05,180,1,-8.05859,-8.39045
6,40,20,0.05,180,2,-3.34344,0.909856
6,40,20,0.05,180,3,-3.87011,1.68985
6,40,20,0.05,180,4,4.21676,6.33922
6,40,20,0.05,180,5,-3.59168,-2.49345
6,40,20,0.05,180,6,-3.07194,-3.06549
6,40,20,0.05,180,7,0.202119,1.88084
6,40,20,0.05,180,8,4.22642,5.5625
6,40,20,0.05,365,1,-20.1836,-12.8194
6,40,20,0.05,365,2,-15.5946,-1.77335
6,40,20,0.05,365,3,-7.78731,-5.37305
6,40,20,0.05,365,4,3.86225,-1.26551
6,40,20,0.05,365,5,-10.5379,-1.24292
6,40,20,0.05,365,6,-1.92615,2.72422
6,40,20,0.05,365,7,-6.44093,3.29444
6,40,20,0.05,365,8,3.48802,6.23814
7,40,20,0.25,30,1,-7.06031,-6.86049
7,40,20,0.25,30,2,-4.5438,8.95889
7,40,20,0.25,30,3,-10.2978,3.16869
7,40,20,0.25,30,4,9.05809,2.30684
7,40,20,0.25,30,5,-5.73396,-0.738374
7,40,20,0.25,30,6,-7.60284,-3.28398
7,40,20,0.25,30,7,-6.31717,7.22227
7,40,20,0.25,30,8,-5.1679,5.25136
7,40,20,0.25,45,1,-13.5585,3.35985
7,40,20,0.25,45,2,-15.1961,-1.72292
7,40,20,0.25,45,3,-6.39689,-0.563335
7,40,20,0.25,45,4,-15.3966,9.19045
7,40,20,0.25,45,5,-3.44806,8.0682
7,40,20,0.25,45,6,-15.6375,4.66675
7,40,20,0.25,45,7,1.32759,-5.27944
7,40,20,0.25,45,8,-12.4039,12.7798
7,40,20,0.25,90,1,-32.5162,-18.9973
7,40,20,0.25,90,2,-25.4677,9.22254
7,40,20,0.25,90,3,-20.8082,27.5524
7,40,20,0.25,90,4,0.52271,21.7913
7,40,20,0.25,90,5,-22.3732,12.0743
7,40,20,0.25,90,6,-15.5238,9.58442
7,40,20,0.25,90,7,-9.4561,11.4479
7,40,20,0.25,90,8,-17.7201,2.0123
7,40,20,0.25,180,1,-64.7405,9.69282
7,40,20,0.25,180,2,-41.0663,36.3896
7,40,20,0.25,180,3,-43.8405,21.726
7,40,20,0.25,180,4,-3.56838,24.6132
7,40,20,0.25,180,5,-42.4851,14.115
7,40,20,0.25,180,6,-40.0159,30.2468
7,40,20,0.25,180,7,-23.5247,28.9466
7,40,20,0.25,180,8,-3.47046,39.662
7,40,20,0.25,365,1,-150.458,-11.6552
7,40,20,0.25,365,2,-127.227,-13.7508
7,40,20,0.25,365,3,-88.6041,33.2828
7,40,20,0.25,365,4,-30.5963,70.7831
7,40,20,0.25,365,5,-102.385,32.5638
7,40,20,0.25,365,6,-59.6641,57.6488
7,40,20,0.25,365,7,-81.8627,57.0514
7,40,20,0.25,365,8,-32.3614,83.8648
8,40,20,0.60,30,1,-33.5757,-3.861
8,40,20,0.60,30,2,-27.455,11.4893
8,40,20,0.60,30,3,-41.2866,35.8158
8,40,20,0.60,30,4,4.90565,29.6328
8,40,20,0.60,30,5,-30.4269,17.4636
8,40,20,0.60,30,6,-34.9643,29.7668
8,40,20,0.60,30,7,-31.7894,19.9605
8,40,20,0.60,30,8,-29.0145,25.4284
8,40,20,0.60,45,1,-57.4411,45.632
8,40,20,0.60,45,2,-61.176,29.1601
8,40,20,0.60,45,3,-40.3382,44.223
8,40,20,0.60,45,4,-61.8521,42.8608
8,40,20,0.60,45,5,-33.364,35.3597
8,40,20,0.60,45,6,-62.5463,23.0528
8,40,20,0.60,45,7,-21.8823,66.7451
8,40,20,0.60,45,8,-54.6745,52.6549
8,40,20,0.60,90,1,-127.826,27.3789
8,40,20,0.60,90,2,-110.609,48.4808
8,40,20,0.60,90,3,-99.798,56.4393
8,40,20,0.60,90,4,-48.9702,100.548
8,40,20,0.60,90,5,-103.585,64.727
8,40,20,0.60,90,6,-87.4688,45.3397
8,40,20,0.60,90,7,-72.6326,90.9976
8,40,20,0.60,90,8,-92.4065,87.6251
8,40,20,0.60,180,1,-254.859,26.9049
8,40,20,0.60,180,2,-197.64,146.574
8,40,20,0.60,180,3,-204.875,137.134
8,40,20,0.60,180,4,-108.888,198.054
8,40,20,0.60,180,5,-201.77,89.0129
8,40,20,0.60,180,6,-196.372,145.414
8,40,20,0.60,180,7,-156.304,145.415
8,40,20,0.60,180,8,-108.449,220.092
8,40,20,0.60,365,1,-562.689,198.307
8,40,20,0.60,365,2,-505.771,313.623
8,40,20,0.60,365,3,-414.758,315.227
8,40,20,0.60,365,4,-276.528,383.313
8,40,20,0.60,365,5,-447.948,311.761
8,40,20,0.60,365,6,-346.801,267.499
8,40,20,0.60,365,7,-398.541,373.188
8,40,20,0.60,365,8,-280.33,410.921
9,40,40,0.05,30,1,-5.34491,-7.67789
9,40,40,0.05,30,2,-0.301891,-7.37993
9,40,40,0.05,30,3,-10.224,0.414126
9,40,40,0.05,30,4,8.8448,-6.15906
9,40,40,0.05,30,5,-6.93082,5.76632
9,40,40,0.05,30,6,-1.75932,2.79959
9,40,40,0.05,30,7,-2.22517,0.946575
9,40,40,0.05,30,8,-2.99063,8.3025
9,40,40,0.05,45,1,-10.306,-9.39945
9,40,40,0.05,45,2,-13.8025,4.14943
9,40,40,0.05,45,3,-1.92654,-5.71789
9,40,40,0.05,45,4,-11.5737,6.97373
9,40,40,0.05,45,5,-10.9038,1.25586
9,40,40,0.05,45,6,-14.3092,0.674816
9,40,40,0.05,45,7,9.00609,5.3576
9,40,40,0.05,45,8,-4.37382,10.6385
9,40,40,0.05,90,1,-26.2637,-18.6823
9,40,40,0.05,90,2,-16.2757,1.28448
9,40,40,0.05,90,3,-13.546,7.87884
9,40,40,0.05,90,4,0.13906,8.87921
9,40,40,0.05,90,5,-20.6717,1.00523
9,40,40,0.05,90,6,-12.9785,-0.271599
9,40,40,0.05,90,7,-9.85298,1.55979
9,40,40,0.05,90,8,10.8966,27.3423
9,40,40,0.05,180,1,-59.5076,-43.2243
9,40,40,0.05,180,2,-28.3022,-4.64741
9,40,40,0.05,180,3,-28.2276,9.91219
9,40,40,0.05,180,4,-15.6292,29.84
9,40,40,0.05,180,5,-37.9499,5.44764
9,40,40,0.05,180,6,-34.4609,-4.34064
9,40,40,0.05,180,7,-22.7663,14.6911
9,40,40,0.05,180,8,-7.04439,41.7808
9,40,40,0.05,365,1,-150.251,-61.7793
9,40,40,0.05,365,2,-90.2576,-3.79769
9,40,40,0.05,365,3,-82.9413,3.98496
9,40,40,0.05,365,4,-57.3647,19.4979
9,40,40,0.05,365,5,-70.5859,-7.90448
9,40,40,0.05,365,6,-44.1741,9.31827
9,40,40,0.05,365,7,-59.5784,47.5635
9,40,40,0.05,365,8,2.35909,80.7484
10,40,40,0.25,30,1,-89.1816,43.6669
10,40,40,0.25,30,2,-63.7151,67.6564
10,40,40,0.25,30,3,-113.417,82.8278
10,40,40,0.25,30,4,-18.6622,72.3037
10,40,40,0.25,30,5,-97.1985,73.3566
10,40,40,0.25,30,6,-71.676,61.7925
10,40,40,0.25,30,7,-73.6504,82.9875
10,40,40,0.25,30,8,-77.3437,75.1172
10,40,40,0.25,45,1,-145.168,72.5117
10,40,40,0.25,45,2,-161.856,99.6523
10,40,40,0.25,45,3,-103.473,130.175
10,40,40,0.25,45,4,-151.513,122.882
10,40,40,0.25,45,5,-148.386,76.7802
10,40,40,0.25,45,6,-165.56,85.776
10,40,40,0.25,45,7,-49.1075,124.798
10,40,40,0.25,45,8,-115.65,168.345
10,40,40,0.25,90,1,-318.621,124.501
10,40,40,0.25,90,2,-267.511,147.971
10,40,40,0.25,90,3,-255.116,211.53
10,40,40,0.25,90,4,-187.501,236.725
10,40,40,0.25,90,5,-290.698,233.616
10,40,40,0.25,90,6,-253.321,205.469
10,40,40,0.25,90,7,-236.504,149.286
10,40,40,0.25,90,8,-133.557,283.238
10,40,40,0.25,180,1,-671.664,276.842
10,40,40,0.25,180,2,-513.851,308.083
10,40,40,0.25,180,3,-515.893,399.469
10,40,40,0.25,180,4,-453.792,461.091
10,40,40,0.25,180,5,-564.541,391.484
10,40,40,0.25,180,6,-549.076,503.027
10,40,40,0.25,180,7,-488.341,557.738
10,40,40,0.25,180,8,-410.306,542.154
10,40,40,0.25,365,1,-1509.19,519.939
10,40,40,0.25,365,2,-1205.49,562.421
10,40,40,0.25,365,3,-1173.81,774.25
10,40,40,0.25,365,4,-1047.71,924.023
10,40,40,0.25,365,5,-1113.4,749.633
10,40,40,0.25,365,6,-985.328,911.374
10,40,40,0.25,365,7,-1057.12,968.178
10,40,40,0.25,365,8,-749.099,1176.42
11,40,40,0.60,30,1,-460.908,280.952
11,40,40,0.60,30,2,-398.812,363.555
11,40,40,0.60,30,3,-518.427,382.334
11,40,40,0.60,30,4,-293.408,406.882
11,40,40,0.60,30,5,-480.491,330.56
11,40,40,0.60,30,6,-420.579,448.607
11,40,40,0.60,30,7,-423.911,423.856
11,40,40,0.60,30,8,-432.244,480.989
11,40,40,0.60,45,1,-718.511,492.394
11,40,40,0.60,45,2,-755.408,555.842
11,40,40,0.60,45,3,-619.283,625.333
11,40,40,0.60,45,4,-733.764,721.794
11,40,40,0.60,45,5,-727.143,572.318
11,40,40,0.60,45,6,-768.936,604.364
11,40,40,0.60,45,7,-490.018,586.248
11,40,40,0.60,45,8,-648.265,765.756
11,40,40,0.60,90,1,-1505,1061.11
11,40,40,0.60,90,2,-1377.74,1189.97
11,40,40,0.60,90,3,-1352.97,1091.88
11,40,40,0.60,90,4,-1193.94,1304.92
11,40,40,0.60,90,5,-1438.16,1123.2
11,40,40,0.60,90,6,-1352.78,1006.75
11,40,40,0.60,90,7,-1307.73,1246.28
11,40,40,0.60,90,8,-1063.9,1334.89
11,40,40,0.60,180,1,-3090.7,2076.96
11,40,40,0.60,180,2,-2704.98,2152.06
11,40,40,0.60,180,3,-2719.45,2348.7
11,40,40,0.60,180,4,-2573.97,2668.46
11,40,40,0.60,180,5,-2836.31,2333.96
11,40,40,0.60,180,6,-2807.04,2297.42
11,40,40,0.60,180,7,-2652.37,2508.15
11,40,40,0.60,180,8,-2467.4,2707.53
11,40,40,0.60,365,1,-6617.64,4121.96
11,40,40,0.60,365,2,-5874.18,4893.4
11,40,40,0.60,365,3,-5817.6,4747.88
11,40,40,0.60,365,4,-5522.05,5155.13
11,40,40,0.60,365,5,-5678.06,5028.35
11,40,40,0.60,365,6,-5386.55,4984.78
11,40,40,0.60,365,7,-5538.1,5019.63
11,40,40,0.60,365,8,-4805.63,5502.81
12,80,5,0.05,30,1,0.0523993,0.000415693
12,80,5,0.05,30,2,-0.0189812,-0.0353549
12,80,5,0.05,30,3,0.127814,-0.0159163
12,80,5,0.05,30,4,0.0528768,0.0829981
12,80,5,0.05,30,5,0.0335282,0.0104242
12,80,5,0.05,30,6,-0.0298564,0.0200034
12,80,5,0.05,30,7,-0.00882168,0.0950849
12,80,5,0.05,30,8,0.0569705,0.0690691
12,80,5,0.05,45,1,0.020557,-0.0916668
12,80,5,0.05,45,2,-0.154316,0.0707535
12,80,5,0.05,45,3,0.0211546,-0.0550626
12,80,5,0.05,45,4,-0.0588693,-0.0542162
12,80,5,0.05,45,5,-0.0603595,0.145628
12,80,5,0.05,45,6,-0.256205,0.052349
12,80,5,0.05,45,7,0.0508404,-0.055282
12,80,5,0.05,45,8,0.0303458,0.0810679
12,80,5,0.05,90,1,0.117532,0.0456955
12,80,5,0.05,90,2,-0.000355743,-0.0167819
12,80,5,0.05,90,3,-0.113054,-0.128151
12,80,5,0.05,90,4,0.0728474,-0.0322977
12,80,5,0.05,90,5,0.0459409,-0.0444951
12,80,5,0.05,90,6,-0.0098049,0.0953941
12,80,5,0.05,90,7,-0.0419424,-0.0273031
12,80,5,0.05,90,8,0.108117,0.018417
12,80,5,0.05,180,1,-0.308274,0.255669
12,80,5,0.05,180,2,0.141518,0.0162552
12,80,5,0.05,180,3,0.00115523,-0.246011
12,80,5,0.05,180,4,0.30602,0.273362
12,80,5,0.05,180,5,-0.149486,-0.338294
12,80,5,0.05,180,6,0.107408,0.0422613
12,80,5,0.05,180,7,0.168466,0.0414151
12,80,5,0.05,180,8,-0.024535,0.384163
12,80,5,0.05,365,1,0.177297,-0.395716
12,80,5,0.05,365,2,-0.307349,0.107713
12,80,5,0.05,365,3,-0.208904,-0.537824
12,80,5,0.05,365,4,-0.266926,0.0565435
12,80,5,0.05,365,5,-0.072756,-0.174197
12,80,5,0.05,365,6,0.0850149,-0.0694792
12,80,5,0.05,365,7,0.344783,-0.0761689
12,80,5,0.05,365,8,0.143959,0.310535
13,80,5,0.25,30,1,0.240568,0.0283419
13,80,5,0.25,30,2,-0.115905,0.429018
13,80,5,0.25,30,3,0.617459,0.00957105
13,80,5,0.25,30,4,0.24305,0.170264
13,80,5,0.25,30,5,0.146315,-0.349518
13,80,5,0.25,30,6,-0.170479,0.392632
13,80,5,0.25,30,7,-0.0651617,0.0885015
13,80,5,0.25,30,8,0.263538,0.0184755
13,80,5,0.25,45,1,0.07104,0.173705
13,80,5,0.25,45,2,-0.802439,0.443567
13,80,5,0.25,45,3,0.0740211,-0.704445
13,80,5,0.25,45,4,-0.325834,-0.342463
13,80,5,0.25,45,5,-0.333245,0.699907
13,80,5,0.25,45,6,-1.31194,-0.426722
13,80,5,0.25,45,7,0.222367,-0.578989
13,80,5,0.25,45,8,0.119935,-0.138363
13,80,5,0.25,90,1,0.523656,-0.487381
13,80,5,0.25,90,2,-0.0648297,0.377592
13,80,5,0.25,90,3,-0.628227,-0.741385
13,80,5,0.25,90,4,0.300408,-0.3398
13,80,5,0.25,90,5,0.165993,0.858041
13,80,5,0.25,90,6,-0.112958,0.132567
13,80,5,0.25,90,7,-0.272944,-0.25934
13,80,5,0.25,90,8,0.476688,0.671307
13,80,5,0.25,180,1,-1.66713,0.63234
13,80,5,0.25,180,2,0.581087,0.575814
13,80,5,0.25,180,3,-0.121082,-0.188647
13,80,5,0.25,180,4,1.40192,-0.682801
13,80,5,0.25,180,5,-0.873824,1.02501
13,80,5,0.25,180,6,0.40883,-0.548095
13,80,5,0.25,180,7,0.715095,0.281255
13,80,5,0.25,180,8,-0.249344,2.0068
13,80,5,0.25,365,1,0.628203,-1.89098
13,80,5,0.25,365,2,-1.79115,-0.0535247
13,80,5,0.25,365,3,-1.3009,0.873497
13,80,5,0.25,365,4,-1.59122,0.0806168
13,80,5,0.25,365,5,-0.621237,-1.61403
13,80,5,0.25,365,6,0.165942,0.254404
13,80,5,0.25,365,7,1.4654,0.0270973
13,80,5,0.25,365,8,0.462396,-0.0740678
14,80,5,0.60,30,1,0.487936,-0.07088
14,80,5,0.60,30,2,-0.365589,-0.25476
14,80,5,0.60,30,3,1.39158,0.97096
14,80,5,0.60,30,4,0.494277,1.61601
14,80,5,0.60,30,5,0.262322,0.285665
14,80,5,0.60,30,6,-0.49758,1.62502
14,80,5,0.60,30,7,-0.244294,1.03666
14,80,5,0.60,30,8,0.543579,-0.00800982
14,80,5,0.60,45,1,0.037991,-1.97647
14,80,5,0.60,45,2,-2.05466,-0.105316
14,80,5,0.60,45,3,0.0449994,-0.0192012
14,80,5,0.60,45,4,-0.913579,0.946717
14,80,5,0.60,45,5,-0.931149,-0.0533159
14,80,5,0.60,45,6,-3.27755,0.142416
14,80,5,0.60,45,7,0.400874,0.541297
14,80,5,0.60,45,8,0.155211,-0.0121789
14,80,5,0.60,90,1,0.990438,-1.00906
14,80,5,0.60,90,2,-0.418526,-3.27649
14,80,5,0.60,90,3,-1.77033,0.740683
14,80,5,0.60,90,4,0.455166,1.15361
14,80,5,0.60,90,5,0.133006,-0.511012
14,80,5,0.60,90,6,-0.536856,0.898194
14,80,5,0.60,90,7,-0.918409,0.520867
14,80,5,0.60,90,8,0.877907,2.43618
14,80,5,0.60,180,1,-4.5256,-1.72154
14,80,5,0.60,180,2,0.866804,2.46414
14,80,5,0.60,180,3,-0.819503,-6.58519
14,80,5,0.60,180,4,2.83055,-0.147174
14,80,5,0.60,180,5,-2.62392,-0.580398
14,80,5,0.60,180,6,0.447186,2.41159
14,80,5,0.60,180,7,1.18516,3.38312
14,80,5,0.60,180,8,-1.12643,1.35173
14,80,5,0.60,365,1,0.430884,-2.39495
14,80,5,0.60,365,2,-5.35929,-0.874985
14,80,5,0.60,365,3,-4.19134,-0.259875
14,80,5,0.60,365,4,-4.8882,3.9965
14,80,5,0.60,365,5,-2.56451,-5.99283
14,80,5,0.60,365,6,-0.681847,4.80587
14,80,5,0.60,365,7,2.44024,-2.10333
14,80,5,0.60,365,8,0.0358283,7.18543
15,80,10,0.05,30,1,0.218696,-0.394497
15,80,10,0.05,30,2,-0.355453,-0.0837769
15,80,10,0.05,30,3,0.272192,0.244923
15,80,10,0.05,30,4,0.0515253,0.233673
15,80,10,0.05,30,5,-0.0677259,0.370743
15,80,10,0.05,30,6,-0.644545,0.0145367
15,80,10,0.05,30,7,0.206334,0.0607696
15,80,10,0.05,30,8,-0.0839644,0.175598
15,80,10,0.05,45,1,0.0615459,0.194489
15,80,10,0.05,45,2,-0.416613,-0.763435
15,80,10,0.05,45,3,-0.596823,-0.130326
15,80,10,0.05,45,4,-0.249876,0.0931407
15,80,10,0.05,45,5,-0.265638,-0.317071
15,80,10,0.05,45,6,-0.447548,0.615359
15,80,10,0.05,45,7,0.306648,0.0867855
15,80,10,0.05,45,8,0.0655294,0.690255
15,80,10,0.05,90,1,0.109746,-0.548986
15,80,10,0.05,90,2,-0.168877,-0.511617
15,80,10,0.05,90,3,-0.237617,-0.998288
15,80,10,0.05,90,4,1.15763,0.464492
15,80,10,0.05,90,5,-0.181016,0.133493
15,80,10,0.05,90,6,0.00401262,-1.33356
15,80,10,0.05,90,7,-1.16122,-0.245661
15,80,10,0.05,90,8,0.518172,-0.409038
15,80,10,0.05,180,1,-0.333215,-2.08617
15,80,10,0.05,180,2,0.286209,0.102214
15,80,10,0.05,180,3,-1.1838,-1.3384
15,80,10,0.05,180,4,1.91672,0.0725018
15,80,10,0.05,180,5,-1.55835,-0.553054
15,80,10,0.05,180,6,0.328066,-0.233652
15,80,10,0.05,180,7,0.857794,0.62202
15,80,10,0.05,180,8,1.02059,0.9307
15,80,10,0.05,365,1,-1.76016,-0.352981
15,80,10,0.05,365,2,-2.01574,-0.151937
15,80,10,0.05,365,3,-1.56,-2.67836
15,80,10,0.05,365,4,-0.735946,1.25867
15,80,10,0.05,365,5,-1.81789,-0.422122
15,80,10,0.05,365,6,-0.21442,0.196807
15,80,10,0.05,365,7,1.05123,1.39633
15,80,10,0.05,365,8,0.761391,1.13254
16,80,10,0.25,30,1,0.676774,-0.622621
16,80,10,0.25,30,2,-2.18677,-1.2877
16,80,10,0.25,30,3,0.94417,-1.01171
16,80,10,0.25,30,4,-0.157698,1.92115
16,80,10,0.25,30,5,-0.753896,3.81285
16,80,10,0.25,30,6,-3.63493,3.41183
16,80,10,0.25,30,7,0.615263,1.82661
16,80,10,0.25,30,8,-0.833154,1.96177
16,80,10,0.25,45,1,-0.315022,-0.0240556
16,80,10,0.25,45,2,-2.69755,-0.545507
16,80,10,0.25,45,3,-3.60154,0.272464
16,80,10,0.25,45,4,-1.87002,0.0788797
16,80,10,0.25,45,5,-1.95056,2.24048
16,80,10,0.25,45,6,-2.86028,-2.49195
16,80,10,0.25,45,7,0.908876,0.683804
16,80,10,0.25,45,8,-0.295317,1.6491
16,80,10,0.25,90,1,-0.698703,1.43175
16,80,10,0.25,90,2,-2.07923,3.78789
16,80,10,0.25,90,3,-2.43042,-0.378422
16,80,10,0.25,90,4,4.53289,2.22477
16,80,10,0.25,90,5,-2.14883,-1.96258
16,80,10,0.25,90,6,-1.23135,1.76332
16,80,10,0.25,90,7,-7.0393,-1.77464
16,80,10,0.25,90,8,1.3429,5.01282
16,80,10,0.25,180,1,-4.15375,-2.41666
16,80,10,0.25,180,2,-1.04237,-3.4216
16,80,10,0.25,180,3,-8.39787,5.41926
16,80,10,0.25,180,4,7.07613,8.84276
16,80,10,0.25,180,5,-10.2702,-3.33553
16,80,10,0.25,180,6,-0.865328,0.0888578
16,80,10,0.25,180,7,1.79643,-0.395584
16,80,10,0.25,180,8,2.60804,5.89057
16,80,10,0.25,365,1,-13.839,-12.296
16,80,10,0.25,365,2,-15.0762,2.68637
16,80,10,0.25,365,3,-12.8326,-1.68901
16,80,10,0.25,365,4,-8.72801,11.2526
16,80,10,0.25,365,5,-14.1278,-3.63135
16,80,10,0.25,365,6,-6.14516,-1.53893
16,80,10,0.25,365,7,0.206016,16.7328
16,80,10,0.25,365,8,-1.2405,9.40809
17,80,10,0.60,30,1,-0.0979881,-0.436697
17,80,10,0.60,30,2,-6.94077,-0.90892
17,80,10,0.60,30,3,0.543671,-1.53878
17,80,10,0.60,30,4,-2.09577,2.79252
17,80,10,0.60,30,5,-3.52619,4.17558
17,80,10,0.60,30,6,-10.4278,-1.53978
17,80,10,0.60,30,7,-0.2445,6.429
17,80,10,0.60,30,8,-3.7097,2.94753
17,80,10,0.60,45,1,-3.33041,-3.74836
17,80,10,0.60,45,2,-9.01347,-1.37033
17,80,10,0.60,45,3,-11.1962,4.45088
17,80,10,0.60,45,4,-7.05419,0.620474
17,80,10,0.60,45,5,-7.2534,2.0148
17,80,10,0.60,45,6,-9.43779,2.04185
17,80,10,0.60,45,7,-0.399523,4.46873
17,80,10,0.60,45,8,-3.28349,14.768
17,80,10,0.60,90,1,-6.83263,7.86944
17,80,10,0.60,90,2,-10.0948,2.07405
17,80,10,0.60,90,3,-10.9691,5.2965
17,80,10,0.60,90,4,5.68956,11.9554
17,80,10,0.60,90,5,-10.2982,10.7814
17,80,10,0.60,90,6,-8.12728,9.55234
17,80,10,0.60,90,7,-21.9922,4.697
17,80,10,0.60,90,8,-1.93634,11.192
17,80,10,0.60,180,1,-20.2535,8.10491
17,80,10,0.60,180,2,-12.7282,13.0333
17,80,10,0.60,180,3,-30.4016,8.85118
17,80,10,0.60,180,4,6.61893,19.6052
17,80,10,0.60,180,5,-34.8956,15.9596
17,80,10,0.60,180,6,-12.434,11.8843
17,80,10,0.60,180,7,-5.99121,18.1492
17,80,10,0.60,180,8,-4.05526,13.8689
17,80,10,0.60,365,1,-54.0368,5.1847
17,80,10,0.60,365,2,-56.8461,34.4363
17,80,10,0.60,365,3,-51.6013,14.2594
17,80,10,0.60,365,4,-41.8168,40.7444
17,80,10,0.60,365,5,-54.7363,30.4773
17,80,10,0.60,365,6,-35.716,30.1046
17,80,10,0.60,365,7,-20.3807,34.5905
17,80,10,0.60,365,8,-23.8437,49.9267
18,80,20,0.05,30,1,0.789564,0.416716
18,80,20,0.05,30,2,1.70002,-0.735153
18,80,20,0.05,30,3,-2.07465,-1.40687
18,80,20,0.05,30,4,1.5819,0.556211
18,80,20,0.05,30,5,-1.37302,0.0877195
18,80,20,0.05,30,6,-0.743296,0.296197
18,80,20,0.05,30,7,-1.66605,1.02117
18,80,20,0.05,30,8,0.0835386,1.17094
18,80,20,0.05,45,1,-1.51656,-0.912678
18,80,20,0.05,45,2,-3.88635,-0.100768
18,80,20,0.05,45,3,-2.2382,-1.49972
18,80,20,0.05,45,4,-1.91684,1.20516
18,80,20,0.05,45,5,-2.31979,-0.907109
18,80,20,0.05,45,6,-3.72526,-0.476205
18,80,20,0.05,45,7,2.69014,1.58022
18,80,20,0.05,45,8,-2.50869,1.55855
18,80,20,0.05,90,1,-3.95957,-1.38464
18,80,20,0.05,90,2,-2.43579,2.29207
18,80,20,0.05,90,3,-4.37969,-3.68543
18,80,20,0.05,90,4,3.88741,1.12823
18,80,20,0.05,90,5,-1.64629,2.39583
18,80,20,0.05,90,6,-0.110084,2.02102
18,80,20,0.05,90,7,-3.50811,-1.29716
18,80,20,0.05,90,8,4.21915,4.2954
18,80,20,0.05,180,1,-9.18046,-7.63639
18,80,20,0.05,180,2,-0.487529,-1.86344
18,80,20,0.05,180,3,-6.87593,-5.21075
18,80,20,0.05,180,4,4.05261,1.52355
18,80,20,0.05,180,5,-8.90601,1.20678
18,80,20,0.05,180,6,0.802131,1.17518
18,80,20,0.05,180,7,-2.59704,-0.115788
18,80,20,0.05,180,8,3.69136,10.6602
18,80,20,0.05,365,1,-28.9946,-12.8977
18,80,20,0.05,365,2,-16.1994,7.02424
18,80,20,0.05,365,3,-21.9615,-2.27344
18,80,20,0.05,365,4,-2.19062,8.21766
18,80,20,0.05,365,5,-12.6635,-7.23679
18,80,20,0.05,365,6,-2.56981,4.24826
18,80,20,0.05,365,7,-7.76649,8.61933
18,80,20,0.05,365,8,10.8657,16.0249
19,80,20,0.25,30,1,-2.74223,5.39176
19,80,20,0.25,30,2,1.84425,-1.77161
19,80,20,0.25,30,3,-17.0185,2.83497
19,80,20,0.25,30,4,1.20948,17.306
19,80,20,0.25,30,5,-13.5362,12.254
19,80,20,0.25,30,6,-10.4172,16.7134
19,80,20,0.25,30,7,-14.9777,10.4279
19,80,20,0.25,30,8,-6.24724,2.93974
19,80,20,0.25,45,1,-17.5783,-3.32428
19,80,20,0.25,45,2,-29.3193,4.30258
19,80,20,0.25,45,3,-21.1675,-4.43308
19,80,20,0.25,45,4,-19.5796,7.54544
19,80,20,0.25,45,5,-21.6085,10.7325
19,80,20,0.25,45,6,-28.6392,13.576
19,80,20,0.25,45,7,3.40139,16.4078
19,80,20,0.25,45,8,-22.5197,22.3568
19,80,20,0.25,90,1,-39.7969,12.3628
19,80,20,0.25,90,2,-32.0472,2.53907
19,80,20,0.25,90,3,-41.8614,6.80361
19,80,20,0.25,90,4,-0.688548,47.1324
19,80,20,0.25,90,5,-28.2516,9.70811
19,80,20,0.25,90,6,-20.6809,24.0305
19,80,20,0.25,90,7,-37.4835,16.4415
19,80,20,0.25,90,8,1.023,31.0872
19,80,20,0.25,180,1,-85.8562,4.8782
19,80,20,0.25,180,2,-42.2145,50.4578
19,80,20,0.25,180,3,-74.3289,40.2462
19,80,20,0.25,180,4,-19.9101,58.6152
19,80,20,0.25,180,5,-84.4754,7.2974
19,80,20,0.25,180,6,-36.2921,48.4348
19,80,20,0.25,180,7,-52.9613,44.3661
19,80,20,0.25,180,8,-21.6116,103.013
19,80,20,0.25,365,1,-225.843,-5.45965
19,80,20,0.25,365,2,-161.463,97.2987
19,80,20,0.25,365,3,-190.69,7.0383
19,80,20,0.25,365,4,-92.241,116.574
19,80,20,0.25,365,5,-144.443,78.3592
19,80,20,0.25,365,6,-94.4817,108.486
19,80,20,0.25,365,7,-119.87,122.296
19,80,20,0.25,365,8,-26.9544,197.835
20,80,20,0.60,30,1,-33.8267,28.185
20,80,20,0.60,30,2,-22.6797,44.4584
20,80,20,0.60,30,3,-67.9061,33.1741
20,80,20,0.60,30,4,-24.3822,28.9121
20,80,20,0.60,30,5,-59.6529,8.14138
20,80,20,0.60,30,6,-52.289,52.5224
20,80,20,0.60,30,7,-63.0167,39.5377
20,80,20,0.60,30,8,-42.1353,54.1728
20,80,20,0.60,45,1,-82.8936,51.0961
20,80,20,0.60,45,2,-110.628,61.085
20,80,20,0.60,45,3,-91.4294,43.4401
20,80,20,0.60,45,4,-87.6932,74.3935
20,80,20,0.60,45,5,-92.6203,62.1429
20,80,20,0.60,45,6,-109.508,75.9212
20,80,20,0.60,45,7,-32.7627,65.7407
20,80,20,0.60,45,8,-94.6721,96.2424
20,80,20,0.60,90,1,-176.955,118.466
20,80,20,0.60,90,2,-157.822,102.781
20,80,20,0.60,90,3,-181.76,87.1158
20,80,20,0.60,90,4,-83.6141,163.879
20,80,20,0.60,90,5,-149.333,94.269
20,80,20,0.60,90,6,-131.615,88.3107
20,80,20,0.60,90,7,-171.174,103.675
20,80,20,0.60,90,8,-79.2928,165.538
20,80,20,0.60,180,1,-368.757,143.469
20,80,20,0.60,180,2,-263.3,250.936
20,80,20,0.60,180,3,-341.075,141.074
20,80,20,0.60,180,4,-211.388,321.633
20,80,20,0.60,180,5,-365.405,210.067
20,80,20,0.60,180,6,-251.232,252.202
20,80,20,0.60,180,7,-289.902,262.851
20,80,20,0.60,180,8,-215.048,300.201
20,80,20,0.60,365,1,-871.339,387.37
20,80,20,0.60,365,2,-715.189,472.868
20,80,20,0.60,365,3,-787.032,409.037
20,80,20,0.60,365,4,-552.414,549.471
20,80,20,0.60,365,5,-677.031,443.513
20,80,20,0.60,365,6,-559.195,606.651
20,80,20,0.60,365,7,-617.701,580.271
20,80,20,0.60,365,8,-395.718,681.812
21,80,40,0.05,30,1,-8.66528,-3.93727
21,80,40,0.05,30,2,-1.33318,0.560483
21,80,40,0.05,30,3,-14.9734,2.75121
21,80,40,0.05,30,4,3.49336,8.73692
21,80,40,0.05,30,5,-10.6722,-5.17123
21,80,40,0.05,30,6,2.37623,0.303011
21,80,40,0.05,30,7,-0.317914,4.77367
21,80,40,0.05,30,8,-5.03607,7.35721
21,80,40,0.05,45,1,-11.8721,-4.41292
21,80,40,0.05,45,2,-18.5282,3.93265
21,80,40,0.05,45,3,-9.9336,0.566595
21,80,40,0.05,45,4,-14.8038,10.44
21,80,40,0.05,45,5,-15.6367,-0.62907
21,80,40,0.05,45,6,-12.336,-2.98311
21,80,40,0.05,45,7,6.29141,2.73312
21,80,40,0.05,45,8,-6.19405,12.1539
21,80,40,0.05,90,1,-36.9107,4.32479
21,80,40,0.05,90,2,-21.3043,7.68363
21,80,40,0.05,90,3,-33.8895,-17.0655
21,80,40,0.05,90,4,-2.60829,44.2238
21,80,40,0.05,90,5,-33.3346,8.11194
21,80,40,0.05,90,6,-15.5868,22.5213
21,80,40,0.05,90,7,-21.226,27.3659
21,80,40,0.05,90,8,10.7453,40.1183
21,80,40,0.05,180,1,-69.8022,-15.8103
21,80,40,0.05,180,2,-42.5996,-15.979
21,80,40,0.05,180,3,-62.3524,6.14969
21,80,40,0.05,180,4,-17.6486,45.0738
21,80,40,0.05,180,5,-54.9704,-7.38647
21,80,40,0.05,180,6,-36.0846,34.5701
21,80,40,0.05,180,7,-28.4112,39.3499
21,80,40,0.05,180,8,-2.6071,68.5652
21,80,40,0.05,365,1,-188.579,-77.4829
21,80,40,0.05,365,2,-122.211,14.6045
21,80,40,0.05,365,3,-153.213,-53.3573
21,80,40,0.05,365,4,-85.72,82.6105
21,80,40,0.05,365,5,-98.5593,-16.5579
21,80,40,0.05,365,6,-52.3003,32.5429
21,80,40,0.05,365,7,-57.0768,85.8879
21,80,40,0.05,365,8,15.9279,140.177
22,80,40,0.25,30,1,-141.607,51.1393
22,80,40,0.25,30,2,-104.51,114.452
22,80,40,0.25,30,3,-172.858,88.1814
22,80,40,0.25,30,4,-81.1562,163.399
22,80,40,0.25,30,5,-151.709,89.1246
22,80,40,0.25,30,6,-87.178,133.033
22,80,40,0.25,30,7,-99.9846,152.883
22,80,40,0.25,30,8,-123.271,113.129
22,80,40,0.25,45,1,-206.749,105.485
22,80,40,0.25,45,2,-238.766,197.067
22,80,40,0.25,45,3,-197.085,110.225
22,80,40,0.25,45,4,-221.415,179.578
22,80,40,0.25,45,5,-225.822,172.668
22,80,40,0.25,45,6,-209.775,215.908
22,80,40,0.25,45,7,-116.357,163.196
22,80,40,0.25,45,8,-178.464,224.837
22,80,40,0.25,90,1,-479.269,168.759
22,80,40,0.25,90,2,-399.447,389.859
22,80,40,0.25,90,3,-463.912,302.034
22,80,40,0.25,90,4,-308.958,392.138
22,80,40,0.25,90,5,-461.319,267.193
22,80,40,0.25,90,6,-374.47,317.45
22,80,40,0.25,90,7,-400.412,416.299
22,80,40,0.25,90,8,-241.889,510.557
22,80,40,0.25,180,1,-938.048,517.132
22,80,40,0.25,180,2,-798.658,624.876
22,80,40,0.25,180,3,-900.636,545.814
22,80,40,0.25,180,4,-679.315,663.356
22,80,40,0.25,180,5,-864.467,557.493
22,80,40,0.25,180,6,-773.587,764.502
22,80,40,0.25,180,7,-731.328,795.194
22,80,40,0.25,180,8,-603.278,948.611
22,80,40,0.25,365,1,-2136.29,808.854
22,80,40,0.25,365,2,-1797.9,1314.53
22,80,40,0.25,365,3,-1959.26,1007.08
22,80,40,0.25,365,4,-1625.39,1467.79
22,80,40,0.25,365,5,-1689.36,1135.96
22,80,40,0.25,365,6,-1464.34,1602.82
22,80,40,0.25,365,7,-1480.47,1448.87
22,80,40,0.25,365,8,-1117.53,1865.35
23,80,40,0.60,30,1,-729.078,641.269
23,80,40,0.60,30,2,-638.342,674.521
23,80,40,0.60,30,3,-802.912,588.717
23,80,40,0.60,30,4,-585.397,598.307
23,80,40,0.60,30,5,-753.584,563.27
23,80,40,0.60,30,6,-601.569,657.471
23,80,40,0.60,30,7,-629.66,724.229
23,80,40,0.60,30,8,-684.325,714.403
23,80,40,0.60,45,1,-1079.9,816.366
23,80,40,0.60,45,2,-1151.71,843.677
23,80,40,0.60,45,3,-1056.83,978.701
23,80,40,0.60,45,4,-1115.12,951.196
23,80,40,0.60,45,5,-1126.65,960.593
23,80,40,0.60,45,6,-1089.96,986.069
23,80,40,0.60,45,7,-864.709,949.534
23,80,40,0.60,45,8,-1012.45,1179.23
23,80,40,0.60,90,1,-2317.37,1622.85
23,80,40,0.60,90,2,-2118.75,1894.3
23,80,40,0.60,90,3,-2279.54,1810.22
23,80,40,0.60,90,4,-1913.49,1980.13
23,80,40,0.60,90,5,-2274.03,1755.59
23,80,40,0.60,90,6,-2073.14,2119.45
23,80,40,0.60,90,7,-2126.44,1995.04
23,80,40,0.60,90,8,-1751.39,2269.59
23,80,40,0.60,180,1,-4583.99,3407.91
23,80,40,0.60,180,2,-4236.16,3782.47
23,80,40,0.60,180,3,-4493.6,3664.64
23,80,40,0.60,180,4,-3971.3,3942.62
23,80,40,0.60,180,5,-4409.75,3686.31
23,80,40,0.60,180,6,-4205.78,3990.66
23,80,40,0.60,180,7,-4088.94,4047.64
23,80,40,0.60,180,8,-3785.56,4339.39
23,80,40,0.60,365,1,-9853,6961.18
23,80,40,0.60,365,2,-9015.12,7553.73
23,80,40,0.60,365,3,-9427.47,7073.5
23,80,40,0.60,365,4,-8640.66,8224.46
23,80,40,0.60,365,5,-8793.24,7201.72
23,80,40,0.60,365,6,-8278.2,8094.03
23,80,40,0.60,365,7,-8286.19,8236.08
23,80,40,0.60,365,8,-7423.61,9015.44
24,120,5,0.05,30,1,-0.0167234,0.0212896
24,120,5,0.05,30,2,0.0949446,0.0111167
24,120,5,0.05,30,3,-0.0404231,-0.0511308
24,120,5,0.05,30,4,0.0315361,-0.178859
24,120,5,0.05,30,5,0.0277988,-0.0395107
24,120,5,0.05,30,6,0.0392247,-0.0126219
24,120,5,0.05,30,7,-0.0520711,0.0183119
24,120,5,0.05,30,8,0.0430416,-0.0733535
24,120,5,0.05,45,1,-0.235209,0.0461712
24,120,5,0.05,45,2,-0.157794,-0.0185171
24,120,5,0.05,45,3,-0.189725,0.0605583
24,120,5,0.05,45,4,-0.133618,0.00474402
24,120,5,0.05,45,5,-0.239676,0.138316
24,120,5,0.05,45,6,-0.11448,0.164768
24,120,5,0.05,45,7,0.20513,0.163986
24,120,5,0.05,45,8,0.230663,-0.0342123
24,120,5,0.05,90,1,-0.104733,0.269236
24,120,5,0.05,90,2,0.221522,-0.114519
24,120,5,0.05,90,3,-0.462221,-0.102356
24,120,5,0.05,90,4,-0.0218108,-0.356086
24,120,5,0.05,90,5,0.244151,0.262833
24,120,5,0.05,90,6,0.132495,-0.204525
24,120,5,0.05,90,7,0.100649,0.151717
24,120,5,0.05,90,8,0.1661,0.0353878
24,120,5,0.05,180,1,-0.222578,-0.227412
24,120,5,0.05,180,2,-0.207397,-0.400724
24,120,5,0.05,180,3,-0.213826,-0.483247
24,120,5,0.05,180,4,-0.0670277,0.464412
24,120,5,0.05,180,5,0.0375121,0.214439
24,120,5,0.05,180,6,0.128543,0.0186531
24,120,5,0.05,180,7,0.184938,0.297895
24,120,5,0.05,180,8,0.0105098,-0.107612
24,120,5,0.05,365,1,-0.769432,0.156068
24,120,5,0.05,365,2,-0.351488,0.20565
24,120,5,0.05,365,3,-0.500403,-0.386089
24,120,5,0.05,365,4,-0.0383253,-0.00951929
24,120,5,0.05,365,5,-0.132973,-0.15535
24,120,5,0.05,365,6,-0.121935,-0.24385
24,120,5,0.05,365,7,0.175352,0.259138
24,120,5,0.05,365,8,1.22138,0.569147
25,120,5,0.25,30,1,-0.124073,0.103396
25,120,5,0.25,30,2,0.434282,0.191838
25,120,5,0.25,30,3,-0.242393,0.154296
25,120,5,0.25,30,4,0.117184,0.340698
25,120,5,0.25,30,5,0.0983735,0.319391
25,120,5,0.25,30,6,0.155404,0.710791
25,120,5,0.25,30,7,-0.300474,-0.127364
25,120,5,0.25,30,8,0.174762,1.1501
25,120,5,0.25,45,1,-1.23576,0.386864
25,120,5,0.25,45,2,-0.848648,0.143699
25,120,5,0.25,45,3,-1.00854,-0.556696
25,120,5,0.25,45,4,-0.728299,-0.115886
25,120,5,0.25,45,5,-1.2585,-0.0768058
25,120,5,0.25,45,6,-0.632991,0.425584
25,120,5,0.25,45,7,0.964464,0.483879
25,120,5,0.25,45,8,1.09188,1.07554
25,120,5,0.25,90,1,-0.64476,-0.393659
25,120,5,0.25,90,2,0.986277,1.03037
25,120,5,0.25,90,3,-2.43077,-1.22115
25,120,5,0.25,90,4,-0.230469,0.987195
25,120,5,0.25,90,5,1.09867,0.0905665
25,120,5,0.25,90,6,0.540224,1.1767
25,120,5,0.25,90,7,0.381879,0.875473
25,120,5,0.25,90,8,0.708828,0.14662
25,120,5,0.25,180,1,-1.35497,2.15636
25,120,5,0.25,180,2,-1.27691,-0.431035
25,120,5,0.25,180,3,-1.31094,-0.277771
25,120,5,0.25,180,4,-0.577705,0.943207
25,120,5,0.25,180,5,-0.0551827,1.2543
25,120,5,0.25,180,6,0.398462,-0.00322476
25,120,5,0.25,180,7,0.681625,0.527695
25,120,5,0.25,180,8,-0.189734,2.03355
25,120,5,0.25,365,1,-4.33672,0.730714
25,120,5,0.25,365,2,-2.2449,3.25983
25,120,5,0.25,365,3,-2.99202,0.270116
25,120,5,0.25,365,4,-0.683473,-0.682632
25,120,5,0.25,365,5,-1.15672,-1.5598
25,120,5,0.25,365,6,-1.10388,1.38074
25,120,5,0.25,365,7,0.384737,1.10167
25,120,5,0.25,365,8,5.61168,-1.40899
26,120,5,0.60,30,1,-0.466337,0.488266
26,120,5,0.60,30,2,0.873505,-0.088817
26,120,5,0.60,30,3,-0.749812,-0.127265
26,120,5,0.60,30,4,0.112425,-0.543241
26,120,5,0.60,30,5,0.0666864,-1.32886
26,120,5,0.60,30,6,0.203194,-0.5981
26,120,5,0.60,30,7,-0.888684,0.171429
26,120,5,0.60,30,8,0.250702,2.51824
26,120,5,0.60,45,1,-3.21508,4.43895
26,120,5,0.60,45,2,-2.28577,0.0176564
26,120,5,0.60,45,3,-2.67055,-0.866255
26,120,5,0.60,45,4,-1.9991,1.028
26,120,5,0.60,45,5,-3.27091,2.98955
26,120,5,0.60,45,6,-1.77191,0.586888
26,120,5,0.60,45,7,2.05959,1.11278
26,120,5,0.60,45,8,2.36432,2.42887
26,120,5,0.60,90,1,-2.05222,0.715565
26,120,5,0.60,90,2,1.86107,2.71287
26,120,5,0.60,90,3,-6.33323,-0.669676
26,120,5,0.60,90,4,-1.05954,-0.392959
26,120,5,0.60,90,5,2.1273,0.936227
26,120,5,0.60,90,6,0.786643,-0.387444
26,120,5,0.60,90,7,0.410371,-1.58308
26,120,5,0.60,90,8,1.1932,3.64294
26,120,5,0.60,180,1,-4.26138,1.52656
26,120,5,0.60,180,2,-4.06545,1.03739
26,120,5,0.60,180,3,-4.1551,-3.56204
26,120,5,0.60,180,4,-2.39806,-0.637466
26,120,5,0.60,180,5,-1.14442,-6.44648
26,120,5,0.60,180,6,-0.0624025,4.80897
26,120,5,0.60,180,7,0.623213,3.37679
26,120,5,0.60,180,8,-1.46612,7.94253
26,120,5,0.60,365,1,-12.4492,4.393
26,120,5,0.60,365,2,-7.42015,3.12931
26,120,5,0.60,365,3,-9.22432,-0.754771
26,120,5,0.60,365,4,-3.69119,4.61987
26,120,5,0.60,365,5,-4.82708,-3.62949
26,120,5,0.60,365,6,-4.70977,1.70168
26,120,5,0.60,365,7,-1.12752,5.58256
26,120,5,0.60,365,8,11.4018,10.7422
27,120,10,0.05,30,1,0.0719712,0.568287
27,120,10,0.05,30,2,0.795627,-0.135792
27,120,10,0.05,30,3,-0.583608,0.165651
27,120,10,0.05,30,4,0.536857,-0.0751884
27,120,10,0.05,30,5,0.117821,-0.470281
27,120,10,0.05,30,6,0.513246,-0.0383211
27,120,10,0.05,30,7,-0.133863,0.537942
27,120,10,0.05,30,8,-0.00084986,-0.169876
27,120,10,0.05,45,1,0.168005,1.09644
27,120,10,0.05,45,2,-1.2189,-0.251158
27,120,10,0.05,45,3,-0.897637,-0.438105
27,120,10,0.05,45,4,-0.722633,1.15806
27,120,10,0.05,45,5,-1.08912,-1.30927
27,120,10,0.05,45,6,0.0839176,0.487689
27,120,10,0.05,45,7,0.719517,0.227161
27,120,10,0.05,45,8,0.286964,0.0198495
27,120,10,0.05,90,1,-0.218337,-0.269383
27,120,10,0.05,90,2,0.8165,0.819151
27,120,10,0.05,90,3,-2.68529,-1.28928
27,120,10,0.05,90,4,-0.345209,0.399282
27,120,10,0.05,90,5,0.407825,0.284397
27,120,10,0.05,90,6,0.116711,0.359914
27,120,10,0.05,90,7,-0.542878,1.73792
27,120,10,0.05,90,8,1.25617,1.26982
27,120,10,0.05,180,1,-1.10901,-0.130146
27,120,10,0.05,180,2,-0.30943,1.0249
27,120,10,0.05,180,3,-2.65677,-1.60739
27,120,10,0.05,180,4,-0.95146,1.38311
27,120,10,0.05,180,5,-0.162895,-0.394186
27,120,10,0.05,180,6,-0.578777,1.73671
27,120,10,0.05,180,7,0.186238,0.537411
27,120,10,0.05,180,8,-0.47578,2.12478
27,120,10,0.05,365,1,-2.2067,2.42968
27,120,10,0.05,365,2,-0.530849,1.39558
27,120,10,0.05,365,3,-6.52804,-4.01259
27,120,10,0.05,365,4,-1.2213,-0.991321
27,120,10,0.05,365,5,-2.62903,-2.14722
27,120,10,0.05,365,6,-1.06456,-1.05165
27,120,10,0.05,365,7,-1.44167,3.68403
27,120,10,0.05,365,8,3.845,6.32317
28,120,10,0.25,30,1,-0.402228,0.250735
28,120,10,0.25,30,2,3.21557,2.59272
28,120,10,0.25,30,3,-3.67543,-3.19007
28,120,10,0.25,30,4,1.91858,1.0434
28,120,10,0.25,30,5,-0.175013,1.76475
28,120,10,0.25,30,6,1.79673,2.13494
28,120,10,0.25,30,7,-1.42965,1.59182
28,120,10,0.25,30,8,-0.764496,1.06833
28,120,10,0.25,45,1,-0.302799,3.17911
28,120,10,0.25,45,2,-7.22045,2.03856
28,120,10,0.25,45,3,-5.62388,-1.92237
28,120,10,0.25,45,4,-4.75165,3.22806
28,120,10,0.25,45,5,-6.58318,2.94532
28,120,10,0.25,45,6,-0.729037,0.228132
28,120,10,0.25,45,7,2.4509,5.52707
28,120,10,0.25,45,8,0.290159,3.75508
28,120,10,0.25,90,1,-3.37797,5.49092
28,120,10,0.25,90,2,1.80598,1.36646
28,120,10,0.25,90,3,-15.6909,-8.45306
28,120,10,0.25,90,4,-4.01284,7.2693
28,120,10,0.25,90,5,-0.249911,2.19137
28,120,10,0.25,90,6,-1.71359,5.15207
28,120,10,0.25,90,7,-4.99147,9.40234
28,120,10,0.25,90,8,3.98913,0.337517
28,120,10,0.25,180,1,-10.1085,5.8168
28,120,10,0.25,180,2,-6.08433,6.99974
28,120,10,0.25,180,3,-17.8328,-3.67201
28,120,10,0.25,180,4,-9.32538,13.7973
28,120,10,0.25,180,5,-5.38652,-3.07149
28,120,10,0.25,180,6,-7.48563,8.08868
28,120,10,0.25,180,7,-3.63365,10.2591
28,120,10,0.25,180,8,-6.9399,13.3117
28,120,10,0.25,365,1,-20.2897,23.3057
28,120,10,0.25,365,2,-11.857,10.8529
28,120,10,0.25,365,3,-41.8571,-18.2475
28,120,10,0.25,365,4,-15.3737,7.14807
28,120,10,0.25,365,5,-22.4016,-0.588316
28,120,10,0.25,365,6,-14.6311,12.4531
28,120,10,0.25,365,7,-16.4556,22.9714
28,120,10,0.25,365,8,9.9423,32.8202
29,120,10,0.60,30,1,-4.11845,7.64698
29,120,10,0.60,30,2,4.56213,10.7319
29,120,10,0.60,30,3,-11.9541,9.07423
29,120,10,0.60,30,4,1.4374,-1.78063
29,120,10,0.60,30,5,-3.58037,3.38603
29,120,10,0.60,30,6,1.1285,2.4584
29,120,10,0.60,30,7,-6.5767,6.18155
29,120,10,0.60,30,8,-4.97981,6.56336
29,120,10,0.60,45,1,-5.4548,0.82992
29,120,10,0.60,45,2,-21.987,17.5954
29,120,10,0.60,45,3,-18.195,-1.74356
29,120,10,0.60,45,4,-16.1132,16.5161
29,120,10,0.60,45,5,-20.5057,5.75833
29,120,10,0.60,45,6,-6.501,2.22396
29,120,10,0.60,45,7,1.13781,9.12374
29,120,10,0.60,45,8,-4.03915,18.3367
29,120,10,0.60,90,1,-17.5651,20.2449
29,120,10,0.60,90,2,-5.08245,24.6845
29,120,10,0.60,90,3,-47.0255,0.873622
29,120,10,0.60,90,4,-19.0924,14.6016
29,120,10,0.60,90,5,-10.07,26.9279
29,120,10,0.60,90,6,-13.6171,11.3001
29,120,10,0.60,90,7,-21.3993,-0.379821
29,120,10,0.60,90,8,0.0930324,24.1149
29,120,10,0.60,180,1,-43.139,12.087
29,120,10,0.60,180,2,-33.3732,40.9989
29,120,10,0.60,180,3,-61.6168,-8.0557
29,120,10,0.60,180,4,-41.2785,41.8857
29,120,10,0.60,180,5,-31.8413,36.137
29,120,10,0.60,180,6,-36.9615,45.6827
29,120,10,0.60,180,7,-27.6048,49.8029
29,120,10,0.60,180,8,-35.5243,73.4595
29,120,10,0.60,365,1,-86.9876,72.847
29,120,10,0.60,365,2,-66.5271,72.5354
29,120,10,0.60,365,3,-138.586,7.60356
29,120,10,0.60,365,4,-75.2373,55.0489
29,120,10,0.60,365,5,-92.0558,62.3594
29,120,10,0.60,365,6,-73.6238,78.4921
29,120,10,0.60,365,7,-77.749,68.319
29,120,10,0.60,365,8,-14.5383,116.714
30,120,20,0.05,30,1,1.32229,3.22906
30,120,20,0.05,30,2,2.15751,1.60987
30,120,20,0.05,30,3,-3.75401,-4.03266
30,120,20,0.05,30,4,-1.72382,1.47949
30,120,20,0.05,30,5,-1.11562,-0.967837
30,120,20,0.05,30,6,2.90152,1.22191
30,120,20,0.05,30,7,1.46569,1.56902
30,120,20,0.05,30,8,2.2168,0.857812
30,120,20,0.05,45,1,0.679769,3.57415
30,120,20,0.05,45,2,-5.08131,-0.426471
30,120,20,0.05,45,3,-4.15681,0.0124173
30,120,20,0.05,45,4,-3.22423,-1.05872
30,120,20,0.05,45,5,-4.59873,-2.06096
30,120,20,0.05,45,6,-1.55626,3.21268
30,120,20,0.05,45,7,2.68809,2.22129
30,120,20,0.05,45,8,-1.35072,-0.231545
30,120,20,0.05,90,1,-2.45599,-1.37051
30,120,20,0.05,90,2,-1.49825,1.58844
30,120,20,0.05,90,3,-14.2477,-5.33185
30,120,20,0.05,90,4,1.63706,-0.895862
30,120,20,0.05,90,5,-3.08304,-0.784821
30,120,20,0.05,90,6,-0.923966,3.59556
30,120,20,0.05,90,7,-6.35677,5.40519
30,120,20,0.05,90,8,7.99712,7.40781
30,120,20,0.05,180,1,-3.75531,-2.17722
30,120,20,0.05,180,2,1.42587,-0.798732
30,120,20,0.05,180,3,-20.9604,-13.6103
30,120,20,0.05,180,4,-2.82858,0.244329
30,120,20,0.05,180,5,-10.7419,-1.67826
30,120,20,0.05,180,6,0.834834,7.39652
30,120,20,0.05,180,7,-0.886721,12.4675
30,120,20,0.05,180,8,1.18308,12.0794
30,120,20,0.05,365,1,-16.3551,7.2284
30,120,20,0.05,365,2,-14.7217,7.82043
30,120,20,0.05,365,3,-40.8408,-28.1352
30,120,20,0.05,365,4,-6.86362,5.40732
30,120,20,0.05,365,5,-10.846,3.07993
30,120,20,0.05,365,6,2.16054,16.9657
30,120,20,0.05,365,7,3.93711,19.858
30,120,20,0.05,365,8,20.9093,41.0852
31,120,20,0.25,30,1,-5.36205,17.8476
31,120,20,0.25,30,2,-1.11884,31.405
31,120,20,0.25,30,3,-30.6624,2.11817
31,120,20,0.25,30,4,-20.5451,14.8514
31,120,20,0.25,30,5,-17.5369,5.23439
31,120,20,0.25,30,6,2.44258,22.8771
31,120,20,0.25,30,7,-4.63257,20.3075
31,120,20,0.25,30,8,-0.867296,18.2868
31,120,20,0.25,45,1,-14.5462,22.4529
31,120,20,0.25,45,2,-43.1389,24.0472
31,120,20,0.25,45,3,-38.6473,-1.24886
31,120,20,0.25,45,4,-34.0162,8.68455
31,120,20,0.25,45,5,-40.9014,23.7583
31,120,20,0.25,45,6,-25.7708,30.3253
31,120,20,0.25,45,7,-4.51089,12.2038
31,120,20,0.25,45,8,-24.6542,42.6582
31,120,20,0.25,90,1,-48.1287,37.3335
31,120,20,0.25,90,2,-43.0994,13.5745
31,120,20,0.25,90,3,-106.881,-15.8805
31,120,20,0.25,90,4,-27.7441,37.0016
31,120,20,0.25,90,5,-51.2537,51.2252
31,120,20,0.25,90,6,-40.6462,62.2341
31,120,20,0.25,90,7,-67.4849,72.5237
31,120,20,0.25,90,8,4.03693,75.7224
31,120,20,0.25,180,1,-90.458,85.8043
31,120,20,0.25,180,2,-64.1104,52.6299
31,120,20,0.25,180,3,-176.178,-0.882113
31,120,20,0.25,180,4,-85.8855,90.7443
31,120,20,0.25,180,5,-125.306,50.6793
31,120,20,0.25,180,6,-67.9318,104.888
31,120,20,0.25,180,7,-76.01,107.818
31,120,20,0.25,180,8,-65.7339,152.111
31,120,20,0.25,365,1,-227.019,163.714
31,120,20,0.25,365,2,-217.887,172.712
31,120,20,0.25,365,3,-348.951,-46.5012
31,120,20,0.25,365,4,-179.75,166.299
31,120,20,0.25,365,5,-199.628,124.667
31,120,20,0.25,365,6,-135.347,216.222
31,120,20,0.25,365,7,-125.595,243.361
31,120,20,0.25,365,8,-40.9801,287.918
32,120,20,0.60,30,1,-61.6897,79.878
32,120,20,0.60,30,2,-51.2324,104.907
32,120,20,0.60,30,3,-122.076,68.3648
32,120,20,0.60,30,4,-97.9335,92.1063
32,120,20,0.60,30,5,-90.8488,45.5577
32,120,20,0.60,30,6,-43.3341,98.5795
32,120,20,0.60,30,7,-59.8878,92.4377
32,120,20,0.60,30,8,-50.8111,122.533
32,120,20,0.60,45,1,-108.079,125.426
32,120,20,0.60,45,2,-175.829,139.134
32,120,20,0.60,45,3,-165.586,50.1192
32,120,20,0.60,45,4,-154.603,132.509
32,120,20,0.60,45,5,-171.175,68.3774
32,120,20,0.60,45,6,-135.197,148.146
32,120,20,0.60,45,7,-84.0204,121.645
32,120,20,0.60,45,8,-132.155,190.748
32,120,20,0.60,90,1,-261.676,230.009
32,120,20,0.60,90,2,-248.625,190.813
32,120,20,0.60,90,3,-401.837,145.122
32,120,20,0.60,90,4,-213.083,250.833
32,120,20,0.60,90,5,-269.132,206.033
32,120,20,0.60,90,6,-244.443,256.796
32,120,20,0.60,90,7,-307.526,251.13
32,120,20,0.60,90,8,-136.891,300.109
32,120,20,0.60,180,1,-509.368,504.644
32,120,20,0.60,180,2,-444.336,597.186
32,120,20,0.60,180,3,-713.838,285.132
32,120,20,0.60,180,4,-498.644,487.777
32,120,20,0.60,180,5,-592.648,407.812
32,120,20,0.60,180,6,-457.039,604.894
32,120,20,0.60,180,7,-474.264,576.359
32,120,20,0.60,180,8,-449.9,558.16
32,120,20,0.60,365,1,-1137.04,943.128
32,120,20,0.60,365,2,-1111.19,995.282
32,120,20,0.60,365,3,-1427.64,607.45
32,120,20,0.60,365,4,-1024.37,1023.61
32,120,20,0.60,365,5,-1071.93,817.483
32,120,20,0.60,365,6,-920.738,1176.39
32,120,20,0.60,365,7,-893.791,1091.61
32,120,20,0.60,365,8,-691.726,1135.59
33,120,40,0.05,30,1,-11.3787,3.07729
33,120,40,0.05,30,2,-7.5613,-1.68775
33,120,40,0.05,30,3,-21.8348,-0.209044
33,120,40,0.05,30,4,-10.1695,17.6358
33,120,40,0.05,30,5,-13.6523,-12.3566
33,120,40,0.05,30,6,11.5668,20.5296
33,120,40,0.05,30,7,3.90584,10.9951
33,120,40,0.05,30,8,-1.8675,19.2646
33,120,40,0.05,45,1,-14.266,9.55834
33,120,40,0.05,45,2,-27.5121,8.57129
33,120,40,0.05,45,3,-17.3122,-14.2349
33,120,40,0.05,45,4,-18.2711,6.73852
33,120,40,0.05,45,5,-28.7751,5.29065
33,120,40,0.05,45,6,-6.52615,26.9467
33,120,40,0.05,45,7,3.61593,24.6197
33,120,40,0.05,45,8,-8.16172,28.1646
33,120,40,0.05,90,1,-31.029,13.8468
33,120,40,0.05,90,2,-31.4502,8.05258
33,120,40,0.05,90,3,-58.1477,-2.76779
33,120,40,0.05,90,4,-6.27124,26.1786
33,120,40,0.05,90,5,-53.8972,-0.962092
33,120,40,0.05,90,6,3.60968,36.1526
33,120,40,0.05,90,7,-25.5287,58.8127
33,120,40,0.05,90,8,1.70962,61.7217
33,120,40,0.05,180,1,-80.6381,40.1461
33,120,40,0.05,180,2,-46.9515,70.9151
33,120,40,0.05,180,3,-91.9549,-6.92927
33,120,40,0.05,180,4,-14.086,45.5396
33,120,40,0.05,180,5,-93.164,4.98234
33,120,40,0.05,180,6,0.813621,112.32
33,120,40,0.05,180,7,-34.3938,86.6896
33,120,40,0.05,180,8,-11.1081,102.02
33,120,40,0.05,365,1,-196.031,24.0892
33,120,40,0.05,365,2,-143.362,102.319
33,120,40,0.05,365,3,-225.989,-14.3739
33,120,40,0.05,365,4,-74.2317,142.055
33,120,40,0.05,365,5,-180.156,-51.771
33,120,40,0.05,365,6,-9.37645,191.826
33,120,40,0.05,365,7,-41.0242,178.926
33,120,40,0.05,365,8,18.824,234.029
34,120,40,0.25,30,1,-222.606,253.985
34,120,40,0.25,30,2,-202.577,195.233
34,120,40,0.25,30,3,-274.353,180.039
34,120,40,0.25,30,4,-216.601,197.583
34,120,40,0.25,30,5,-234.17,168.596
34,120,40,0.25,30,6,-109.366,207.076
34,120,40,0.25,30,7,-146.512,241.069
34,120,40,0.25,30,8,-174.929,254.734
34,120,40,0.25,45,1,-319.872,259.912
34,120,40,0.25,45,2,-383.916,337.561
34,120,40,0.25,45,3,-334.899,270.691
34,120,40,0.25,45,4,-340.015,298.081
34,120,40,0.25,45,5,-392.807,206.587
34,120,40,0.25,45,6,-282.74,404.854
34,120,40,0.25,45,7,-230.832,380.935
34,120,40,0.25,45,8,-289.54,411.177
34,120,40,0.25,90,1,-652.794,446.733
34,120,40,0.25,90,2,-651.142,553.184
34,120,40,0.25,90,3,-786.659,531.639
34,120,40,0.25,90,4,-530.028,638.295
34,120,40,0.25,90,5,-766.338,466.673
34,120,40,0.25,90,6,-482.522,683.393
34,120,40,0.25,90,7,-623.912,728.265
34,120,40,0.25,90,8,-489.205,737.893
34,120,40,0.25,180,1,-1397.21,1106.49
34,120,40,0.25,180,2,-1222.66,1268.06
34,120,40,0.25,180,3,-1452.53,956.994
34,120,40,0.25,180,4,-1067.07,1350.11
34,120,40,0.25,180,5,-1459.72,846.87
34,120,40,0.25,180,6,-997.424,1493.52
34,120,40,0.25,180,7,-1165.7,1352.36
34,120,40,0.25,180,8,-1050.19,1581.85
34,120,40,0.25,365,1,-2995.26,2219.88
34,120,40,0.25,365,2,-2719.11,2646.33
34,120,40,0.25,365,3,-3141.51,1935.24
34,120,40,0.25,365,4,-2390.18,2630.19
34,120,40,0.25,365,5,-2917.32,1753.14
34,120,40,0.25,365,6,-2076.45,2946.98
34,120,40,0.25,365,7,-2221.37,2748.43
34,120,40,0.25,365,8,-1923.71,3026.74
35,120,40,0.60,30,1,-1192.83,1088.69
35,120,40,0.60,30,2,-1141.02,1103.13
35,120,40,0.60,30,3,-1314.86,1028.08
35,120,40,0.60,30,4,-1178.59,1154.62
35,120,40,0.60,30,5,-1221.36,923.746
35,120,40,0.60,30,6,-927.044,1239.86
35,120,40,0.60,30,7,-1011.56,1246.17
35,120,40,0.60,30,8,-1077.95,1331.48
35,120,40,0.60,45,1,-1755.46,1575.76
35,120,40,0.60,45,2,-1900.42,1583.62
35,120,40,0.60,45,3,-1790.7,1577.3
35,120,40,0.60,45,4,-1804.25,1765.13
35,120,40,0.60,45,5,-1932.02,1509.25
35,120,40,0.60,45,6,-1672.6,1926.16
35,120,40,0.60,45,7,-1543.29,1743.56
35,120,40,0.60,45,8,-1683.43,1804.85
35,120,40,0.60,90,1,-3544.48,3304.48
35,120,40,0.60,90,2,-3525.57,3221.31
35,120,40,0.60,90,3,-3858.79,3318.32
35,120,40,0.60,90,4,-3253.98,3645.4
35,120,40,0.60,90,5,-3813.76,2908.72
35,120,40,0.60,90,6,-3147.55,3553.14
35,120,40,0.60,90,7,-3469.68,3418.24
35,120,40,0.60,90,8,-3152.38,3584.87
35,120,40,0.60,180,1,-7303.71,6319.4
35,120,40,0.60,180,2,-6860.54,6724.84
35,120,40,0.60,180,3,-7431.41,6330.48
35,120,40,0.60,180,4,-6522.02,6937.38
35,120,40,0.60,180,5,-7453.2,6101.38
35,120,40,0.60,180,6,-6374.18,7191.57
35,120,40,0.60,180,7,-6747.07,6953.04
35,120,40,0.60,180,8,-6473.6,7450.2
35,120,40,0.60,365,1,-15196.9,12709
35,120,40,0.60,365,2,-14483.4,13273.3
35,120,40,0.60,365,3,-15533.7,12153.3
35,120,40,0.60,365,4,-13760.6,13935.2
35,120,40,0.60,365,5,-15015.6,12647.4
35,120,40,0.60,365,6,-13049.8,14844.3
35,120,40,0.60,365,7,-13344.6,14145.3
35,120,40,0.60,365,8,-12636.6,14568.6
36,160,5,0.05,30,1,0.127219,-0.031609
36,160,5,0.05,30,2,-0.123078,0.055821
36,160,5,0.05,30,3,0.181896,-0.169652
36,160,5,0.05,30,4,-0.12162,0.0753869
36,160,5,0.05,30,5,-0.0231786,-0.129161
36,160,5,0.05,30,6,0.0851768,0.0308471
36,160,5,0.05,30,7,0.248491,0.283879
36,160,5,0.05,30,8,0.0444065,0.146816
36,160,5,0.05,45,1,-0.137375,0.131099
36,160,5,0.05,45,2,-0.344327,-0.0257024
36,160,5,0.05,45,3,0.0696268,-0.100281
36,160,5,0.05,45,4,0.319019,0.339925
36,160,5,0.05,45,5,-0.0441802,-0.25257
36,160,5,0.05,45,6,0.0900767,0.142958
36,160,5,0.05,45,7,0.322779,-0.243175
36,160,5,0.05,45,8,-0.118058,0.171963
36,160,5,0.05,90,1,0.273088,0.10138
36,160,5,0.05,90,2,-0.0590535,0.0695106
36,160,5,0.05,90,3,0.202042,0.197704
36,160,5,0.05,90,4,-0.163836,0.275059
36,160,5,0.05,90,5,-0.483359,-0.100382
36,160,5,0.05,90,6,-0.00445216,0.518477
36,160,5,0.05,90,7,0.242975,0.257366
36,160,5,0.05,90,8,0.225869,0.449801
36,160,5,0.05,180,1,-0.0356181,0.353093
36,160,5,0.05,180,2,-0.232136,0.00316634
36,160,5,0.05,180,3,-0.0948608,0.0348842
36,160,5,0.05,180,4,0.550531,0.466181
36,160,5,0.05,180,5,-0.0368904,-0.0446536
36,160,5,0.05,180,6,0.10069,0.257272
36,160,5,0.05,180,7,0.0603788,-0.142299
36,160,5,0.05,180,8,-0.156436,0.0202917
36,160,5,0.05,365,1,-0.0776603,0.382883
36,160,5,0.05,365,2,-0.619533,0.236614
36,160,5,0.05,365,3,0.346528,-0.204159
36,160,5,0.05,365,4,0.458917,1.15557
36,160,5,0.05,365,5,-0.37844,-1.19383
36,160,5,0.05,365,6,0.441758,1.54988
36,160,5,0.05,365,7,0.958906,0.960356
36,160,5,0.05,365,8,-0.124353,0.40825
37,160,5,0.25,30,1,0.562101,-0.421349
37,160,5,0.25,30,2,-0.688135,0.501639
37,160,5,0.25,30,3,0.835498,0.750233
37,160,5,0.25,30,4,-0.681152,0.225139
37,160,5,0.25,30,5,-0.18961,0.77841
37,160,5,0.25,30,6,0.351684,1.50313
37,160,5,0.25,30,7,1.16826,0.67946
37,160,5,0.25,30,8,0.148431,1.9367
37,160,5,0.25,45,1,-0.79677,0.111881
37,160,5,0.25,45,2,-1.83013,0.102456
37,160,5,0.25,45,3,0.23751,0.611781
37,160,5,0.25,45,4,1.48362,0.363376
37,160,5,0.25,45,5,-0.331484,-0.21206
37,160,5,0.25,45,6,0.339252,0.382949
37,160,5,0.25,45,7,1.50267,1.36798
37,160,5,0.25,45,8,-0.700059,-0.589706
37,160,5,0.25,90,1,1.14351,0.699379
37,160,5,0.25,90,2,-0.51457,1.17633
37,160,5,0.25,90,3,0.789168,2.11811
37,160,5,0.25,90,4,-1.04,1.37306
37,160,5,0.25,90,5,-2.63603,1.86543
37,160,5,0.25,90,6,-0.243806,0.774066
37,160,5,0.25,90,7,0.993868,0.30834
37,160,5,0.25,90,8,0.908262,0.681966
37,160,5,0.25,180,1,-0.618894,-0.129551
37,160,5,0.25,180,2,-1.59813,1.78648
37,160,5,0.25,180,3,-0.915223,2.54418
37,160,5,0.25,180,4,2.30936,1.06314
37,160,5,0.25,180,5,-0.626434,-2.82684
37,160,5,0.25,180,6,0.0591915,3.68017
37,160,5,0.25,180,7,-0.138973,1.78996
37,160,5,0.25,180,8,-1.2224,-0.622868
37,160,5,0.25,365,1,-1.28334,4.33567
37,160,5,0.25,365,2,-3.98503,3.59426
37,160,5,0.25,365,3,0.837211,5.8312
37,160,5,0.25,365,4,1.39817,6.16902
37,160,5,0.25,365,5,-2.78755,-1.53045
37,160,5,0.25,365,6,1.3078,7.20377
37,160,5,0.25,365,7,3.89787,6.66767
37,160,5,0.25,365,8,-1.51558,3.16393
38,160,5,0.60,30,1,1.04038,-1.0337
38,160,5,0.60,30,2,-1.95515,-0.494095
38,160,5,0.60,30,3,1.69631,4.26862
38,160,5,0.60,30,4,-1.93965,1.19684
38,160,5,0.60,30,5,-0.762705,-0.403536
38,160,5,0.60,30,6,0.534251,1.94212
38,160,5,0.60,30,7,2.49417,0.957463
38,160,5,0.60,30,8,0.0489501,0.95482
38,160,5,0.60,45,1,-2.3709,1.22358
38,160,5,0.60,45,2,-4.84494,-0.473353
38,160,5,0.60,45,3,0.108525,0.855634
38,160,5,0.60,45,4,3.09542,1.37375
38,160,5,0.60,45,5,-1.25697,1.43325
38,160,5,0.60,45,6,0.350567,4.04409
38,160,5,0.60,45,7,3.14243,2.67634
38,160,5,0.60,45,8,-2.13836,0.545074
38,160,5,0.60,90,1,1.81869,3.96214
38,160,5,0.60,90,2,-2.15029,3.49664
38,160,5,0.60,90,3,0.971398,5.82361
38,160,5,0.60,90,4,-3.41752,-2.08426
38,160,5,0.60,90,5,-7.24144,-3.73521
38,160,5,0.60,90,6,-1.50995,6.08598
38,160,5,0.60,90,7,1.46322,1.27309
38,160,5,0.60,90,8,1.25712,-0.304048
38,160,5,0.60,180,1,-3.32494,4.47471
38,160,5,0.60,180,2,-5.66112,3.72949
38,160,5,0.60,180,3,-4.03666,8.21086
38,160,5,0.60,180,4,3.69224,2.02504
38,160,5,0.60,180,5,-3.34778,-2.6722
38,160,5,0.60,180,6,-1.71172,6.57635
38,160,5,0.60,180,7,-2.17405,1.08949
38,160,5,0.60,180,8,-4.77041,4.56677
38,160,5,0.60,365,1,-6.81548,9.49345
38,160,5,0.60,365,2,-13.2673,0.458558
38,160,5,0.60,365,3,-1.72776,11.866
38,160,5,0.60,365,4,-0.38642,8.89608
38,160,5,0.60,365,5,-10.4264,-9.69026
38,160,5,0.60,365,6,-0.621869,21.8596
38,160,5,0.60,365,7,5.61277,12.5434
38,160,5,0.60,365,8,-7.36753,-4.02614
39,160,10,0.05,30,1,0.707677,0.761929
39,160,10,0.05,30,2,-0.839012,0.276976
39,160,10,0.05,30,3,0.843146,0.338064
39,160,10,0.05,30,4,-0.107626,-0.174262
39,160,10,0.05,30,5,0.165085,-1.05186
39,160,10,0.05,30,6,1.04222,0.696453
39,160,10,0.05,30,7,1.10331,0.648449
39,160,10,0.05,30,8,0.0282812,0.612606
39,160,10,0.05,45,1,0.781132,-0.300666
39,160,10,0.05,45,2,-0.748977,-0.454702
39,160,10,0.05,45,3,0.191276,0.869112
39,160,10,0.05,45,4,0.68338,0.874179
39,160,10,0.05,45,5,-0.840279,-0.770238
39,160,10,0.05,45,6,1.41174,-0.146373
39,160,10,0.05,45,7,0.840366,0.438182
39,160,10,0.05,45,8,-0.365497,-0.578323
39,160,10,0.05,90,1,0.856933,3.08899
39,160,10,0.05,90,2,-1.25197,0.78027
39,160,10,0.05,90,3,1.36626,1.35325
39,160,10,0.05,90,4,-0.149992,0.59176
39,160,10,0.05,90,5,-2.01937,-1.32903
39,160,10,0.05,90,6,2.07148,2.38193
39,160,10,0.05,90,7,1.54583,1.10655
39,160,10,0.05,90,8,1.68002,0.0259306
39,160,10,0.05,180,1,2.83265,3.3221
39,160,10,0.05,180,2,0.467774,1.93802
39,160,10,0.05,180,3,0.703935,2.39282
39,160,10,0.05,180,4,2.52211,2.78304
39,160,10,0.05,180,5,-2.71894,-1.38455
39,160,10,0.05,180,6,1.74981,4.21689
39,160,10,0.05,180,7,-0.123064,2.0823
39,160,10,0.05,180,8,-1.59663,1.14248
39,160,10,0.05,365,1,1.98704,8.84523
39,160,10,0.05,365,2,-3.9494,2.13669
39,160,10,0.05,365,3,2.09209,5.93227
39,160,10,0.05,365,4,5.07604,6.39886
39,160,10,0.05,365,5,-5.79947,-6.7115
39,160,10,0.05,365,6,3.98899,7.36691
39,160,10,0.05,365,7,6.36871,4.45841
39,160,10,0.05,365,8,0.51555,1.05397
40,160,10,0.25,30,1,2.20004,1.7592
40,160,10,0.25,30,2,-5.51586,0.934809
40,160,10,0.25,30,3,2.87714,3.62151
40,160,10,0.25,30,4,-1.87024,0.789252
40,160,10,0.25,30,5,-0.511896,-2.29639
40,160,10,0.25,30,6,3.86382,2.9338
40,160,10,0.25,30,7,4.17539,5.23956
40,160,10,0.25,30,8,-1.18934,2.40443
40,160,10,0.25,45,1,1.90204,2.92092
40,160,10,0.25,45,2,-5.72694,7.45594
40,160,10,0.25,45,3,-1.0453,8.16078
40,160,10,0.25,45,4,1.40924,8.60337
40,160,10,0.25,45,5,-6.20266,0.483586
40,160,10,0.25,45,6,5.03848,10.648
40,160,10,0.25,45,7,2.19724,7.61249
40,160,10,0.25,45,8,-3.82593,2.92546
40,160,10,0.25,90,1,0.271089,4.52778
40,160,10,0.25,90,2,-10.2292,8.44995
40,160,10,0.25,90,3,2.82129,-1.49186
40,160,10,0.25,90,4,-4.75576,19.9197
40,160,10,0.25,90,5,-14.09,-7.6226
40,160,10,0.25,90,6,6.32322,16.1237
40,160,10,0.25,90,7,3.72334,9.2312
40,160,10,0.25,90,8,4.39059,9.26161
40,160,10,0.25,180,1,6.14016,24.693
40,160,10,0.25,180,2,-5.61536,15.5374
40,160,10,0.25,180,3,-4.48503,24.5362
40,160,10,0.25,180,4,4.5789,23.6692
40,160,10,0.25,180,5,-21.5899,4.46559
40,160,10,0.25,180,6,0.686949,22.8138
40,160,10,0.25,180,7,-8.60728,26.2273
40,160,10,0.25,180,8,-15.9658,5.32857
40,160,10,0.25,365,1,-6.31191,53.9015
40,160,10,0.25,365,2,-35.8492,12.2952
40,160,10,0.25,365,3,-5.77412,51.4717
40,160,10,0.25,365,4,9.103,42.2231
40,160,10,0.25,365,5,-45.2102,-16.9911
40,160,10,0.25,365,6,3.60448,35.6781
40,160,10,0.25,365,7,15.5906,56.1345
40,160,10,0.25,365,8,-13.6322,26.7475
41,160,10,0.60,30,1,-0.264298,18.516
41,160,10,0.60,30,2,-18.7091,10.1898
41,160,10,0.60,30,3,1.35892,7.16656
41,160,10,0.60,30,4,-10.0073,6.43186
41,160,10,0.60,30,5,-6.76952,9.75314
41,160,10,0.60,30,6,3.69167,16.5646
41,160,10,0.60,30,7,4.4649,13.2612
41,160,10,0.60,30,8,-8.36686,8.93553
41,160,10,0.60,45,1,-3.73581,25.153
41,160,10,0.60,45,2,-21.9565,11.9362
41,160,10,0.60,45,3,-10.8017,20.0195
41,160,10,0.60,45,4,-4.93488,13.7414
41,160,10,0.60,45,5,-23.1777,1.63325
41,160,10,0.60,45,6,3.72275,28.6798
41,160,10,0.60,45,7,-3.03215,10.8263
41,160,10,0.60,45,8,-17.4612,-3.20333
41,160,10,0.60,90,1,-15.9765,52.0098
41,160,10,0.60,90,2,-40.9948,14.1229
41,160,10,0.60,90,3,-9.8433,36.5735
41,160,10,0.60,90,4,-28.0095,38.8123
41,160,10,0.60,90,5,-50.3583,15.3787
41,160,10,0.60,90,6,-1.53771,43.9558
41,160,10,0.60,90,7,-7.65974,34.1669
41,160,10,0.60,90,8,-6.07308,39.4731
41,160,10,0.60,180,1,-18.5027,49.7483
41,160,10,0.60,180,2,-46.43,49.3914
41,160,10,0.60,180,3,-43.9238,101.118
41,160,10,0.60,180,4,-22.2843,107.296
41,160,10,0.60,180,5,-84.9401,8.68314
41,160,10,0.60,180,6,-31.7516,89.1226
41,160,10,0.60,180,7,-53.7675,80.7384
41,160,10,0.60,180,8,-71.3908,79.3466
41,160,10,0.60,365,1,-82.4593,170.157
41,160,10,0.60,365,2,-152.747,115.527
41,160,10,0.60,365,3,-81.1162,136.013
41,160,10,0.60,365,4,-45.5873,120.791
41,160,10,0.60,365,5,-175.672,56.3869
41,160,10,0.60,365,6,-59.0463,200.772
41,160,10,0.60,365,7,-29.915,193.057
41,160,10,0.60,365,8,-99.8696,166.799
42,160,20,0.05,30,1,4.8589,4.93253
42,160,20,0.05,30,2,-3.38769,-1.21327
42,160,20,0.05,30,3,-0.485985,1.95012
42,160,20,0.05,30,4,-3.1651,0.625032
42,160,20,0.05,30,5,-0.168194,0.460955
42,160,20,0.05,30,6,5.23093,4.76424
42,160,20,0.05,30,7,4.18054,3.69544
42,160,20,0.05,30,8,1.0829,2.29364
42,160,20,0.05,45,1,6.81959,6.43063
42,160,20,0.05,45,2,-5.17881,0.226014
42,160,20,0.05,45,3,-2.87679,1.49683
42,160,20,0.05,45,4,0.973059,3.51786
42,160,20,0.05,45,5,-7.51106,-3.0713
42,160,20,0.05,45,6,5.00889,12.2604
42,160,20,0.05,45,7,6.5637,6.87089
42,160,20,0.05,45,8,-1.53985,3.92191
42,160,20,0.05,90,1,6.27352,9.5852
42,160,20,0.05,90,2,-3.84769,3.67857
42,160,20,0.05,90,3,-3.00772,11.1119
42,160,20,0.05,90,4,0.000653783,9.82182
42,160,20,0.05,90,5,-10.5938,-8.35317
42,160,20,0.05,90,6,14.5017,16.4744
42,160,20,0.05,90,7,3.73398,15.0672
42,160,20,0.05,90,8,3.91537,3.44157
42,160,20,0.05,180,1,10.8753,23.844
42,160,20,0.05,180,2,0.154105,1.24075
42,160,20,0.05,180,3,-3.8497,10.1293
42,160,20,0.05,180,4,3.98008,21.9923
42,160,20,0.05,180,5,-23.6894,-14.0435
42,160,20,0.05,180,6,20.8691,29.5078
42,160,20,0.05,180,7,3.85475,24.3746
42,160,20,0.05,180,8,-9.08898,8.60173
42,160,20,0.05,365,1,26.2842,58.1886
42,160,20,0.05,365,2,-25.9758,7.27854
42,160,20,0.05,365,3,-1.33055,28.3196
42,160,20,0.05,365,4,29.3312,44.0692
42,160,20,0.05,365,5,-34.0737,-20.7236
42,160,20,0.05,365,6,30.288,57.858
42,160,20,0.05,365,7,37.8799,54.5251
42,160,20,0.05,365,8,3.79866,36.5644
43,160,20,0.25,30,1,3.67412,41.8393
43,160,20,0.25,30,2,-37.3067,24.6145
43,160,20,0.25,30,3,-22.9482,40.8777
43,160,20,0.25,30,4,-36.3253,37.0176
43,160,20,0.25,30,5,-21.434,5.5462
43,160,20,0.25,30,6,5.42524,35.3808
43,160,20,0.25,30,7,0.31006,48.2558
43,160,20,0.25,30,8,-15.0993,30.3617
43,160,20,0.25,45,1,3.18911,78.5975
43,160,20,0.25,45,2,-56.4308,45.6778
43,160,20,0.25,45,3,-45.1426,31.2625
43,160,20,0.25,45,4,-25.9887,31.7908
43,160,20,0.25,45,5,-68.3746,34.2837
43,160,20,0.25,45,6,-6.02072,53.907
43,160,20,0.25,45,7,1.94691,83.9401
43,160,20,0.25,45,8,-38.4783,32.5701
43,160,20,0.25,90,1,-30.4266,105.128
43,160,20,0.25,90,2,-80.4296,50.463
43,160,20,0.25,90,3,-76.6127,95.5536
43,160,20,0.25,90,4,-61.7368,105.698
43,160,20,0.25,90,5,-114.501,33.8322
43,160,20,0.25,90,6,10.3504,143.596
43,160,20,0.25,90,7,-42.9083,162.861
43,160,20,0.25,90,8,-42.0759,95.5208
43,160,20,0.25,180,1,-69.101,270.369
43,160,20,0.25,180,2,-121.694,136.111
43,160,20,0.25,180,3,-142.412,171.802
43,160,20,0.25,180,4,-103.546,245.814
43,160,20,0.25,180,5,-241.484,76.4118
43,160,20,0.25,180,6,-19.9072,267.321
43,160,20,0.25,180,7,-103.872,245.59
43,160,20,0.25,180,8,-168.439,190.41
43,160,20,0.25,365,1,-119.037,511.592
43,160,20,0.25,365,2,-377.862,343.893
43,160,20,0.25,365,3,-256.428,341.513
43,160,20,0.25,365,4,-103.91,458.768
43,160,20,0.25,365,5,-420.122,125.96
43,160,20,0.25,365,6,-100.238,565.621
43,160,20,0.25,365,7,-60.805,561.081
43,160,20,0.25,365,8,-230.667,380.597
44,160,20,0.60,30,1,-75.4716,183.85
44,160,20,0.60,30,2,-172.789,126.001
44,160,20,0.60,30,3,-138.945,180.799
44,160,20,0.60,30,4,-170.972,158.426
44,160,20,0.60,30,5,-135.617,141.374
44,160,20,0.60,30,6,-71.7154,174.581
44,160,20,0.60,30,7,-83.431,183.943
44,160,20,0.60,30,8,-120.091,161.504
44,160,20,0.60,45,1,-118.691,251.885
44,160,20,0.60,45,2,-260.251,190.666
44,160,20,0.60,45,3,-234.066,227.954
44,160,20,0.60,45,4,-188.488,243.14
44,160,20,0.60,45,5,-290.069,167.572
44,160,20,0.60,45,6,-141.432,303.161
44,160,20,0.60,45,7,-121.52,306.646
44,160,20,0.60,45,8,-218.156,243.553
44,160,20,0.60,90,1,-325.615,493.688
44,160,20,0.60,90,2,-443.15,474.756
44,160,20,0.60,90,3,-435.553,472.955
44,160,20,0.60,90,4,-400.535,434.154
44,160,20,0.60,90,5,-526.31,261.975
44,160,20,0.60,90,6,-229.245,588.72
44,160,20,0.60,90,7,-354.684,599.12
44,160,20,0.60,90,8,-352.992,454.307
44,160,20,0.60,180,1,-670.572,1098.61
44,160,20,0.60,180,2,-792.641,707.186
44,160,20,0.60,180,3,-845.22,923.259
44,160,20,0.60,180,4,-753.106,1041.44
44,160,20,0.60,180,5,-1082.46,657.82
44,160,20,0.60,180,6,-555.68,994.878
44,160,20,0.60,180,7,-752.658,1050.7
44,160,20,0.60,180,8,-906.986,968.261
44,160,20,0.60,365,1,-1309.47,2365.97
44,160,20,0.60,365,2,-1920.49,1559.88
44,160,20,0.60,365,3,-1636.39,1786.34
44,160,20,0.60,365,4,-1273.6,2114.05
44,160,20,0.60,365,5,-2029.14,1512.37
44,160,20,0.60,365,6,-1269.33,2180.48
44,160,20,0.60,365,7,-1168.67,2305.57
44,160,20,0.60,365,8,-1574.1,1858.07
45,160,40,0.05,30,1,-7.26695,13.9316
45,160,40,0.05,30,2,-20.6154,21.4828
45,160,40,0.05,30,3,-20.1535,0.356208
45,160,40,0.05,30,4,-19.2317,13.8658
45,160,40,0.05,30,5,-16.7153,-3.68876
45,160,40,0.05,30,6,12.4112,27.2716
45,160,40,0.05,30,7,2.09416,26.8297
45,160,40,0.05,30,8,-1.47604,33.8651
45,160,40,0.05,45,1,-0.351818,30.2952
45,160,40,0.05,45,2,-49.4029,13.8969
45,160,40,0.05,45,3,-15.8248,30.6835
45,160,40,0.05,45,4,-18.1334,59.1985
45,160,40,0.05,45,5,-47.1243,-3.10045
45,160,40,0.05,45,6,-11.975,16.0223
45,160,40,0.05,45,7,12.0832,32.4827
45,160,40,0.05,45,8,-11.5104,36.9768
45,160,40,0.05,90,1,-33.4312,77.3224
45,160,40,0.05,90,2,-41.282,12.4206
45,160,40,0.05,90,3,-38.9665,53.8601
45,160,40,0.05,90,4,-10.3978,43.0942
45,160,40,0.05,90,5,-74.0526,-2.0843
45,160,40,0.05,90,6,7.95289,87.8231
45,160,40,0.05,90,7,-29.1243,71.4101
45,160,40,0.05,90,8,-2.46937,75.7987
45,160,40,0.05,180,1,-59.5216,114.364
45,160,40,0.05,180,2,-94.9911,45.0089
45,160,40,0.05,180,3,-75.5117,81.5971
45,160,40,0.05,180,4,1.59201,164.421
45,160,40,0.05,180,5,-156.055,28.5627
45,160,40,0.05,180,6,7.45345,141.89
45,160,40,0.05,180,7,-57.2174,134.803
45,160,40,0.05,180,8,-31.0717,200.793
45,160,40,0.05,365,1,-106.92,271.731
45,160,40,0.05,365,2,-201.643,134.551
45,160,40,0.05,365,3,-178.635,145.971
45,160,40,0.05,365,4,-11.6319,279.742
45,160,40,0.05,365,5,-289.424,20.6562
45,160,40,0.05,365,6,-50.4581,290.134
45,160,40,0.05,365,7,-12.052,319.616
45,160,40,0.05,365,8,48.0156,354.031
46,160,40,0.25,30,1,-304.623,381.184
46,160,40,0.25,30,2,-369.151,274.325
46,160,40,0.25,30,3,-368.309,335.898
46,160,40,0.25,30,4,-363.925,415.888
46,160,40,0.25,30,5,-351.997,319.622
46,160,40,0.25,30,6,-208.237,375.883
46,160,40,0.25,30,7,-257.936,410.237
46,160,40,0.25,30,8,-275.252,394.233
46,160,40,0.25,45,1,-404.416,485.462
46,160,40,0.25,45,2,-645.19,456.156
46,160,40,0.25,45,3,-481.071,586.013
46,160,40,0.25,45,4,-493.007,512.754
46,160,40,0.25,45,5,-637.909,432.992
46,160,40,0.25,45,6,-464.422,555.226
46,160,40,0.25,45,7,-342.251,571.067
46,160,40,0.25,45,8,-459.784,655.804
46,160,40,0.25,90,1,-972.644,1206.07
46,160,40,0.25,90,2,-1005.15,964.726
46,160,40,0.25,90,3,-998.458,978.318
46,160,40,0.25,90,4,-858.346,1187.91
46,160,40,0.25,90,5,-1173.68,722.46
46,160,40,0.25,90,6,-770.049,1102.54
46,160,40,0.25,90,7,-948.535,1166.41
46,160,40,0.25,90,8,-817.146,1261.86
46,160,40,0.25,180,1,-1907.15,2320.47
46,160,40,0.25,180,2,-2071.8,1824.82
46,160,40,0.25,180,3,-1984.85,1993.55
46,160,40,0.25,180,4,-1604.21,2279.42
46,160,40,0.25,180,5,-2386.99,1722.22
46,160,40,0.25,180,6,-1582.75,2401.57
46,160,40,0.25,180,7,-1892.76,2298
46,160,40,0.25,180,8,-1763.37,2437.25
46,160,40,0.25,365,1,-3799.64,4655.95
46,160,40,0.25,365,2,-4246.81,3846.88
46,160,40,0.25,365,3,-4151.11,3925.23
46,160,40,0.25,365,4,-3326.45,4626.51
46,160,40,0.25,365,5,-4707.48,3129.81
46,160,40,0.25,365,6,-3533.77,4675.14
46,160,40,0.25,365,7,-3322.44,4738.22
46,160,40,0.25,365,8,-3023.55,4872.42
47,160,40,0.60,30,1,-1802.89,1901.81
47,160,40,0.60,30,2,-1948.87,1808.02
47,160,40,0.60,30,3,-1952.71,1724.2
47,160,40,0.60,30,4,-1943.09,1906.94
47,160,40,0.60,30,5,-1917.09,1652.91
47,160,40,0.60,30,6,-1579.63,1822.49
47,160,40,0.60,30,7,-1691.34,1867.99
47,160,40,0.60,30,8,-1730.75,2070.01
47,160,40,0.60,45,1,-2579.21,2837.99
47,160,40,0.60,45,2,-3139.03,2527.62
47,160,40,0.60,45,3,-2760.31,2664.49
47,160,40,0.60,45,4,-2790.52,3005.87
47,160,40,0.60,45,5,-3138,2296.19
47,160,40,0.60,45,6,-2730.76,2824.16
47,160,40,0.60,45,7,-2430.09,2899.81
47,160,40,0.60,45,8,-2710.37,2965.49
47,160,40,0.60,90,1,-5552.2,5909.97
47,160,40,0.60,90,2,-5603.19,5327.09
47,160,40,0.60,90,3,-5606.68,5333.92
47,160,40,0.60,90,4,-5281.4,5458.91
47,160,40,0.60,90,5,-6026.31,5349.45
47,160,40,0.60,90,6,-5083.37,5640.71
47,160,40,0.60,90,7,-5484.05,5908.46
47,160,40,0.60,90,8,-5176.32,5765.07
47,160,40,0.60,180,1,-11007.1,11862.2
47,160,40,0.60,180,2,-11351.4,10403.6
47,160,40,0.60,180,3,-11184.6,10639.9
47,160,40,0.60,180,4,-10290.7,11926.6
47,160,40,0.60,180,5,-12147.2,9854.17
47,160,40,0.60,180,6,-10270.6,11497.4
47,160,40,0.60,180,7,-10961.1,11685.7
47,160,40,0.60,180,8,-10656,11590.7
47,160,40,0.60,365,1,-22162.7,23798.1
47,160,40,0.60,365,2,-23130,21068.8
47,160,40,0.60,365,3,-22977.6,21819.7
47,160,40,0.60,365,4,-21040.3,23208.6
47,160,40,0.60,365,5,-24322.4,20229.6
47,160,40,0.60,365,6,-21590.5,23368.4
47,160,40,0.60,365,7,-21006.2,23700
47,160,40,0.60,365,8,-20294.8,24066.2
