cell,d,L,drho,T_days,Z_emp,AUC,median_qX,mean_qK0,sd_qK0,Z_asimov_ideal,Z_asimov_nuis,detected
0,40,5,0.05,30,-0.72632,0.3438,-0.0101789,0.0216471,0.0438182,0.024729,0.024717,0
0,40,5,0.05,45,-1.6248,0.2969,-0.0792477,0.010897,0.0554803,0.030287,0.030272,0
0,40,5,0.05,90,0.56316,0.6562,-0.0221355,-0.0500798,0.0496209,0.042832,0.042811,0
0,40,5,0.05,180,-0.17637,0.4062,0.0106816,0.0372271,0.150512,0.060573,0.060544,0
0,40,5,0.05,365,0.42489,0.6719,0.0305942,-0.0693375,0.235193,0.086256,0.086214,0
1,40,5,0.25,30,-0.63098,0.375,-0.0422103,0.0959424,0.218948,0.12341,0.12335,0
1,40,5,0.25,45,0.29013,0.5312,0.116561,0.0361452,0.277174,0.15114,0.15107,0
1,40,5,0.25,90,-0.11549,0.5781,-0.315389,-0.286764,0.247844,0.21374,0.21365,0
1,40,5,0.25,180,-0.18114,0.4844,-0.0232926,0.112939,0.752085,0.30228,0.30214,0
1,40,5,0.25,365,1.0893,0.7812,0.785275,-0.494728,1.17507,0.43045,0.43025,0
2,40,5,0.60,30,-0.35264,0.3125,-0.00599931,0.179071,0.524807,0.29516,0.29502,0
2,40,5,0.60,45,-0.33298,0.4375,-0.210878,0.0102948,0.664219,0.36149,0.36133,0
2,40,5,0.60,90,1.7486,0.7969,0.198679,-0.839717,0.593846,0.51123,0.511,0
2,40,5,0.60,180,0.14151,0.4688,0.220742,-0.0343842,1.80286,0.72299,0.72266,0
2,40,5,0.60,365,0.8482,0.8125,0.584178,-1.80425,2.81588,1.0295,1.0291,0
3,40,10,0.05,30,-0.22949,0.4219,-0.0232897,0.0362767,0.259558,0.11168,0.11152,0
3,40,10,0.05,45,-0.69492,0.3125,-0.204436,-0.018436,0.267657,0.13678,0.13658,0
3,40,10,0.05,90,0.50321,0.6094,0.0178539,-0.158041,0.349547,0.19344,0.19316,0
3,40,10,0.05,180,0.18121,0.5469,0.151557,0.0286395,0.678316,0.27356,0.27317,0
3,40,10,0.05,365,0.38536,0.6562,-0.0673518,-0.596451,1.37299,0.38955,0.38899,0
4,40,10,0.25,30,0.57479,0.5469,0.67891,-0.0657428,1.29552,0.55596,0.55516,0
4,40,10,0.25,45,0.83465,0.7188,0.652262,-0.462883,1.33607,0.6809,0.67993,0
4,40,10,0.25,90,0.44495,0.625,-0.754626,-1.53043,1.74358,0.96294,0.96157,0
4,40,10,0.25,180,1.1109,0.6875,2.42272,-1.33967,3.38677,1.3618,1.3599,0
4,40,10,0.25,365,0.75716,0.7344,-0.794877,-5.98399,6.85339,1.9392,1.9364,0
5,40,10,0.60,30,1.1027,0.7812,2.23869,-1.1793,3.09972,1.3242,1.3223,0
5,40,10,0.60,45,1.4845,0.8125,2.10467,-2.64218,3.19769,1.6218,1.6195,0
5,40,10,0.60,90,1.6995,0.8906,0.352126,-6.73141,4.16791,2.2936,2.2904,0
5,40,10,0.60,180,2.0224,0.875,7.05568,-9.34233,8.10814,3.2437,3.239,0
5,40,10,0.60,365,2.3121,0.9688,11.1581,-26.7638,16.4015,4.619,4.6124,0
6,40,20,0.05,30,0.1056,0.6562,0.00036042,-0.123284,1.17093,0.45768,0.45519,0
6,40,20,0.05,45,0.48082,0.5625,-0.170188,-0.791682,1.29256,0.56054,0.55749,0
6,40,20,0.05,90,0.44098,0.75,-0.235138,-1.13063,2.03067,0.79272,0.78842,0
6,40,20,0.05,180,0.69509,0.6875,1.29985,-1.66131,4.2601,1.1211,1.115,0
6,40,20,0.05,365,0.65721,0.7031,-1.25421,-6.89003,8.57537,1.5964,1.5877,0
7,40,20,0.25,30,1.2755,0.8125,2.73777,-4.70822,5.83763,2.2687,2.2564,0
7,40,20,0.25,45,2.189,0.9375,4.0133,-10.0887,6.44214,2.7786,2.7635,0
7,40,20,0.25,90,2.812,0.9375,10.5162,-17.9178,10.1118,3.9295,3.9082,0
7,40,20,0.25,180,2.8073,1,26.7799,-32.839,21.2368,5.5571,5.5271,0
7,40,20,0.25,365,3.0288,1,45.1671,-84.1449,42.6943,7.9134,7.8706,0
8,40,20,0.60,30,3.6328,0.9844,22.6944,-27.9508,13.941,5.3641,5.3354,0
8,40,20,0.60,45,6.0287,1,43.5419,-49.1593,15.3765,6.5697,6.5345,1
8,40,20,0.60,90,6.3692,1,60.5832,-92.912,24.0996,9.291,9.2411,1
8,40,20,0.60,180,6.3907,1,145.414,-178.645,50.708,13.139,13.069,1
8,40,20,0.60,365,7.0643,1,314.425,-404.171,101.722,18.711,18.61,1
9,40,40,0.05,30,0.58585,0.6094,0.68035,-2.61649,5.62746,1.8295,1.7901,0
9,40,40,0.05,45,1.2655,0.8281,2.70264,-7.27369,7.88326,2.2407,2.1925,0
9,40,40,0.05,90,1.0614,0.7969,1.42213,-11.0691,11.769,3.1688,3.1006,0
9,40,40,0.05,180,2.3408,0.8906,7.67991,-29.236,15.7705,4.4814,4.3849,0
9,40,40,0.05,365,1.7455,0.9062,6.65162,-69.0992,43.3968,6.3815,6.2441,0
10,40,40,0.25,30,5.302,1,72.8301,-75.6056,27.9961,8.9926,8.8007,1
10,40,40,0.25,45,6.1551,1,111.267,-130.089,39.2124,11.014,10.779,1
10,40,40,0.25,90,7.7167,1,208.5,-242.854,58.4903,15.576,15.243,1
10,40,40,0.25,180,12.095,1,430.28,-520.933,78.6471,22.027,21.557,1
10,40,40,0.25,365,9.0427,1,842.812,-1105.14,215.418,31.367,30.698,1
11,40,40,0.60,30,12.356,1,394.608,-428.597,66.6217,20.959,20.519,1
11,40,40,0.60,45,13.699,1,595.306,-682.666,93.2906,25.67,25.13,1
11,40,40,0.60,90,17.85,1,1156.58,-1324.03,138.968,36.303,35.54,1
11,40,40,0.60,180,26.984,1,2341.33,-2731.53,187.993,51.34,50.261,1
11,40,40,0.60,365,20.863,1,5002.2,-5654.97,510.815,73.108,71.572,1
12,80,5,0.05,30,-0.34844,0.5,0.0152138,0.0332412,0.0517376,0.032587,0.032562,0
12,80,5,0.05,45,0.46626,0.7188,-0.000933604,-0.0508564,0.10707,0.039911,0.03988,0
12,80,5,0.05,90,-0.56364,0.3281,-0.0220425,0.02241,0.0788664,0.056443,0.056399,0
12,80,5,0.05,180,0.059469,0.5469,0.0418382,0.0302841,0.194289,0.079822,0.079761,0
12,80,5,0.05,365,-0.25249,0.4062,-0.072824,-0.0131103,0.236502,0.11367,0.11358,0
13,80,5,0.25,30,-0.33462,0.4688,0.0584217,0.144923,0.258508,0.16262,0.1625,0
13,80,5,0.25,45,0.084768,0.5469,-0.240413,-0.285761,0.534975,0.19916,0.19902,0
13,80,5,0.25,90,-0.28392,0.4688,-0.0633865,0.0484735,0.393987,0.28166,0.28145,0
13,80,5,0.25,180,0.41627,0.5781,0.428534,0.0244451,0.97075,0.39833,0.39803,0
13,80,5,0.25,365,0.26209,0.4531,-0.0132137,-0.322822,1.18129,0.56722,0.5668,0
14,80,5,0.60,30,0.596,0.6562,0.628313,0.259029,0.619601,0.38896,0.38867,0
14,80,5,0.60,45,0.62506,0.625,-0.0156901,-0.817234,1.28235,0.47638,0.47602,0
14,80,5,0.60,90,0.82524,0.6094,0.630775,-0.148451,0.944245,0.6737,0.6732,0
14,80,5,0.60,180,0.46112,0.6094,0.602276,-0.470719,2.32692,0.95275,0.95205,0
14,80,5,0.60,365,0.45222,0.6406,-0.56743,-1.84728,2.83014,1.3567,1.3557,0
15,80,10,0.05,30,0.5329,0.625,0.118184,-0.0503677,0.316289,0.1448,0.14446,0
15,80,10,0.05,45,0.91573,0.7031,0.0899631,-0.192847,0.308837,0.17734,0.17692,0
15,80,10,0.05,90,-0.70091,0.2656,-0.460328,0.00510416,0.664041,0.2508,0.2502,0
15,80,10,0.05,180,-0.2139,0.3594,-0.0805754,0.166752,1.1563,0.35469,0.35384,0
15,80,10,0.05,365,0.66929,0.7188,0.0224351,-0.78644,1.20855,0.50508,0.50387,0
16,80,10,0.25,30,1.6084,0.75,1.87388,-0.66628,1.57927,0.7209,0.71919,0
16,80,10,0.25,45,1.142,0.8125,0.175672,-1.58518,1.54184,0.88292,0.88082,0
16,80,10,0.25,90,0.84996,0.7812,1.59753,-1.21901,3.31375,1.2486,1.2457,0
16,80,10,0.25,180,0.26033,0.6406,-0.153363,-1.65612,5.77247,1.7658,1.7616,0
16,80,10,0.25,365,1.5833,0.8438,0.573721,-8.9729,6.02966,2.5146,2.5086,0
17,80,10,0.60,30,1.1875,0.8125,1.17791,-3.31238,3.78138,1.7173,1.7133,0
17,80,10,0.60,45,2.2758,0.9375,2.02832,-6.37106,3.69077,2.1033,2.0983,0
17,80,10,0.60,90,2.1171,0.9531,8.71089,-8.07011,7.92625,2.9745,2.9675,0
17,80,10,0.60,180,2.0061,1,13.4511,-14.2676,13.8173,4.2066,4.1966,0
17,80,10,0.60,365,5.19,1,32.4568,-42.3722,14.418,5.9902,5.976,1
18,80,20,0.05,30,0.38655,0.5938,0.356457,-0.212749,1.47253,0.58661,0.58121,0
18,80,20,0.05,45,0.80329,0.875,-0.288486,-1.9277,2.04062,0.71845,0.71183,0
18,80,20,0.05,90,0.75502,0.6875,1.57463,-0.991624,3.39893,1.016,1.0067,0
18,80,20,0.05,180,0.55373,0.625,0.529696,-2.43761,5.35879,1.4369,1.4237,0
18,80,20,0.05,365,1.2589,0.7812,5.63625,-10.185,12.568,2.0461,2.0273,0
19,80,20,0.25,30,2.128,0.9688,7.90986,-7.73567,7.35232,2.9082,2.8815,0
19,80,20,0.25,45,2.8278,0.9688,9.13898,-19.6263,10.1723,3.5618,3.5291,0
19,80,20,0.25,90,2.3259,1,14.4022,-24.9734,16.9293,5.0371,4.9909,0
19,80,20,0.25,180,3.6911,1,46.4004,-52.2062,26.7148,7.1236,7.0583,0
19,80,20,0.25,365,3.7514,1,102.893,-131.998,62.6145,10.144,10.051,0
20,80,20,0.60,30,4.6634,1,36.3559,-45.7361,17.6033,6.8777,6.8151,0
20,80,20,0.60,45,6.2467,1,63.9418,-87.7759,24.2875,8.4235,8.3468,1
20,80,20,0.60,90,6.0618,1,103.228,-141.446,40.3634,11.913,11.804,1
20,80,20,0.60,180,8.4623,1,251.569,-288.263,63.7928,16.847,16.694,1
20,80,20,0.60,365,7.7542,1,511.169,-646.952,149.354,23.99,23.772,1
21,80,40,0.05,30,0.91754,0.7812,1.65584,-4.39106,6.59032,2.3296,2.2441,0
21,80,40,0.05,45,1.5614,0.9062,1.64986,-10.3766,7.70255,2.8532,2.7484,0
21,80,40,0.05,90,2.0865,0.9062,15.3166,-19.2644,16.5736,4.035,3.8869,0
21,80,40,0.05,180,2.6087,0.9531,20.3599,-39.3095,22.8733,5.7064,5.4969,0
21,80,40,0.05,365,1.8222,0.8906,23.5737,-92.7164,63.8186,8.1259,7.8275,0
22,80,40,0.25,30,7.1496,1,113.791,-120.284,32.7394,11.453,11.036,1
22,80,40,0.25,45,9.8187,1,176.123,-199.304,38.236,14.027,13.516,1
22,80,40,0.25,90,9.0471,1,353.654,-391.21,82.3322,19.838,19.115,1
22,80,40,0.25,180,12.58,1,644.116,-786.165,113.697,28.054,27.033,1
22,80,40,0.25,365,9.5995,1,1381.7,-1658.82,316.738,39.95,38.494,1
23,80,40,0.60,30,17.079,1,649.37,-678.108,77.7277,26.704,25.745,1
23,80,40,0.60,45,22.255,1,955.894,-1062.17,90.6774,32.706,31.531,1
23,80,40,0.60,90,20.687,1,1937.22,-2106.77,195.48,46.253,44.591,1
23,80,40,0.60,180,29.906,1,3862.54,-4221.89,270.332,65.412,63.061,1
23,80,40,0.60,365,22.026,1,7823.88,-8714.69,750.879,93.146,89.799,1
24,120,5,0.05,30,-0.85769,0.2344,-0.0260663,0.015916,0.0489482,0.045075,0.045012,0
24,120,5,0.05,45,0.70284,0.75,0.0533648,-0.0793386,0.188811,0.055205,0.055128,0
24,120,5,0.05,90,-0.29205,0.4531,-0.033484,0.034519,0.232845,0.078072,0.077963,0
24,120,5,0.05,180,-0.0050765,0.5,-0.0444793,-0.0436657,0.160249,0.11041,0.11026,0
24,120,5,0.05,365,0.23143,0.6406,0.0732743,-0.0647281,0.596296,0.15723,0.15701,0
25,120,5,0.25,30,0.88496,0.75,0.255615,0.0391332,0.244623,0.22495,0.22464,0
25,120,5,0.25,45,0.76563,0.7656,0.265281,-0.457051,0.943445,0.2755,0.27512,0
25,120,5,0.25,90,0.39519,0.5781,0.511046,0.0512353,1.16352,0.38962,0.38908,0
25,120,5,0.25,180,1.4946,0.8281,0.735451,-0.460669,0.800308,0.55101,0.55025,0
25,120,5,0.25,365,0.44153,0.7188,0.500415,-0.815161,2.97959,0.78464,0.78355,0
26,120,5,0.60,30,-0.056682,0.4688,-0.108041,-0.07479,0.586629,0.5381,0.53735,0
26,120,5,0.60,45,1.0696,0.8438,1.07039,-1.34868,2.26175,0.65903,0.65812,0
26,120,5,0.60,90,0.19622,0.5625,0.164061,-0.383301,2.78949,0.93201,0.93072,0
26,120,5,0.60,180,1.7726,0.7656,1.28197,-2.11621,1.91712,1.3181,1.3162,0
26,120,5,0.60,365,1.0874,0.8594,3.76115,-4.00593,7.14273,1.8769,1.8743,0
27,120,10,0.05,30,-0.50503,0.4062,-0.0567548,0.16465,0.4384,0.19662,0.19571,0
27,120,10,0.05,45,0.6252,0.6406,0.123505,-0.333736,0.731353,0.24081,0.23969,0
27,120,10,0.05,90,0.44433,0.6562,0.379598,-0.149314,1.19035,0.34056,0.33897,0
27,120,10,0.05,180,1.7639,0.8281,0.781158,-0.757235,0.872162,0.48162,0.47938,0
27,120,10,0.05,365,0.58762,0.7031,0.202131,-1.47214,2.84926,0.68583,0.68264,0
28,120,10,0.25,30,0.57991,0.625,1.33007,0.0605085,2.18924,0.97903,0.97448,0
28,120,10,0.25,45,1.6083,0.8906,3.06221,-2.80874,3.65047,1.1991,1.1935,0
28,120,10,0.25,90,1.1274,0.8125,3.67172,-3.0302,5.94439,1.6957,1.6879,0
28,120,10,0.25,180,3.6482,0.9844,7.54421,-8.3496,4.35665,2.3981,2.387,0
28,120,10,0.25,365,1.9864,0.8906,11.653,-16.6154,14.2307,3.4149,3.3991,0
29,120,10,0.60,30,1.7897,0.9219,6.37246,-3.01017,5.24263,2.3328,2.322,0
29,120,10,0.60,45,2.1636,0.9688,7.44103,-11.4572,8.73484,2.8571,2.8439,0
29,120,10,0.60,90,2.3984,0.9844,17.4232,-16.7199,14.2359,4.0406,4.0219,0
29,120,10,0.60,180,7.6982,1,41.4423,-38.9174,10.4388,5.7142,5.6878,1
29,120,10,0.60,365,4.3588,1,70.4272,-78.1631,34.0895,8.1371,8.0994,0
30,120,20,0.05,30,0.39002,0.5,1.3507,0.433794,2.35092,0.79181,0.77738,0
30,120,20,0.05,45,0.72022,0.7969,-0.109564,-2.07502,2.72898,0.96977,0.95209,0
30,120,20,0.05,90,0.4347,0.7188,0.401809,-2.36644,6.36816,1.3715,1.3465,0
30,120,20,0.05,180,0.53939,0.6719,-0.277201,-4.46614,7.76601,1.9395,1.9042,0
30,120,20,0.05,365,0.84987,0.7812,7.52442,-7.82753,18.0639,2.7619,2.7116,0
31,120,20,0.25,30,2.3759,0.9844,18.0672,-9.78532,11.7229,3.9264,3.8551,0
31,120,20,0.25,45,3.7796,1,23.1056,-28.2732,13.5936,4.8088,4.7215,0
31,120,20,0.25,90,2.8962,0.9844,44.2794,-47.6502,31.7412,6.8007,6.6772,0
31,120,20,0.25,180,4.7034,1,88.2743,-93.9517,38.7432,9.6176,9.443,0
31,120,20,0.25,365,3.9322,0.9844,169.506,-184.395,90.0015,13.696,13.447,0
32,120,20,0.60,30,5.8739,1,92.272,-72.2266,28.0051,9.2892,9.1216,1
32,120,20,0.60,45,8.3232,1,128.967,-140.831,32.4153,11.377,11.172,1
32,120,20,0.60,90,6.6096,1,240.421,-260.402,75.7719,16.089,15.799,1
32,120,20,0.60,180,11.323,1,531.402,-517.505,92.6323,22.754,22.343,1
32,120,20,0.60,365,9.5211,1,1009.45,-1034.8,214.708,32.401,31.817,1
33,120,40,0.05,30,1.2698,0.7969,7.03621,-6.37393,10.5609,3.1387,2.911,0
33,120,40,0.05,45,2.1819,0.9531,9.06481,-14.651,10.8696,3.8442,3.5652,0
33,120,40,0.05,90,1.9137,0.9375,20.0127,-25.1256,23.5875,5.4365,5.0419,0
33,120,40,0.05,180,2.7557,0.9844,58.2274,-46.4354,37.9805,7.6883,7.1304,0
33,120,40,0.05,365,2.4786,0.9219,122.187,-106.418,92.2301,10.948,10.154,0
34,120,40,0.25,30,7.6473,1,202.329,-197.639,52.3022,15.436,14.323,1
34,120,40,0.25,45,11.893,1,317.821,-321.828,53.7839,18.905,17.542,1
34,120,40,0.25,90,10.444,1,595.739,-622.825,116.674,26.736,24.808,1
34,120,40,0.25,180,13.49,1,1309.08,-1226.56,187.962,37.81,35.084,1
34,120,40,0.25,365,11.35,1,2638.26,-2548.11,456.957,53.841,49.96,1
35,120,40,0.60,30,18.313,1,1128.87,-1133.15,123.52,36.009,33.442,1
35,120,40,0.60,45,26.984,1,1663.59,-1760.27,126.883,44.102,40.958,1
35,120,40,0.60,90,24.867,1,3368.28,-3470.77,275.029,62.369,57.924,1
35,120,40,0.60,180,30.945,1,6831.11,-6895.72,443.585,88.203,81.917,1
35,120,40,0.60,365,25.673,1,13604.3,-14127.6,1080.21,125.6,116.65,1
36,160,5,0.05,30,-0.066954,0.4219,0.0433341,0.0524142,0.135618,0.060905,0.060719,0
36,160,5,0.05,45,0.14372,0.5469,0.0526984,0.0196952,0.22964,0.074593,0.074365,0
36,160,5,0.05,90,0.75549,0.7031,0.227535,0.0291591,0.262579,0.10549,0.10517,0
36,160,5,0.05,180,0.033851,0.6406,0.027588,0.0194573,0.240187,0.14919,0.14873,0
36,160,5,0.05,365,0.52237,0.625,0.395566,0.125766,0.51649,0.21244,0.21179,0
37,160,5,0.25,30,0.77694,0.7031,0.714847,0.188384,0.677611,0.30399,0.30307,0
37,160,5,0.25,45,0.21752,0.6094,0.237629,-0.0119237,1.14728,0.37231,0.37118,0
37,160,5,0.25,90,0.80031,0.75,0.975197,-0.0749492,1.31218,0.52653,0.52493,0
37,160,5,0.25,180,1.4746,0.7344,1.42481,-0.343938,1.19946,0.74463,0.74236,0
37,160,5,0.25,365,2.0737,0.875,5.08343,-0.266306,2.57979,1.0603,1.0571,0
38,160,5,0.60,30,0.49965,0.6094,0.956142,0.144569,1.62428,0.72737,0.72516,0
38,160,5,0.60,45,0.65025,0.75,1.29866,-0.489281,2.74963,0.89084,0.88813,0
38,160,5,0.60,90,1.108,0.7188,2.38487,-1.1011,3.14631,1.2598,1.256,0
38,160,5,0.60,180,2.3565,0.9219,4.1021,-2.6668,2.87245,1.7817,1.7763,0
38,160,5,0.60,365,2.1957,0.8281,9.19477,-4.375,6.18017,2.5371,2.5294,0
39,160,10,0.05,30,0.15952,0.4062,0.475335,0.367886,0.673592,0.26171,0.25893,0
39,160,10,0.05,45,-0.56851,0.4531,-0.223519,0.244143,0.822606,0.32053,0.31713,0
39,160,10,0.05,90,0.28806,0.5312,0.94341,0.512398,1.49625,0.45329,0.44849,0
39,160,10,0.05,180,0.90728,0.75,2.23756,0.479705,1.93749,0.64105,0.63426,0
39,160,10,0.05,365,0.91859,0.7031,5.19534,1.28494,4.25697,0.91286,0.90318,0
40,160,10,0.25,30,0.46963,0.5938,2.08182,0.503633,3.36051,1.3036,1.2898,0
40,160,10,0.25,45,2.026,0.9062,7.53422,-0.781727,4.10453,1.5965,1.5796,0
40,160,10,0.25,90,1.3773,0.8125,8.84058,-1.44318,7.46684,2.2579,2.234,0
40,160,10,0.25,180,2.9837,0.9531,23.2415,-5.60718,9.66867,3.1931,3.1593,0
40,160,10,0.25,365,2.296,0.8906,38.9506,-9.80996,21.2374,4.547,4.4988,0
41,160,10,0.60,30,1.7795,1,9.9715,-4.3252,8.03412,3.108,3.0752,0
41,160,10,0.60,45,2.3443,0.9531,12.8388,-10.1721,9.81576,3.8065,3.7663,0
41,160,10,0.60,90,3.2334,1,37.6929,-20.0566,17.8605,5.3832,5.3264,0
41,160,10,0.60,180,5.4768,1,80.0425,-46.6238,23.1279,7.613,7.5326,1
41,160,10,0.60,365,4.7703,1,151.406,-90.8017,50.7738,10.841,10.726,0
42,160,20,0.05,30,0.32033,0.5938,2.12188,1.01829,3.44517,1.0604,1.0187,0
42,160,20,0.05,45,0.6293,0.6719,3.71988,0.282339,5.46247,1.2988,1.2477,0
42,160,20,0.05,90,1.1022,0.7188,9.70351,1.37201,7.55881,1.8368,1.7645,0
42,160,20,0.05,180,1.1766,0.7656,16.0608,0.388169,13.3198,2.5976,2.4953,0
42,160,20,0.05,365,1.1748,0.7812,40.3168,8.27524,27.2752,3.6989,3.5533,0
43,160,20,0.25,30,3.0148,1,36.1992,-15.463,17.1361,5.261,5.0545,0
43,160,20,0.25,45,2.5502,1,39.9808,-29.4124,27.2104,6.4434,6.1905,0
43,160,20,0.25,90,4.1278,1,100.341,-54.7926,37.5822,9.1124,8.7547,0
43,160,20,0.25,180,5.1205,1,218,-121.307,66.2638,12.887,12.381,1
43,160,20,0.25,365,4.6332,1,419.682,-208.634,135.611,18.351,17.631,0
44,160,20,0.60,30,7.0947,1,168.043,-121.129,40.7586,12.457,11.971,1
44,160,20,0.60,45,6.7799,1,243.346,-196.584,64.887,15.257,14.661,1
44,160,20,0.60,90,9.5977,1,473.855,-383.51,89.3301,21.576,20.734,1
44,160,20,0.60,180,11.267,1,981.57,-794.916,157.665,30.514,29.322,1
44,160,20,0.60,365,10.885,1,1986.06,-1522.65,322.344,43.451,41.755,1
45,160,40,0.05,30,2.1551,0.9219,17.7072,-8.86919,12.3319,4.2916,3.6968,0
45,160,40,0.05,45,2.2814,0.9688,30.4893,-17.7799,21.1579,5.2561,4.5276,0
45,160,40,0.05,90,3.4863,0.9844,62.6351,-27.7214,25.9172,7.4333,6.403,0
45,160,40,0.05,180,3.4315,1,124.583,-58.1654,53.2555,10.512,9.0552,0
45,160,40,0.05,365,3.2742,0.9844,275.736,-100.344,114.86,14.969,12.895,0
46,160,40,0.25,30,11.376,1,378.534,-312.429,60.7407,21.108,18.201,1
46,160,40,0.25,45,9.788,1,533.99,-491.006,104.72,25.852,22.292,1
46,160,40,0.25,90,16.281,1,1134.48,-943.001,127.604,36.56,31.525,1
46,160,40,0.25,180,15.98,1,2288.71,-1899.23,262.074,51.704,44.583,1
46,160,40,0.25,365,14.786,1,4641.23,-3763.91,568.467,73.627,63.487,1
47,160,40,0.60,30,25.796,1,1845.24,-1820.8,142.118,49.252,42.542,1
47,160,40,0.60,45,22.727,1,2831.07,-2784.79,247.099,60.321,52.103,1
47,160,40,0.60,90,36.937,1,5549.81,-5476.69,298.519,85.306,73.685,1
47,160,40,0.60,180,36.778,1,11544,-10983.6,612.537,120.64,104.21,1
47,160,40,0.60,365,33.802,1,23288.5,-22065.6,1341.74,171.79,148.39,1
