seed,sensor,V,B,scene,total_photons,dust_photons,net_vs_empty
1,far,inf,1e+14,empty,9.451974e+08,0.000000e+00,0.000000e+00
1,far,inf,1e+14,person,9.475141e+08,0.000000e+00,2.316701e+06
1,far,inf,1e+14,vehicle,9.469505e+08,0.000000e+00,1.753101e+06
1,far,inf,1e+15,empty,9.451974e+09,0.000000e+00,0.000000e+00
1,far,inf,1e+15,person,9.475141e+09,0.000000e+00,2.316701e+07
1,far,inf,1e+15,vehicle,9.469505e+09,0.000000e+00,1.753101e+07
1,far,inf,1e+16,empty,9.451974e+10,0.000000e+00,0.000000e+00
1,far,inf,1e+16,person,9.475141e+10,0.000000e+00,2.316701e+08
1,far,inf,1e+16,vehicle,9.469505e+10,0.000000e+00,1.753101e+08
1,far,inf,1e+17,empty,9.451974e+11,0.000000e+00,0.000000e+00
1,far,inf,1e+17,person,9.475141e+11,0.000000e+00,2.316701e+09
1,far,inf,1e+17,vehicle,9.469505e+11,0.000000e+00,1.753101e+09
1,far,50,1e+14,empty,3.266466e+08,2.099470e+08,0.000000e+00
1,far,50,1e+14,person,3.268362e+08,2.099454e+08,1.896385e+05
1,far,50,1e+14,vehicle,3.267702e+08,2.099451e+08,1.236281e+05
1,far,50,1e+15,empty,3.266466e+09,2.099470e+09,0.000000e+00
1,far,50,1e+15,person,3.268362e+09,2.099454e+09,1.896385e+06
1,far,50,1e+15,vehicle,3.267702e+09,2.099451e+09,1.236281e+06
1,far,50,1e+16,empty,3.266466e+10,2.099470e+10,0.000000e+00
1,far,50,1e+16,person,3.268362e+10,2.099454e+10,1.896385e+07
1,far,50,1e+16,vehicle,3.267702e+10,2.099451e+10,1.236281e+07
1,far,50,1e+17,empty,3.266466e+11,2.099470e+11,0.000000e+00
1,far,50,1e+17,person,3.268362e+11,2.099454e+11,1.896385e+08
1,far,50,1e+17,vehicle,3.267702e+11,2.099451e+11,1.236281e+08
1,far,30,1e+14,empty,1.364129e+08,1.063586e+08,0.000000e+00
1,far,30,1e+14,person,1.364485e+08,1.063581e+08,3.558485e+04
1,far,30,1e+14,vehicle,1.364339e+08,1.063581e+08,2.097980e+04
1,far,30,1e+15,empty,1.364129e+09,1.063586e+09,0.000000e+00
1,far,30,1e+15,person,1.364485e+09,1.063581e+09,3.558485e+05
1,far,30,1e+15,vehicle,1.364339e+09,1.063581e+09,2.097980e+05
1,far,30,1e+16,empty,1.364129e+10,1.063586e+10,0.000000e+00
1,far,30,1e+16,person,1.364485e+10,1.063581e+10,3.558485e+06
1,far,30,1e+16,vehicle,1.364339e+10,1.063581e+10,2.097980e+06
1,far,30,1e+17,empty,1.364129e+11,1.063586e+11,0.000000e+00
1,far,30,1e+17,person,1.364485e+11,1.063581e+11,3.558485e+07
1,far,30,1e+17,vehicle,1.364339e+11,1.063581e+11,2.097980e+07
1,far,20,1e+14,empty,4.192414e+07,3.624048e+07,0.000000e+00
1,far,20,1e+14,person,4.192853e+07,3.624041e+07,4.386580e+03
1,far,20,1e+14,vehicle,4.192642e+07,3.624042e+07,2.282928e+03
1,far,20,1e+15,empty,4.192414e+08,3.624048e+08,0.000000e+00
1,far,20,1e+15,person,4.192853e+08,3.624041e+08,4.386580e+04
1,far,20,1e+15,vehicle,4.192642e+08,3.624042e+08,2.282928e+04
1,far,20,1e+16,empty,4.192414e+09,3.624048e+09,0.000000e+00
1,far,20,1e+16,person,4.192853e+09,3.624041e+09,4.386580e+05
1,far,20,1e+16,vehicle,4.192642e+09,3.624042e+09,2.282928e+05
1,far,20,1e+17,empty,4.192414e+10,3.624048e+10,0.000000e+00
1,far,20,1e+17,person,4.192853e+10,3.624041e+10,4.386580e+06
1,far,20,1e+17,vehicle,4.192642e+10,3.624042e+10,2.282928e+06
1,far,15,1e+14,empty,1.214824e+07,1.104597e+07,0.000000e+00
1,far,15,1e+14,person,1.214878e+07,1.104596e+07,5.406291e+02
1,far,15,1e+14,vehicle,1.214849e+07,1.104596e+07,2.487815e+02
1,far,15,1e+15,empty,1.214824e+08,1.104597e+08,0.000000e+00
1,far,15,1e+15,person,1.214878e+08,1.104596e+08,5.406291e+03
1,far,15,1e+15,vehicle,1.214849e+08,1.104596e+08,2.487815e+03
1,far,15,1e+16,empty,1.214824e+09,1.104597e+09,0.000000e+00
1,far,15,1e+16,person,1.214878e+09,1.104596e+09,5.406291e+04
1,far,15,1e+16,vehicle,1.214849e+09,1.104596e+09,2.487815e+04
1,far,15,1e+17,empty,1.214824e+10,1.104597e+10,0.000000e+00
1,far,15,1e+17,person,1.214878e+10,1.104596e+10,5.406291e+05
1,far,15,1e+17,vehicle,1.214849e+10,1.104596e+10,2.487815e+05
1,far,10,1e+14,empty,9.238702e+05,8.801814e+05,0.000000e+00
1,far,10,1e+14,person,9.238784e+05,8.801812e+05,8.234668e+00
1,far,10,1e+14,vehicle,9.238731e+05,8.801813e+05,2.979784e+00
1,far,10,1e+15,empty,9.238702e+06,8.801814e+06,0.000000e+00
1,far,10,1e+15,person,9.238784e+06,8.801812e+06,8.234668e+01
1,far,10,1e+15,vehicle,9.238731e+06,8.801813e+06,2.979784e+01
1,far,10,1e+16,empty,9.238702e+07,8.801814e+07,0.000000e+00
1,far,10,1e+16,person,9.238784e+07,8.801812e+07,8.234668e+02
1,far,10,1e+16,vehicle,9.238731e+07,8.801813e+07,2.979784e+02
1,far,10,1e+17,empty,9.238702e+08,8.801814e+08,0.000000e+00
1,far,10,1e+17,person,9.238784e+08,8.801812e+08,8.234668e+03
1,far,10,1e+17,vehicle,9.238731e+08,8.801813e+08,2.979784e+03
1,far,5,1e+14,empty,2.964249e+02,2.929721e+02,0.000000e+00
1,far,5,1e+14,person,2.964249e+02,2.929721e+02,2.819178e-05
1,far,5,1e+14,vehicle,2.964249e+02,2.929721e+02,5.730796e-06
1,far,5,1e+15,empty,2.964249e+03,2.929721e+03,0.000000e+00
1,far,5,1e+15,person,2.964249e+03,2.929721e+03,2.819178e-04
1,far,5,1e+15,vehicle,2.964249e+03,2.929721e+03,5.730796e-05
1,far,5,1e+16,empty,2.964249e+04,2.929721e+04,0.000000e+00
1,far,5,1e+16,person,2.964249e+04,2.929721e+04,2.819178e-03
1,far,5,1e+16,vehicle,2.964249e+04,2.929721e+04,5.730796e-04
1,far,5,1e+17,empty,2.964249e+05,2.929721e+05,0.000000e+00
1,far,5,1e+17,person,2.964249e+05,2.929721e+05,2.819178e-02
1,far,5,1e+17,vehicle,2.964249e+05,2.929721e+05,5.730796e-03
1,near,inf,1e+14,empty,9.451974e+08,0.000000e+00,0.000000e+00
1,near,inf,1e+14,person,9.475141e+08,0.000000e+00,2.316701e+06
1,near,inf,1e+14,vehicle,9.469505e+08,0.000000e+00,1.753101e+06
1,near,inf,1e+15,empty,9.451974e+09,0.000000e+00,0.000000e+00
1,near,inf,1e+15,person,9.475141e+09,0.000000e+00,2.316701e+07
1,near,inf,1e+15,vehicle,9.469505e+09,0.000000e+00,1.753101e+07
1,near,inf,1e+16,empty,9.451974e+10,0.000000e+00,0.000000e+00
1,near,inf,1e+16,person,9.475141e+10,0.000000e+00,2.316701e+08
1,near,inf,1e+16,vehicle,9.469505e+10,0.000000e+00,1.753101e+08
1,near,inf,1e+17,empty,9.451974e+11,0.000000e+00,0.000000e+00
1,near,inf,1e+17,person,9.475141e+11,0.000000e+00,2.316701e+09
1,near,inf,1e+17,vehicle,9.469505e+11,0.000000e+00,1.753101e+09
1,near,50,1e+14,empty,9.112875e+08,5.880754e+08,0.000000e+00
1,near,50,1e+14,person,9.117973e+08,5.880710e+08,5.097471e+05
1,near,50,1e+14,vehicle,9.116205e+08,5.880703e+08,3.330092e+05
1,near,50,1e+15,empty,9.112875e+09,5.880754e+09,0.000000e+00
1,near,50,1e+15,person,9.117973e+09,5.880710e+09,5.097471e+06
1,near,50,1e+15,vehicle,9.116205e+09,5.880703e+09,3.330092e+06
1,near,50,1e+16,empty,9.112875e+10,5.880754e+10,0.000000e+00
1,near,50,1e+16,person,9.117973e+10,5.880710e+10,5.097471e+07
1,near,50,1e+16,vehicle,9.116205e+10,5.880703e+10,3.330092e+07
1,near,50,1e+17,empty,9.112875e+11,5.880754e+11,0.000000e+00
1,near,50,1e+17,person,9.117973e+11,5.880710e+11,5.097471e+08
1,near,50,1e+17,vehicle,9.116205e+11,5.880703e+11,3.330092e+08
1,near,30,1e+14,empty,7.600727e+08,5.952403e+08,0.000000e+00
1,near,30,1e+14,person,7.602575e+08,5.952380e+08,1.847304e+05
1,near,30,1e+14,vehicle,7.601820e+08,5.952380e+08,1.092275e+05
1,near,30,1e+15,empty,7.600727e+09,5.952403e+09,0.000000e+00
1,near,30,1e+15,person,7.602575e+09,5.952380e+09,1.847304e+06
1,near,30,1e+15,vehicle,7.601820e+09,5.952380e+09,1.092275e+06
1,near,30,1e+16,empty,7.600727e+10,5.952403e+10,0.000000e+00
1,near,30,1e+16,person,7.602575e+10,5.952380e+10,1.847304e+07
1,near,30,1e+16,vehicle,7.601820e+10,5.952380e+10,1.092275e+07
1,near,30,1e+17,empty,7.600727e+11,5.952403e+11,0.000000e+00
1,near,30,1e+17,person,7.602575e+11,5.952380e+11,1.847304e+08
1,near,30,1e+17,vehicle,7.601820e+11,5.952380e+11,1.092275e+08
1,near,20,1e+14,empty,5.582401e+08,4.846588e+08,0.000000e+00
1,near,20,1e+14,person,5.582919e+08,4.846580e+08,5.179211e+04
1,near,20,1e+14,vehicle,5.582672e+08,4.846581e+08,2.704488e+04
1,near,20,1e+15,empty,5.582401e+09,4.846588e+09,0.000000e+00
1,near,20,1e+15,person,5.582919e+09,4.846580e+09,5.179211e+05
1,near,20,1e+15,vehicle,5.582672e+09,4.846581e+09,2.704488e+05
1,near,20,1e+16,empty,5.582401e+10,4.846588e+10,0.000000e+00
1,near,20,1e+16,person,5.582919e+10,4.846580e+10,5.179211e+06
1,near,20,1e+16,vehicle,5.582672e+10,4.846581e+10,2.704488e+06
1,near,20,1e+17,empty,5.582401e+11,4.846588e+11,0.000000e+00
1,near,20,1e+17,person,5.582919e+11,4.846580e+11,5.179211e+07
1,near,20,1e+17,vehicle,5.582672e+11,4.846581e+11,2.704488e+07
1,near,15,1e+14,empty,3.890854e+08,3.552141e+08,0.000000e+00
1,near,15,1e+14,person,3.891000e+08,3.552139e+08,1.450313e+04
1,near,15,1e+14,vehicle,3.890921e+08,3.552139e+08,6.695812e+03
1,near,15,1e+15,empty,3.890854e+09,3.552141e+09,0.000000e+00
1,near,15,1e+15,person,3.891000e+09,3.552139e+09,1.450313e+05
1,near,15,1e+15,vehicle,3.890921e+09,3.552139e+09,6.695812e+04
1,near,15,1e+16,empty,3.890854e+10,3.552141e+10,0.000000e+00
1,near,15,1e+16,person,3.891000e+10,3.552139e+10,1.450313e+06
1,near,15,1e+16,vehicle,3.890921e+10,3.552139e+10,6.695812e+05
1,near,15,1e+17,empty,3.890854e+11,3.552141e+11,0.000000e+00
1,near,15,1e+17,person,3.891000e+11,3.552139e+11,1.450313e+07
1,near,15,1e+17,vehicle,3.890921e+11,3.552139e+11,6.695812e+06
1,near,10,1e+14,empty,1.741762e+08,1.664867e+08,0.000000e+00
1,near,10,1e+14,person,1.741774e+08,1.664867e+08,1.136953e+03
1,near,10,1e+14,vehicle,1.741767e+08,1.664867e+08,4.121516e+02
1,near,10,1e+15,empty,1.741762e+09,1.664867e+09,0.000000e+00
1,near,10,1e+15,person,1.741774e+09,1.664867e+09,1.136953e+04
1,near,10,1e+15,vehicle,1.741767e+09,1.664867e+09,4.121516e+03
1,near,10,1e+16,empty,1.741762e+10,1.664867e+10,0.000000e+00
1,near,10,1e+16,person,1.741774e+10,1.664867e+10,1.136953e+05
1,near,10,1e+16,vehicle,1.741767e+10,1.664867e+10,4.121516e+04
1,near,10,1e+17,empty,1.741762e+11,1.664867e+11,0.000000e+00
1,near,10,1e+17,person,1.741774e+11,1.664867e+11,1.136953e+06
1,near,10,1e+17,vehicle,1.741767e+11,1.664867e+11,4.121516e+05
1,near,5,1e+14,empty,1.263379e+07,1.250574e+07,0.000000e+00
1,near,5,1e+14,person,1.263379e+07,1.250574e+07,4.499529e-01
1,near,5,1e+14,vehicle,1.263379e+07,1.250574e+07,1.147224e-01
1,near,5,1e+15,empty,1.263379e+08,1.250574e+08,0.000000e+00
1,near,5,1e+15,person,1.263379e+08,1.250574e+08,4.499529e+00
1,near,5,1e+15,vehicle,1.263379e+08,1.250574e+08,1.147224e+00
1,near,5,1e+16,empty,1.263379e+09,1.250574e+09,0.000000e+00
1,near,5,1e+16,person,1.263379e+09,1.250574e+09,4.499529e+01
1,near,5,1e+16,vehicle,1.263379e+09,1.250574e+09,1.147224e+01
1,near,5,1e+17,empty,1.263379e+10,1.250574e+10,0.000000e+00
1,near,5,1e+17,person,1.263379e+10,1.250574e+10,4.499529e+02
1,near,5,1e+17,vehicle,1.263379e+10,1.250574e+10,1.147224e+02
2,far,inf,1e+14,empty,9.669986e+08,0.000000e+00,0.000000e+00
2,far,inf,1e+14,person,9.684006e+08,0.000000e+00,1.402025e+06
2,far,inf,1e+14,vehicle,9.697114e+08,0.000000e+00,2.712820e+06
2,far,inf,1e+15,empty,9.669986e+09,0.000000e+00,0.000000e+00
2,far,inf,1e+15,person,9.684006e+09,0.000000e+00,1.402025e+07
2,far,inf,1e+15,vehicle,9.697114e+09,0.000000e+00,2.712820e+07
2,far,inf,1e+16,empty,9.669986e+10,0.000000e+00,0.000000e+00
2,far,inf,1e+16,person,9.684006e+10,0.000000e+00,1.402025e+08
2,far,inf,1e+16,vehicle,9.697114e+10,0.000000e+00,2.712820e+08
2,far,inf,1e+17,empty,9.669986e+11,0.000000e+00,0.000000e+00
2,far,inf,1e+17,person,9.684006e+11,0.000000e+00,1.402025e+09
2,far,inf,1e+17,vehicle,9.697114e+11,0.000000e+00,2.712820e+09
2,far,50,1e+14,empty,3.306466e+08,2.108407e+08,0.000000e+00
2,far,50,1e+14,person,3.307515e+08,2.108398e+08,1.049300e+05
2,far,50,1e+14,vehicle,3.308568e+08,2.108377e+08,2.101772e+05
2,far,50,1e+15,empty,3.306466e+09,2.108407e+09,0.000000e+00
2,far,50,1e+15,person,3.307515e+09,2.108398e+09,1.049300e+06
2,far,50,1e+15,vehicle,3.308568e+09,2.108377e+09,2.101772e+06
2,far,50,1e+16,empty,3.306466e+10,2.108407e+10,0.000000e+00
2,far,50,1e+16,person,3.307515e+10,2.108398e+10,1.049300e+07
2,far,50,1e+16,vehicle,3.308568e+10,2.108377e+10,2.101772e+07
2,far,50,1e+17,empty,3.306466e+11,2.108407e+11,0.000000e+00
2,far,50,1e+17,person,3.307515e+11,2.108398e+11,1.049300e+08
2,far,50,1e+17,vehicle,3.308568e+11,2.108377e+11,2.101772e+08
2,far,30,1e+14,empty,1.376595e+08,1.067488e+08,0.000000e+00
2,far,30,1e+14,person,1.376781e+08,1.067485e+08,1.854544e+04
2,far,30,1e+14,vehicle,1.376975e+08,1.067480e+08,3.798092e+04
2,far,30,1e+15,empty,1.376595e+09,1.067488e+09,0.000000e+00
2,far,30,1e+15,person,1.376781e+09,1.067485e+09,1.854544e+05
2,far,30,1e+15,vehicle,1.376975e+09,1.067480e+09,3.798092e+05
2,far,30,1e+16,empty,1.376595e+10,1.067488e+10,0.000000e+00
2,far,30,1e+16,person,1.376781e+10,1.067485e+10,1.854544e+06
2,far,30,1e+16,vehicle,1.376975e+10,1.067480e+10,3.798092e+06
2,far,30,1e+17,empty,1.376595e+11,1.067488e+11,0.000000e+00
2,far,30,1e+17,person,1.376781e+11,1.067485e+11,1.854544e+07
2,far,30,1e+17,vehicle,1.376975e+11,1.067480e+11,3.798092e+07
2,far,20,1e+14,empty,4.220106e+07,3.634505e+07,0.000000e+00
2,far,20,1e+14,person,4.220318e+07,3.634502e+07,2.121384e+03
2,far,20,1e+14,vehicle,4.220553e+07,3.634494e+07,4.470256e+03
2,far,20,1e+15,empty,4.220106e+08,3.634505e+08,0.000000e+00
2,far,20,1e+15,person,4.220318e+08,3.634502e+08,2.121384e+04
2,far,20,1e+15,vehicle,4.220553e+08,3.634494e+08,4.470256e+04
2,far,20,1e+16,empty,4.220106e+09,3.634505e+09,0.000000e+00
2,far,20,1e+16,person,4.220318e+09,3.634502e+09,2.121384e+05
2,far,20,1e+16,vehicle,4.220553e+09,3.634494e+09,4.470256e+05
2,far,20,1e+17,empty,4.220106e+10,3.634505e+10,0.000000e+00
2,far,20,1e+17,person,4.220318e+10,3.634502e+10,2.121384e+06
2,far,20,1e+17,vehicle,4.220553e+10,3.634494e+10,4.470256e+06
2,far,15,1e+14,empty,1.220580e+07,1.106865e+07,0.000000e+00
2,far,15,1e+14,person,1.220604e+07,1.106864e+07,2.426700e+02
2,far,15,1e+14,vehicle,1.220632e+07,1.106863e+07,5.267875e+02
2,far,15,1e+15,empty,1.220580e+08,1.106865e+08,0.000000e+00
2,far,15,1e+15,person,1.220604e+08,1.106864e+08,2.426700e+03
2,far,15,1e+15,vehicle,1.220632e+08,1.106863e+08,5.267875e+03
2,far,15,1e+16,empty,1.220580e+09,1.106865e+09,0.000000e+00
2,far,15,1e+16,person,1.220604e+09,1.106864e+09,2.426700e+04
2,far,15,1e+16,vehicle,1.220632e+09,1.106863e+09,5.267875e+04
2,far,15,1e+17,empty,1.220580e+10,1.106865e+10,0.000000e+00
2,far,15,1e+17,person,1.220604e+10,1.106864e+10,2.426700e+05
2,far,15,1e+17,vehicle,1.220632e+10,1.106863e+10,5.267875e+05
2,far,10,1e+14,empty,9.255352e+05,8.804004e+05,0.000000e+00
2,far,10,1e+14,person,9.255384e+05,8.804003e+05,3.190221e+00
2,far,10,1e+14,vehicle,9.255426e+05,8.804002e+05,7.375365e+00
2,far,10,1e+15,empty,9.255352e+06,8.804004e+06,0.000000e+00
2,far,10,1e+15,person,9.255384e+06,8.804003e+06,3.190221e+01
2,far,10,1e+15,vehicle,9.255426e+06,8.804002e+06,7.375365e+01
2,far,10,1e+16,empty,9.255352e+07,8.804004e+07,0.000000e+00
2,far,10,1e+16,person,9.255384e+07,8.804003e+07,3.190221e+02
2,far,10,1e+16,vehicle,9.255426e+07,8.804002e+07,7.375365e+02
2,far,10,1e+17,empty,9.255352e+08,8.804004e+08,0.000000e+00
2,far,10,1e+17,person,9.255384e+08,8.804003e+08,3.190221e+03
2,far,10,1e+17,vehicle,9.255426e+08,8.804002e+08,7.375365e+03
2,far,5,1e+14,empty,2.947463e+02,2.911839e+02,0.000000e+00
2,far,5,1e+14,person,2.947464e+02,2.911839e+02,9.979595e-06
2,far,5,1e+14,vehicle,2.947464e+02,2.911839e+02,2.342267e-05
2,far,5,1e+15,empty,2.947463e+03,2.911839e+03,0.000000e+00
2,far,5,1e+15,person,2.947464e+03,2.911839e+03,9.979595e-05
2,far,5,1e+15,vehicle,2.947464e+03,2.911839e+03,2.342267e-04
2,far,5,1e+16,empty,2.947463e+04,2.911839e+04,0.000000e+00
2,far,5,1e+16,person,2.947464e+04,2.911839e+04,9.979595e-04
2,far,5,1e+16,vehicle,2.947464e+04,2.911839e+04,2.342267e-03
2,far,5,1e+17,empty,2.947463e+05,2.911839e+05,0.000000e+00
2,far,5,1e+17,person,2.947464e+05,2.911839e+05,9.979595e-03
2,far,5,1e+17,vehicle,2.947464e+05,2.911839e+05,2.342267e-02
2,near,inf,1e+14,empty,9.669986e+08,0.000000e+00,0.000000e+00
2,near,inf,1e+14,person,9.684006e+08,0.000000e+00,1.402025e+06
2,near,inf,1e+14,vehicle,9.697114e+08,0.000000e+00,2.712820e+06
2,near,inf,1e+15,empty,9.669986e+09,0.000000e+00,0.000000e+00
2,near,inf,1e+15,person,9.684006e+09,0.000000e+00,1.402025e+07
2,near,inf,1e+15,vehicle,9.697114e+09,0.000000e+00,2.712820e+07
2,near,inf,1e+16,empty,9.669986e+10,0.000000e+00,0.000000e+00
2,near,inf,1e+16,person,9.684006e+10,0.000000e+00,1.402025e+08
2,near,inf,1e+16,vehicle,9.697114e+10,0.000000e+00,2.712820e+08
2,near,inf,1e+17,empty,9.669986e+11,0.000000e+00,0.000000e+00
2,near,inf,1e+17,person,9.684006e+11,0.000000e+00,1.402025e+09
2,near,inf,1e+17,vehicle,9.697114e+11,0.000000e+00,2.712820e+09
2,near,50,1e+14,empty,9.214338e+08,5.899442e+08,0.000000e+00
2,near,50,1e+14,person,9.217166e+08,5.899417e+08,2.827389e+05
2,near,50,1e+14,vehicle,9.219994e+08,5.899359e+08,5.655565e+05
2,near,50,1e+15,empty,9.214338e+09,5.899442e+09,0.000000e+00
2,near,50,1e+15,person,9.217166e+09,5.899417e+09,2.827389e+06
2,near,50,1e+15,vehicle,9.219994e+09,5.899359e+09,5.655565e+06
2,near,50,1e+16,empty,9.214338e+10,5.899442e+10,0.000000e+00
2,near,50,1e+16,person,9.217166e+10,5.899417e+10,2.827389e+07
2,near,50,1e+16,vehicle,9.219994e+10,5.899359e+10,5.655565e+07
2,near,50,1e+17,empty,9.214338e+11,5.899442e+11,0.000000e+00
2,near,50,1e+17,person,9.217166e+11,5.899417e+11,2.827389e+08
2,near,50,1e+17,vehicle,9.219994e+11,5.899359e+11,5.655565e+08
2,near,30,1e+14,empty,7.655184e+08,5.962832e+08,0.000000e+00
2,near,30,1e+14,person,7.656151e+08,5.962820e+08,9.666439e+04
2,near,30,1e+14,vehicle,7.657159e+08,5.962792e+08,1.974432e+05
2,near,30,1e+15,empty,7.655184e+09,5.962832e+09,0.000000e+00
2,near,30,1e+15,person,7.656151e+09,5.962820e+09,9.666439e+05
2,near,30,1e+15,vehicle,7.657159e+09,5.962792e+09,1.974432e+06
2,near,30,1e+16,empty,7.655184e+10,5.962832e+10,0.000000e+00
2,near,30,1e+16,person,7.656151e+10,5.962820e+10,9.666439e+06
2,near,30,1e+16,vehicle,7.657159e+10,5.962792e+10,1.974432e+07
2,near,30,1e+17,empty,7.655184e+11,5.962832e+11,0.000000e+00
2,near,30,1e+17,person,7.656151e+11,5.962820e+11,9.666439e+07
2,near,30,1e+17,vehicle,7.657159e+11,5.962792e+11,1.974432e+08
2,near,20,1e+14,empty,5.601586e+08,4.845594e+08,0.000000e+00
2,near,20,1e+14,person,5.601838e+08,4.845590e+08,2.519901e+04
2,near,20,1e+14,vehicle,5.602115e+08,4.845580e+08,5.285818e+04
2,near,20,1e+15,empty,5.601586e+09,4.845594e+09,0.000000e+00
2,near,20,1e+15,person,5.601838e+09,4.845590e+09,2.519901e+05
2,near,20,1e+15,vehicle,5.602115e+09,4.845580e+09,5.285818e+05
2,near,20,1e+16,empty,5.601586e+10,4.845594e+10,0.000000e+00
2,near,20,1e+16,person,5.601838e+10,4.845590e+10,2.519901e+06
2,near,20,1e+16,vehicle,5.602115e+10,4.845580e+10,5.285818e+06
2,near,20,1e+17,empty,5.601586e+11,4.845594e+11,0.000000e+00
2,near,20,1e+17,person,5.601838e+11,4.845590e+11,2.519901e+07
2,near,20,1e+17,vehicle,5.602115e+11,4.845580e+11,5.285818e+07
2,near,15,1e+14,empty,3.891826e+08,3.543814e+08,0.000000e+00
2,near,15,1e+14,person,3.891891e+08,3.543813e+08,6.562538e+03
2,near,15,1e+14,vehicle,3.891967e+08,3.543810e+08,1.414939e+04
2,near,15,1e+15,empty,3.891826e+09,3.543814e+09,0.000000e+00
2,near,15,1e+15,person,3.891891e+09,3.543813e+09,6.562538e+04
2,near,15,1e+15,vehicle,3.891967e+09,3.543810e+09,1.414939e+05
2,near,15,1e+16,empty,3.891826e+10,3.543814e+10,0.000000e+00
2,near,15,1e+16,person,3.891891e+10,3.543813e+10,6.562538e+05
2,near,15,1e+16,vehicle,3.891967e+10,3.543810e+10,1.414939e+06
2,near,15,1e+17,empty,3.891826e+11,3.543814e+11,0.000000e+00
2,near,15,1e+17,person,3.891891e+11,3.543813e+11,6.562538e+06
2,near,15,1e+17,vehicle,3.891967e+11,3.543810e+11,1.414939e+07
2,near,10,1e+14,empty,1.731923e+08,1.653050e+08,0.000000e+00
2,near,10,1e+14,person,1.731927e+08,1.653050e+08,4.461813e+02
2,near,10,1e+14,vehicle,1.731933e+08,1.653050e+08,1.018618e+03
2,near,10,1e+15,empty,1.731923e+09,1.653050e+09,0.000000e+00
2,near,10,1e+15,person,1.731927e+09,1.653050e+09,4.461813e+03
2,near,10,1e+15,vehicle,1.731933e+09,1.653050e+09,1.018618e+04
2,near,10,1e+16,empty,1.731923e+10,1.653050e+10,0.000000e+00
2,near,10,1e+16,person,1.731927e+10,1.653050e+10,4.461813e+04
2,near,10,1e+16,vehicle,1.731933e+10,1.653050e+10,1.018618e+05
2,near,10,1e+17,empty,1.731923e+11,1.653050e+11,0.000000e+00
2,near,10,1e+17,person,1.731927e+11,1.653050e+11,4.461813e+05
2,near,10,1e+17,vehicle,1.731933e+11,1.653050e+11,1.018618e+06
2,near,5,1e+14,empty,1.233930e+07,1.220984e+07,0.000000e+00
2,near,5,1e+14,person,1.233930e+07,1.220984e+07,2.624611e-01
2,near,5,1e+14,vehicle,1.233930e+07,1.220984e+07,4.487479e-01
2,near,5,1e+15,empty,1.233930e+08,1.220984e+08,0.000000e+00
2,near,5,1e+15,person,1.233930e+08,1.220984e+08,2.624611e+00
2,near,5,1e+15,vehicle,1.233930e+08,1.220984e+08,4.487479e+00
2,near,5,1e+16,empty,1.233930e+09,1.220984e+09,0.000000e+00
2,near,5,1e+16,person,1.233930e+09,1.220984e+09,2.624611e+01
2,near,5,1e+16,vehicle,1.233930e+09,1.220984e+09,4.487479e+01
2,near,5,1e+17,empty,1.233930e+10,1.220984e+10,0.000000e+00
2,near,5,1e+17,person,1.233930e+10,1.220984e+10,2.624611e+02
2,near,5,1e+17,vehicle,1.233930e+10,1.220984e+10,4.487479e+02
3,far,inf,1e+14,empty,9.444033e+08,0.000000e+00,0.000000e+00
3,far,inf,1e+14,person,9.463788e+08,0.000000e+00,1.975464e+06
3,far,inf,1e+14,vehicle,9.460624e+08,0.000000e+00,1.659079e+06
3,far,inf,1e+15,empty,9.444033e+09,0.000000e+00,0.000000e+00
3,far,inf,1e+15,person,9.463788e+09,0.000000e+00,1.975464e+07
3,far,inf,1e+15,vehicle,9.460624e+09,0.000000e+00,1.659079e+07
3,far,inf,1e+16,empty,9.444033e+10,0.000000e+00,0.000000e+00
3,far,inf,1e+16,person,9.463788e+10,0.000000e+00,1.975464e+08
3,far,inf,1e+16,vehicle,9.460624e+10,0.000000e+00,1.659079e+08
3,far,inf,1e+17,empty,9.444033e+11,0.000000e+00,0.000000e+00
3,far,inf,1e+17,person,9.463788e+11,0.000000e+00,1.975464e+09
3,far,inf,1e+17,vehicle,9.460624e+11,0.000000e+00,1.659079e+09
3,far,50,1e+14,empty,3.242636e+08,2.075575e+08,0.000000e+00
3,far,50,1e+14,person,3.244176e+08,2.075561e+08,1.539410e+05
3,far,50,1e+14,vehicle,3.243802e+08,2.075557e+08,1.165656e+05
3,far,50,1e+15,empty,3.242636e+09,2.075575e+09,0.000000e+00
3,far,50,1e+15,person,3.244176e+09,2.075561e+09,1.539410e+06
3,far,50,1e+15,vehicle,3.243802e+09,2.075557e+09,1.165656e+06
3,far,50,1e+16,empty,3.242636e+10,2.075575e+10,0.000000e+00
3,far,50,1e+16,person,3.244176e+10,2.075561e+10,1.539410e+07
3,far,50,1e+16,vehicle,3.243802e+10,2.075557e+10,1.165656e+07
3,far,50,1e+17,empty,3.242636e+11,2.075575e+11,0.000000e+00
3,far,50,1e+17,person,3.244176e+11,2.075561e+11,1.539410e+08
3,far,50,1e+17,vehicle,3.243802e+11,2.075557e+11,1.165656e+08
3,far,30,1e+14,empty,1.351322e+08,1.050606e+08,0.000000e+00
3,far,30,1e+14,person,1.351602e+08,1.050602e+08,2.792748e+04
3,far,30,1e+14,vehicle,1.351520e+08,1.050601e+08,1.973209e+04
3,far,30,1e+15,empty,1.351322e+09,1.050606e+09,0.000000e+00
3,far,30,1e+15,person,1.351602e+09,1.050602e+09,2.792748e+05
3,far,30,1e+15,vehicle,1.351520e+09,1.050601e+09,1.973209e+05
3,far,30,1e+16,empty,1.351322e+10,1.050606e+10,0.000000e+00
3,far,30,1e+16,person,1.351602e+10,1.050602e+10,2.792748e+06
3,far,30,1e+16,vehicle,1.351520e+10,1.050601e+10,1.973209e+06
3,far,30,1e+17,empty,1.351322e+11,1.050606e+11,0.000000e+00
3,far,30,1e+17,person,1.351602e+11,1.050602e+11,2.792748e+07
3,far,30,1e+17,vehicle,1.351520e+11,1.050601e+11,1.973209e+07
3,far,20,1e+14,empty,4.145091e+07,3.576046e+07,0.000000e+00
3,far,20,1e+14,person,4.145421e+07,3.576040e+07,3.297465e+03
3,far,20,1e+14,vehicle,4.145305e+07,3.576040e+07,2.140389e+03
3,far,20,1e+15,empty,4.145091e+08,3.576046e+08,0.000000e+00
3,far,20,1e+15,person,4.145421e+08,3.576040e+08,3.297465e+04
3,far,20,1e+15,vehicle,4.145305e+08,3.576040e+08,2.140389e+04
3,far,20,1e+16,empty,4.145091e+09,3.576046e+09,0.000000e+00
3,far,20,1e+16,person,4.145421e+09,3.576040e+09,3.297465e+05
3,far,20,1e+16,vehicle,4.145305e+09,3.576040e+09,2.140389e+05
3,far,20,1e+17,empty,4.145091e+10,3.576046e+10,0.000000e+00
3,far,20,1e+17,person,4.145421e+10,3.576040e+10,3.297465e+06
3,far,20,1e+17,vehicle,4.145305e+10,3.576040e+10,2.140389e+06
3,far,15,1e+14,empty,1.199234e+07,1.088806e+07,0.000000e+00
3,far,15,1e+14,person,1.199273e+07,1.088806e+07,3.889072e+02
3,far,15,1e+14,vehicle,1.199257e+07,1.088806e+07,2.324778e+02
3,far,15,1e+15,empty,1.199234e+08,1.088806e+08,0.000000e+00
3,far,15,1e+15,person,1.199273e+08,1.088806e+08,3.889072e+03
3,far,15,1e+15,vehicle,1.199257e+08,1.088806e+08,2.324778e+03
3,far,15,1e+16,empty,1.199234e+09,1.088806e+09,0.000000e+00
3,far,15,1e+16,person,1.199273e+09,1.088806e+09,3.889072e+04
3,far,15,1e+16,vehicle,1.199257e+09,1.088806e+09,2.324778e+04
3,far,15,1e+17,empty,1.199234e+10,1.088806e+10,0.000000e+00
3,far,15,1e+17,person,1.199273e+10,1.088806e+10,3.889072e+05
3,far,15,1e+17,vehicle,1.199257e+10,1.088806e+10,2.324778e+05
3,far,10,1e+14,empty,9.095711e+05,8.657419e+05,0.000000e+00
3,far,10,1e+14,person,9.095765e+05,8.657418e+05,5.422302e+00
3,far,10,1e+14,vehicle,9.095739e+05,8.657418e+05,2.766592e+00
3,far,10,1e+15,empty,9.095711e+06,8.657419e+06,0.000000e+00
3,far,10,1e+15,person,9.095765e+06,8.657418e+06,5.422302e+01
3,far,10,1e+15,vehicle,9.095739e+06,8.657418e+06,2.766592e+01
3,far,10,1e+16,empty,9.095711e+07,8.657419e+07,0.000000e+00
3,far,10,1e+16,person,9.095765e+07,8.657418e+07,5.422302e+02
3,far,10,1e+16,vehicle,9.095739e+07,8.657418e+07,2.766592e+02
3,far,10,1e+17,empty,9.095711e+08,8.657419e+08,0.000000e+00
3,far,10,1e+17,person,9.095765e+08,8.657418e+08,5.422302e+03
3,far,10,1e+17,vehicle,9.095739e+08,8.657418e+08,2.766592e+03
3,far,5,1e+14,empty,2.898307e+02,2.863471e+02,0.000000e+00
3,far,5,1e+14,person,2.898307e+02,2.863471e+02,1.772763e-05
3,far,5,1e+14,vehicle,2.898307e+02,2.863471e+02,5.577600e-06
3,far,5,1e+15,empty,2.898307e+03,2.863471e+03,0.000000e+00
3,far,5,1e+15,person,2.898307e+03,2.863471e+03,1.772763e-04
3,far,5,1e+15,vehicle,2.898307e+03,2.863471e+03,5.577600e-05
3,far,5,1e+16,empty,2.898307e+04,2.863471e+04,0.000000e+00
3,far,5,1e+16,person,2.898307e+04,2.863471e+04,1.772763e-03
3,far,5,1e+16,vehicle,2.898307e+04,2.863471e+04,5.577600e-04
3,far,5,1e+17,empty,2.898307e+05,2.863471e+05,0.000000e+00
3,far,5,1e+17,person,2.898307e+05,2.863471e+05,1.772763e-02
3,far,5,1e+17,vehicle,2.898307e+05,2.863471e+05,5.577600e-03
3,near,inf,1e+14,empty,9.444033e+08,0.000000e+00,0.000000e+00
3,near,inf,1e+14,person,9.463788e+08,0.000000e+00,1.975464e+06
3,near,inf,1e+14,vehicle,9.460624e+08,0.000000e+00,1.659079e+06
3,near,inf,1e+15,empty,9.444033e+09,0.000000e+00,0.000000e+00
3,near,inf,1e+15,person,9.463788e+09,0.000000e+00,1.975464e+07
3,near,inf,1e+15,vehicle,9.460624e+09,0.000000e+00,1.659079e+07
3,near,inf,1e+16,empty,9.444033e+10,0.000000e+00,0.000000e+00
3,near,inf,1e+16,person,9.463788e+10,0.000000e+00,1.975464e+08
3,near,inf,1e+16,vehicle,9.460624e+10,0.000000e+00,1.659079e+08
3,near,inf,1e+17,empty,9.444033e+11,0.000000e+00,0.000000e+00
3,near,inf,1e+17,person,9.463788e+11,0.000000e+00,1.975464e+09
3,near,inf,1e+17,vehicle,9.460624e+11,0.000000e+00,1.659079e+09
3,near,50,1e+14,empty,9.040701e+08,5.810258e+08,0.000000e+00
3,near,50,1e+14,person,9.044854e+08,5.810222e+08,4.152795e+05
3,near,50,1e+14,vehicle,9.043845e+08,5.810210e+08,3.143874e+05
3,near,50,1e+15,empty,9.040701e+09,5.810258e+09,0.000000e+00
3,near,50,1e+15,person,9.044854e+09,5.810222e+09,4.152795e+06
3,near,50,1e+15,vehicle,9.043845e+09,5.810210e+09,3.143874e+06
3,near,50,1e+16,empty,9.040701e+10,5.810258e+10,0.000000e+00
3,near,50,1e+16,person,9.044854e+10,5.810222e+10,4.152795e+07
3,near,50,1e+16,vehicle,9.043845e+10,5.810210e+10,3.143874e+07
3,near,50,1e+17,empty,9.040701e+11,5.810258e+11,0.000000e+00
3,near,50,1e+17,person,9.044854e+11,5.810222e+11,4.152795e+08
3,near,50,1e+17,vehicle,9.043845e+11,5.810210e+11,3.143874e+08
3,near,30,1e+14,empty,7.521496e+08,5.873744e+08,0.000000e+00
3,near,30,1e+14,person,7.522954e+08,5.873725e+08,1.458725e+05
3,near,30,1e+14,vehicle,7.522525e+08,5.873722e+08,1.029633e+05
3,near,30,1e+15,empty,7.521496e+09,5.873744e+09,0.000000e+00
3,near,30,1e+15,person,7.522954e+09,5.873725e+09,1.458725e+06
3,near,30,1e+15,vehicle,7.522525e+09,5.873722e+09,1.029633e+06
3,near,30,1e+16,empty,7.521496e+10,5.873744e+10,0.000000e+00
3,near,30,1e+16,person,7.522954e+10,5.873725e+10,1.458725e+07
3,near,30,1e+16,vehicle,7.522525e+10,5.873722e+10,1.029633e+07
3,near,30,1e+17,empty,7.521496e+11,5.873744e+11,0.000000e+00
3,near,30,1e+17,person,7.522954e+11,5.873725e+11,1.458725e+08
3,near,30,1e+17,vehicle,7.522525e+11,5.873722e+11,1.029633e+08
3,near,20,1e+14,empty,5.510759e+08,4.775047e+08,0.000000e+00
3,near,20,1e+14,person,5.511152e+08,4.775041e+08,3.930483e+04
3,near,20,1e+14,vehicle,5.511014e+08,4.775041e+08,2.544798e+04
3,near,20,1e+15,empty,5.510759e+09,4.775047e+09,0.000000e+00
3,near,20,1e+15,person,5.511152e+09,4.775041e+09,3.930483e+05
3,near,20,1e+15,vehicle,5.511014e+09,4.775041e+09,2.544798e+05
3,near,20,1e+16,empty,5.510759e+10,4.775047e+10,0.000000e+00
3,near,20,1e+16,person,5.511152e+10,4.775041e+10,3.930483e+06
3,near,20,1e+16,vehicle,5.511014e+10,4.775041e+10,2.544798e+06
3,near,20,1e+17,empty,5.510759e+11,4.775047e+11,0.000000e+00
3,near,20,1e+17,person,5.511152e+11,4.775041e+11,3.930483e+07
3,near,20,1e+17,vehicle,5.511014e+11,4.775041e+11,2.544798e+07
3,near,15,1e+14,empty,3.832927e+08,3.494186e+08,0.000000e+00
3,near,15,1e+14,person,3.833033e+08,3.494184e+08,1.056960e+04
3,near,15,1e+14,vehicle,3.832990e+08,3.494185e+08,6.289064e+03
3,near,15,1e+15,empty,3.832927e+09,3.494186e+09,0.000000e+00
3,near,15,1e+15,person,3.833033e+09,3.494184e+09,1.056960e+05
3,near,15,1e+15,vehicle,3.832990e+09,3.494185e+09,6.289064e+04
3,near,15,1e+16,empty,3.832927e+10,3.494186e+10,0.000000e+00
3,near,15,1e+16,person,3.833033e+10,3.494184e+10,1.056960e+06
3,near,15,1e+16,vehicle,3.832990e+10,3.494185e+10,6.289064e+05
3,near,15,1e+17,empty,3.832927e+11,3.494186e+11,0.000000e+00
3,near,15,1e+17,person,3.833033e+11,3.494184e+11,1.056960e+07
3,near,15,1e+17,vehicle,3.832990e+11,3.494185e+11,6.289064e+06
3,near,10,1e+14,empty,1.709450e+08,1.632514e+08,0.000000e+00
3,near,10,1e+14,person,1.709457e+08,1.632514e+08,7.647935e+02
3,near,10,1e+14,vehicle,1.709454e+08,1.632514e+08,3.862010e+02
3,near,10,1e+15,empty,1.709450e+09,1.632514e+09,0.000000e+00
3,near,10,1e+15,person,1.709457e+09,1.632514e+09,7.647935e+03
3,near,10,1e+15,vehicle,1.709454e+09,1.632514e+09,3.862010e+03
3,near,10,1e+16,empty,1.709450e+10,1.632514e+10,0.000000e+00
3,near,10,1e+16,person,1.709457e+10,1.632514e+10,7.647935e+04
3,near,10,1e+16,vehicle,1.709454e+10,1.632514e+10,3.862010e+04
3,near,10,1e+17,empty,1.709450e+11,1.632514e+11,0.000000e+00
3,near,10,1e+17,person,1.709457e+11,1.632514e+11,7.647935e+05
3,near,10,1e+17,vehicle,1.709454e+11,1.632514e+11,3.862010e+05
3,near,5,1e+14,empty,1.227425e+07,1.214610e+07,0.000000e+00
3,near,5,1e+14,person,1.227425e+07,1.214610e+07,4.481318e-01
3,near,5,1e+14,vehicle,1.227425e+07,1.214610e+07,1.347555e-01
3,near,5,1e+15,empty,1.227425e+08,1.214610e+08,0.000000e+00
3,near,5,1e+15,person,1.227425e+08,1.214610e+08,4.481318e+00
3,near,5,1e+15,vehicle,1.227425e+08,1.214610e+08,1.347555e+00
3,near,5,1e+16,empty,1.227425e+09,1.214610e+09,0.000000e+00
3,near,5,1e+16,person,1.227425e+09,1.214610e+09,4.481318e+01
3,near,5,1e+16,vehicle,1.227425e+09,1.214610e+09,1.347555e+01
3,near,5,1e+17,empty,1.227425e+10,1.214610e+10,0.000000e+00
3,near,5,1e+17,person,1.227425e+10,1.214610e+10,4.481318e+02
3,near,5,1e+17,vehicle,1.227425e+10,1.214610e+10,1.347555e+02
4,far,inf,1e+14,empty,9.474577e+08,0.000000e+00,0.000000e+00
4,far,inf,1e+14,person,9.504367e+08,0.000000e+00,2.978935e+06
4,far,inf,1e+14,vehicle,9.498726e+08,0.000000e+00,2.414879e+06
4,far,inf,1e+15,empty,9.474577e+09,0.000000e+00,0.000000e+00
4,far,inf,1e+15,person,9.504367e+09,0.000000e+00,2.978935e+07
4,far,inf,1e+15,vehicle,9.498726e+09,0.000000e+00,2.414879e+07
4,far,inf,1e+16,empty,9.474577e+10,0.000000e+00,0.000000e+00
4,far,inf,1e+16,person,9.504367e+10,0.000000e+00,2.978935e+08
4,far,inf,1e+16,vehicle,9.498726e+10,0.000000e+00,2.414879e+08
4,far,inf,1e+17,empty,9.474577e+11,0.000000e+00,0.000000e+00
4,far,inf,1e+17,person,9.504367e+11,0.000000e+00,2.978935e+09
4,far,inf,1e+17,vehicle,9.498726e+11,0.000000e+00,2.414879e+09
4,far,50,1e+14,empty,3.260666e+08,2.088301e+08,0.000000e+00
4,far,50,1e+14,person,3.263157e+08,2.088280e+08,2.490305e+05
4,far,50,1e+14,vehicle,3.262483e+08,2.088273e+08,1.816987e+05
4,far,50,1e+15,empty,3.260666e+09,2.088301e+09,0.000000e+00
4,far,50,1e+15,person,3.263157e+09,2.088280e+09,2.490305e+06
4,far,50,1e+15,vehicle,3.262483e+09,2.088273e+09,1.816987e+06
4,far,50,1e+16,empty,3.260666e+10,2.088301e+10,0.000000e+00
4,far,50,1e+16,person,3.263157e+10,2.088280e+10,2.490305e+07
4,far,50,1e+16,vehicle,3.262483e+10,2.088273e+10,1.816987e+07
4,far,50,1e+17,empty,3.260666e+11,2.088301e+11,0.000000e+00
4,far,50,1e+17,person,3.263157e+11,2.088280e+11,2.490305e+08
4,far,50,1e+17,vehicle,3.262483e+11,2.088273e+11,1.816987e+08
4,far,30,1e+14,empty,1.360824e+08,1.058580e+08,0.000000e+00
4,far,30,1e+14,person,1.361298e+08,1.058574e+08,4.734805e+04
4,far,30,1e+14,vehicle,1.361146e+08,1.058573e+08,3.217715e+04
4,far,30,1e+15,empty,1.360824e+09,1.058580e+09,0.000000e+00
4,far,30,1e+15,person,1.361298e+09,1.058574e+09,4.734805e+05
4,far,30,1e+15,vehicle,1.361146e+09,1.058573e+09,3.217715e+05
4,far,30,1e+16,empty,1.360824e+10,1.058580e+10,0.000000e+00
4,far,30,1e+16,person,1.361298e+10,1.058574e+10,4.734805e+06
4,far,30,1e+16,vehicle,1.361146e+10,1.058573e+10,3.217715e+06
4,far,30,1e+17,empty,1.360824e+11,1.058580e+11,0.000000e+00
4,far,30,1e+17,person,1.361298e+11,1.058574e+11,4.734805e+07
4,far,30,1e+17,vehicle,1.361146e+11,1.058573e+11,3.217715e+07
4,far,20,1e+14,empty,4.181867e+07,3.609753e+07,0.000000e+00
4,far,20,1e+14,person,4.182460e+07,3.609744e+07,5.927557e+03
4,far,20,1e+14,vehicle,4.182237e+07,3.609744e+07,3.691155e+03
4,far,20,1e+15,empty,4.181867e+08,3.609753e+08,0.000000e+00
4,far,20,1e+15,person,4.182460e+08,3.609744e+08,5.927557e+04
4,far,20,1e+15,vehicle,4.182237e+08,3.609744e+08,3.691155e+04
4,far,20,1e+16,empty,4.181867e+09,3.609753e+09,0.000000e+00
4,far,20,1e+16,person,4.182460e+09,3.609744e+09,5.927557e+05
4,far,20,1e+16,vehicle,4.182237e+09,3.609744e+09,3.691155e+05
4,far,20,1e+17,empty,4.181867e+10,3.609753e+10,0.000000e+00
4,far,20,1e+17,person,4.182460e+10,3.609744e+10,5.927557e+06
4,far,20,1e+17,vehicle,4.182237e+10,3.609744e+10,3.691155e+06
4,far,15,1e+14,empty,1.212089e+07,1.101071e+07,0.000000e+00
4,far,15,1e+14,person,1.212164e+07,1.101070e+07,7.411870e+02
4,far,15,1e+14,vehicle,1.212132e+07,1.101070e+07,4.238711e+02
4,far,15,1e+15,empty,1.212089e+08,1.101071e+08,0.000000e+00
4,far,15,1e+15,person,1.212164e+08,1.101070e+08,7.411870e+03
4,far,15,1e+15,vehicle,1.212132e+08,1.101070e+08,4.238711e+03
4,far,15,1e+16,empty,1.212089e+09,1.101071e+09,0.000000e+00
4,far,15,1e+16,person,1.212164e+09,1.101070e+09,7.411870e+04
4,far,15,1e+16,vehicle,1.212132e+09,1.101070e+09,4.238711e+04
4,far,15,1e+17,empty,1.212089e+10,1.101071e+10,0.000000e+00
4,far,15,1e+17,person,1.212164e+10,1.101070e+10,7.411870e+05
4,far,15,1e+17,vehicle,1.212132e+10,1.101070e+10,4.238711e+05
4,far,10,1e+14,empty,9.226672e+05,8.786451e+05,0.000000e+00
4,far,10,1e+14,person,9.226788e+05,8.786449e+05,1.160073e+01
4,far,10,1e+14,vehicle,9.226728e+05,8.786450e+05,5.633200e+00
4,far,10,1e+15,empty,9.226672e+06,8.786451e+06,0.000000e+00
4,far,10,1e+15,person,9.226788e+06,8.786449e+06,1.160073e+02
4,far,10,1e+15,vehicle,9.226728e+06,8.786450e+06,5.633200e+01
4,far,10,1e+16,empty,9.226672e+07,8.786451e+07,0.000000e+00
4,far,10,1e+16,person,9.226788e+07,8.786449e+07,1.160073e+03
4,far,10,1e+16,vehicle,9.226728e+07,8.786450e+07,5.633200e+02
4,far,10,1e+17,empty,9.226672e+08,8.786451e+08,0.000000e+00
4,far,10,1e+17,person,9.226788e+08,8.786449e+08,1.160073e+04
4,far,10,1e+17,vehicle,9.226728e+08,8.786450e+08,5.633200e+03
4,far,5,1e+14,empty,2.969649e+02,2.934910e+02,0.000000e+00
4,far,5,1e+14,person,2.969649e+02,2.934910e+02,4.572743e-05
4,far,5,1e+14,vehicle,2.969649e+02,2.934910e+02,1.430550e-05
4,far,5,1e+15,empty,2.969649e+03,2.934910e+03,0.000000e+00
4,far,5,1e+15,person,2.969649e+03,2.934910e+03,4.572743e-04
4,far,5,1e+15,vehicle,2.969649e+03,2.934910e+03,1.430550e-04
4,far,5,1e+16,empty,2.969649e+04,2.934910e+04,0.000000e+00
4,far,5,1e+16,person,2.969649e+04,2.934910e+04,4.572743e-03
4,far,5,1e+16,vehicle,2.969649e+04,2.934910e+04,1.430550e-03
4,far,5,1e+17,empty,2.969649e+05,2.934910e+05,0.000000e+00
4,far,5,1e+17,person,2.969649e+05,2.934910e+05,4.572743e-02
4,far,5,1e+17,vehicle,2.969649e+05,2.934910e+05,1.430550e-02
4,near,inf,1e+14,empty,9.474577e+08,0.000000e+00,0.000000e+00
4,near,inf,1e+14,person,9.504367e+08,0.000000e+00,2.978935e+06
4,near,inf,1e+14,vehicle,9.498726e+08,0.000000e+00,2.414879e+06
4,near,inf,1e+15,empty,9.474577e+09,0.000000e+00,0.000000e+00
4,near,inf,1e+15,person,9.504367e+09,0.000000e+00,2.978935e+07
4,near,inf,1e+15,vehicle,9.498726e+09,0.000000e+00,2.414879e+07
4,near,inf,1e+16,empty,9.474577e+10,0.000000e+00,0.000000e+00
4,near,inf,1e+16,person,9.504367e+10,0.000000e+00,2.978935e+08
4,near,inf,1e+16,vehicle,9.498726e+10,0.000000e+00,2.414879e+08
4,near,inf,1e+17,empty,9.474577e+11,0.000000e+00,0.000000e+00
4,near,inf,1e+17,person,9.504367e+11,0.000000e+00,2.978935e+09
4,near,inf,1e+17,vehicle,9.498726e+11,0.000000e+00,2.414879e+09
4,near,50,1e+14,empty,9.093504e+08,5.850337e+08,0.000000e+00
4,near,50,1e+14,person,9.100211e+08,5.850281e+08,6.707159e+05
4,near,50,1e+14,vehicle,9.098399e+08,5.850263e+08,4.894471e+05
4,near,50,1e+15,empty,9.093504e+09,5.850337e+09,0.000000e+00
4,near,50,1e+15,person,9.100211e+09,5.850281e+09,6.707159e+06
4,near,50,1e+15,vehicle,9.098399e+09,5.850263e+09,4.894471e+06
4,near,50,1e+16,empty,9.093504e+10,5.850337e+10,0.000000e+00
4,near,50,1e+16,person,9.100211e+10,5.850281e+10,6.707159e+07
4,near,50,1e+16,vehicle,9.098399e+10,5.850263e+10,4.894471e+07
4,near,50,1e+17,empty,9.093504e+11,5.850337e+11,0.000000e+00
4,near,50,1e+17,person,9.100211e+11,5.850281e+11,6.707159e+08
4,near,50,1e+17,vehicle,9.098399e+11,5.850263e+11,4.894471e+08
4,near,30,1e+14,empty,7.579698e+08,5.925717e+08,0.000000e+00
4,near,30,1e+14,person,7.582164e+08,5.925687e+08,2.466595e+05
4,near,30,1e+14,vehicle,7.581373e+08,5.925682e+08,1.675500e+05
4,near,30,1e+15,empty,7.579698e+09,5.925717e+09,0.000000e+00
4,near,30,1e+15,person,7.582164e+09,5.925687e+09,2.466595e+06
4,near,30,1e+15,vehicle,7.581373e+09,5.925682e+09,1.675500e+06
4,near,30,1e+16,empty,7.579698e+10,5.925717e+10,0.000000e+00
4,near,30,1e+16,person,7.582164e+10,5.925687e+10,2.466595e+07
4,near,30,1e+16,vehicle,7.581373e+10,5.925682e+10,1.675500e+07
4,near,30,1e+17,empty,7.579698e+11,5.925717e+11,0.000000e+00
4,near,30,1e+17,person,7.582164e+11,5.925687e+11,2.466595e+08
4,near,30,1e+17,vehicle,7.581373e+11,5.925682e+11,1.675500e+08
4,near,20,1e+14,empty,5.566669e+08,4.828786e+08,0.000000e+00
4,near,20,1e+14,person,5.567373e+08,4.828775e+08,7.038170e+04
4,near,20,1e+14,vehicle,5.567106e+08,4.828775e+08,4.374550e+04
4,near,20,1e+15,empty,5.566669e+09,4.828786e+09,0.000000e+00
4,near,20,1e+15,person,5.567373e+09,4.828775e+09,7.038170e+05
4,near,20,1e+15,vehicle,5.567106e+09,4.828775e+09,4.374550e+05
4,near,20,1e+16,empty,5.566669e+10,4.828786e+10,0.000000e+00
4,near,20,1e+16,person,5.567373e+10,4.828775e+10,7.038170e+06
4,near,20,1e+16,vehicle,5.567106e+10,4.828775e+10,4.374550e+06
4,near,20,1e+17,empty,5.566669e+11,4.828786e+11,0.000000e+00
4,near,20,1e+17,person,5.567373e+11,4.828775e+11,7.038170e+07
4,near,20,1e+17,vehicle,5.567106e+11,4.828775e+11,4.374550e+07
4,near,15,1e+14,empty,3.880942e+08,3.541682e+08,0.000000e+00
4,near,15,1e+14,person,3.881143e+08,3.541678e+08,2.004233e+04
4,near,15,1e+14,vehicle,3.881056e+08,3.541679e+08,1.141713e+04
4,near,15,1e+15,empty,3.880942e+09,3.541682e+09,0.000000e+00
4,near,15,1e+15,person,3.881143e+09,3.541678e+09,2.004233e+05
4,near,15,1e+15,vehicle,3.881056e+09,3.541679e+09,1.141713e+05
4,near,15,1e+16,empty,3.880942e+10,3.541682e+10,0.000000e+00
4,near,15,1e+16,person,3.881143e+10,3.541678e+10,2.004233e+06
4,near,15,1e+16,vehicle,3.881056e+10,3.541679e+10,1.141713e+06
4,near,15,1e+17,empty,3.880942e+11,3.541682e+11,0.000000e+00
4,near,15,1e+17,person,3.881143e+11,3.541678e+11,2.004233e+07
4,near,15,1e+17,vehicle,3.881056e+11,3.541679e+11,1.141713e+07
4,near,10,1e+14,empty,1.738594e+08,1.661855e+08,0.000000e+00
4,near,10,1e+14,person,1.738610e+08,1.661854e+08,1.623506e+03
4,near,10,1e+14,vehicle,1.738602e+08,1.661854e+08,7.808652e+02
4,near,10,1e+15,empty,1.738594e+09,1.661855e+09,0.000000e+00
4,near,10,1e+15,person,1.738610e+09,1.661854e+09,1.623506e+04
4,near,10,1e+15,vehicle,1.738602e+09,1.661854e+09,7.808652e+03
4,near,10,1e+16,empty,1.738594e+10,1.661855e+10,0.000000e+00
4,near,10,1e+16,person,1.738610e+10,1.661854e+10,1.623506e+05
4,near,10,1e+16,vehicle,1.738602e+10,1.661854e+10,7.808652e+04
4,near,10,1e+17,empty,1.738594e+11,1.661855e+11,0.000000e+00
4,near,10,1e+17,person,1.738610e+11,1.661854e+11,1.623506e+06
4,near,10,1e+17,vehicle,1.738602e+11,1.661854e+11,7.808652e+05
4,near,5,1e+14,empty,1.261454e+07,1.248858e+07,0.000000e+00
4,near,5,1e+14,person,1.261454e+07,1.248858e+07,8.496767e-01
4,near,5,1e+14,vehicle,1.261454e+07,1.248858e+07,2.894103e-01
4,near,5,1e+15,empty,1.261454e+08,1.248858e+08,0.000000e+00
4,near,5,1e+15,person,1.261454e+08,1.248858e+08,8.496767e+00
4,near,5,1e+15,vehicle,1.261454e+08,1.248858e+08,2.894103e+00
4,near,5,1e+16,empty,1.261454e+09,1.248858e+09,0.000000e+00
4,near,5,1e+16,person,1.261454e+09,1.248858e+09,8.496767e+01
4,near,5,1e+16,vehicle,1.261454e+09,1.248858e+09,2.894103e+01
4,near,5,1e+17,empty,1.261454e+10,1.248858e+10,0.000000e+00
4,near,5,1e+17,person,1.261454e+10,1.248858e+10,8.496767e+02
4,near,5,1e+17,vehicle,1.261454e+10,1.248858e+10,2.894103e+02
5,far,inf,1e+14,empty,9.098325e+08,0.000000e+00,0.000000e+00
5,far,inf,1e+14,person,9.121717e+08,0.000000e+00,2.339238e+06
5,far,inf,1e+14,vehicle,9.117311e+08,0.000000e+00,1.898652e+06
5,far,inf,1e+15,empty,9.098325e+09,0.000000e+00,0.000000e+00
5,far,inf,1e+15,person,9.121717e+09,0.000000e+00,2.339238e+07
5,far,inf,1e+15,vehicle,9.117311e+09,0.000000e+00,1.898652e+07
5,far,inf,1e+16,empty,9.098325e+10,0.000000e+00,0.000000e+00
5,far,inf,1e+16,person,9.121717e+10,0.000000e+00,2.339238e+08
5,far,inf,1e+16,vehicle,9.117311e+10,0.000000e+00,1.898652e+08
5,far,inf,1e+17,empty,9.098325e+11,0.000000e+00,0.000000e+00
5,far,inf,1e+17,person,9.121717e+11,0.000000e+00,2.339238e+09
5,far,inf,1e+17,vehicle,9.117311e+11,0.000000e+00,1.898652e+09
5,far,50,1e+14,empty,3.193275e+08,2.078101e+08,0.000000e+00
5,far,50,1e+14,person,3.195177e+08,2.078085e+08,1.902094e+05
5,far,50,1e+14,vehicle,3.194573e+08,2.078080e+08,1.297969e+05
5,far,50,1e+15,empty,3.193275e+09,2.078101e+09,0.000000e+00
5,far,50,1e+15,person,3.195177e+09,2.078085e+09,1.902094e+06
5,far,50,1e+15,vehicle,3.194573e+09,2.078080e+09,1.297969e+06
5,far,50,1e+16,empty,3.193275e+10,2.078101e+10,0.000000e+00
5,far,50,1e+16,person,3.195177e+10,2.078085e+10,1.902094e+07
5,far,50,1e+16,vehicle,3.194573e+10,2.078080e+10,1.297969e+07
5,far,50,1e+17,empty,3.193275e+11,2.078101e+11,0.000000e+00
5,far,50,1e+17,person,3.195177e+11,2.078085e+11,1.902094e+08
5,far,50,1e+17,vehicle,3.194573e+11,2.078080e+11,1.297969e+08
5,far,30,1e+14,empty,1.338925e+08,1.052987e+08,0.000000e+00
5,far,30,1e+14,person,1.339280e+08,1.052983e+08,3.551823e+04
5,far,30,1e+14,vehicle,1.339140e+08,1.052983e+08,2.147629e+04
5,far,30,1e+15,empty,1.338925e+09,1.052987e+09,0.000000e+00
5,far,30,1e+15,person,1.339280e+09,1.052983e+09,3.551823e+05
5,far,30,1e+15,vehicle,1.339140e+09,1.052983e+09,2.147629e+05
5,far,30,1e+16,empty,1.338925e+10,1.052987e+10,0.000000e+00
5,far,30,1e+16,person,1.339280e+10,1.052983e+10,3.551823e+06
5,far,30,1e+16,vehicle,1.339140e+10,1.052983e+10,2.147629e+06
5,far,30,1e+17,empty,1.338925e+11,1.052987e+11,0.000000e+00
5,far,30,1e+17,person,1.339280e+11,1.052983e+11,3.551823e+07
5,far,30,1e+17,vehicle,1.339140e+11,1.052983e+11,2.147629e+07
5,far,20,1e+14,empty,4.126978e+07,3.588938e+07,0.000000e+00
5,far,20,1e+14,person,4.127413e+07,3.588931e+07,4.349948e+03
5,far,20,1e+14,vehicle,4.127203e+07,3.588931e+07,2.256540e+03
5,far,20,1e+15,empty,4.126978e+08,3.588938e+08,0.000000e+00
5,far,20,1e+15,person,4.127413e+08,3.588931e+08,4.349948e+04
5,far,20,1e+15,vehicle,4.127203e+08,3.588931e+08,2.256540e+04
5,far,20,1e+16,empty,4.126978e+09,3.588938e+09,0.000000e+00
5,far,20,1e+16,person,4.127413e+09,3.588931e+09,4.349948e+05
5,far,20,1e+16,vehicle,4.127203e+09,3.588931e+09,2.256540e+05
5,far,20,1e+17,empty,4.126978e+10,3.588938e+10,0.000000e+00
5,far,20,1e+17,person,4.127413e+10,3.588931e+10,4.349948e+06
5,far,20,1e+17,vehicle,4.127203e+10,3.588931e+10,2.256540e+06
5,far,15,1e+14,empty,1.198077e+07,1.094210e+07,0.000000e+00
5,far,15,1e+14,person,1.198131e+07,1.094209e+07,5.323760e+02
5,far,15,1e+14,vehicle,1.198101e+07,1.094209e+07,2.368198e+02
5,far,15,1e+15,empty,1.198077e+08,1.094210e+08,0.000000e+00
5,far,15,1e+15,person,1.198131e+08,1.094209e+08,5.323760e+03
5,far,15,1e+15,vehicle,1.198101e+08,1.094209e+08,2.368198e+03
5,far,15,1e+16,empty,1.198077e+09,1.094210e+09,0.000000e+00
5,far,15,1e+16,person,1.198131e+09,1.094209e+09,5.323760e+04
5,far,15,1e+16,vehicle,1.198101e+09,1.094209e+09,2.368198e+04
5,far,15,1e+17,empty,1.198077e+10,1.094210e+10,0.000000e+00
5,far,15,1e+17,person,1.198131e+10,1.094209e+10,5.323760e+05
5,far,15,1e+17,vehicle,1.198101e+10,1.094209e+10,2.368198e+05
5,far,10,1e+14,empty,9.132359e+05,8.724111e+05,0.000000e+00
5,far,10,1e+14,person,9.132439e+05,8.724110e+05,7.992924e+00
5,far,10,1e+14,vehicle,9.132385e+05,8.724111e+05,2.621690e+00
5,far,10,1e+15,empty,9.132359e+06,8.724111e+06,0.000000e+00
5,far,10,1e+15,person,9.132439e+06,8.724110e+06,7.992924e+01
5,far,10,1e+15,vehicle,9.132385e+06,8.724111e+06,2.621690e+01
5,far,10,1e+16,empty,9.132359e+07,8.724111e+07,0.000000e+00
5,far,10,1e+16,person,9.132439e+07,8.724110e+07,7.992924e+02
5,far,10,1e+16,vehicle,9.132385e+07,8.724111e+07,2.621690e+02
5,far,10,1e+17,empty,9.132359e+08,8.724111e+08,0.000000e+00
5,far,10,1e+17,person,9.132439e+08,8.724110e+08,7.992924e+03
5,far,10,1e+17,vehicle,9.132385e+08,8.724111e+08,2.621690e+03
5,far,5,1e+14,empty,2.939800e+02,2.908295e+02,0.000000e+00
5,far,5,1e+14,person,2.939800e+02,2.908295e+02,2.690785e-05
5,far,5,1e+14,vehicle,2.939800e+02,2.908295e+02,4.809895e-06
5,far,5,1e+15,empty,2.939800e+03,2.908295e+03,0.000000e+00
5,far,5,1e+15,person,2.939800e+03,2.908295e+03,2.690785e-04
5,far,5,1e+15,vehicle,2.939800e+03,2.908295e+03,4.809895e-05
5,far,5,1e+16,empty,2.939800e+04,2.908295e+04,0.000000e+00
5,far,5,1e+16,person,2.939800e+04,2.908295e+04,2.690785e-03
5,far,5,1e+16,vehicle,2.939800e+04,2.908295e+04,4.809895e-04
5,far,5,1e+17,empty,2.939800e+05,2.908295e+05,0.000000e+00
5,far,5,1e+17,person,2.939800e+05,2.908295e+05,2.690785e-02
5,far,5,1e+17,vehicle,2.939800e+05,2.908295e+05,4.809895e-03
5,near,inf,1e+14,empty,9.098325e+08,0.000000e+00,0.000000e+00
5,near,inf,1e+14,person,9.121717e+08,0.000000e+00,2.339238e+06
5,near,inf,1e+14,vehicle,9.117311e+08,0.000000e+00,1.898652e+06
5,near,inf,1e+15,empty,9.098325e+09,0.000000e+00,0.000000e+00
5,near,inf,1e+15,person,9.121717e+09,0.000000e+00,2.339238e+07
5,near,inf,1e+15,vehicle,9.117311e+09,0.000000e+00,1.898652e+07
5,near,inf,1e+16,empty,9.098325e+10,0.000000e+00,0.000000e+00
5,near,inf,1e+16,person,9.121717e+10,0.000000e+00,2.339238e+08
5,near,inf,1e+16,vehicle,9.117311e+10,0.000000e+00,1.898652e+08
5,near,inf,1e+17,empty,9.098325e+11,0.000000e+00,0.000000e+00
5,near,inf,1e+17,person,9.121717e+11,0.000000e+00,2.339238e+09
5,near,inf,1e+17,vehicle,9.117311e+11,0.000000e+00,1.898652e+09
5,near,50,1e+14,empty,8.911878e+08,5.823843e+08,0.000000e+00
5,near,50,1e+14,person,8.917002e+08,5.823799e+08,5.123556e+05
5,near,50,1e+14,vehicle,8.915389e+08,5.823785e+08,3.511128e+05
5,near,50,1e+15,empty,8.911878e+09,5.823843e+09,0.000000e+00
5,near,50,1e+15,person,8.917002e+09,5.823799e+09,5.123556e+06
5,near,50,1e+15,vehicle,8.915389e+09,5.823785e+09,3.511128e+06
5,near,50,1e+16,empty,8.911878e+10,5.823843e+10,0.000000e+00
5,near,50,1e+16,person,8.917002e+10,5.823799e+10,5.123556e+07
5,near,50,1e+16,vehicle,8.915389e+10,5.823785e+10,3.511128e+07
5,near,50,1e+17,empty,8.911878e+11,5.823843e+11,0.000000e+00
5,near,50,1e+17,person,8.917002e+11,5.823799e+11,5.123556e+08
5,near,50,1e+17,vehicle,8.915389e+11,5.823785e+11,3.511128e+08
5,near,30,1e+14,empty,7.465073e+08,5.897980e+08,0.000000e+00
5,near,30,1e+14,person,7.466924e+08,5.897957e+08,1.850486e+05
5,near,30,1e+14,vehicle,7.466199e+08,5.897955e+08,1.126130e+05
5,near,30,1e+15,empty,7.465073e+09,5.897980e+09,0.000000e+00
5,near,30,1e+15,person,7.466924e+09,5.897957e+09,1.850486e+06
5,near,30,1e+15,vehicle,7.466199e+09,5.897955e+09,1.126130e+06
5,near,30,1e+16,empty,7.465073e+10,5.897980e+10,0.000000e+00
5,near,30,1e+16,person,7.466924e+10,5.897957e+10,1.850486e+07
5,near,30,1e+16,vehicle,7.466199e+10,5.897955e+10,1.126130e+07
5,near,30,1e+17,empty,7.465073e+11,5.897980e+11,0.000000e+00
5,near,30,1e+17,person,7.466924e+11,5.897957e+11,1.850486e+08
5,near,30,1e+17,vehicle,7.466199e+11,5.897955e+11,1.126130e+08
5,near,20,1e+14,empty,5.500654e+08,4.805434e+08,0.000000e+00
5,near,20,1e+14,person,5.501171e+08,4.805425e+08,5.164632e+04
5,near,20,1e+14,vehicle,5.500925e+08,4.805426e+08,2.702313e+04
5,near,20,1e+15,empty,5.500654e+09,4.805434e+09,0.000000e+00
5,near,20,1e+15,person,5.501171e+09,4.805425e+09,5.164632e+05
5,near,20,1e+15,vehicle,5.500925e+09,4.805426e+09,2.702313e+05
5,near,20,1e+16,empty,5.500654e+10,4.805434e+10,0.000000e+00
5,near,20,1e+16,person,5.501171e+10,4.805425e+10,5.164632e+06
5,near,20,1e+16,vehicle,5.500925e+10,4.805426e+10,2.702313e+06
5,near,20,1e+17,empty,5.500654e+11,4.805434e+11,0.000000e+00
5,near,20,1e+17,person,5.501171e+11,4.805425e+11,5.164632e+07
5,near,20,1e+17,vehicle,5.500925e+11,4.805426e+11,2.702313e+07
5,near,15,1e+14,empty,3.842163e+08,3.524170e+08,0.000000e+00
5,near,15,1e+14,person,3.842307e+08,3.524167e+08,1.439095e+04
5,near,15,1e+14,vehicle,3.842228e+08,3.524167e+08,6.467560e+03
5,near,15,1e+15,empty,3.842163e+09,3.524170e+09,0.000000e+00
5,near,15,1e+15,person,3.842307e+09,3.524167e+09,1.439095e+05
5,near,15,1e+15,vehicle,3.842228e+09,3.524167e+09,6.467560e+04
5,near,15,1e+16,empty,3.842163e+10,3.524170e+10,0.000000e+00
5,near,15,1e+16,person,3.842307e+10,3.524167e+10,1.439095e+06
5,near,15,1e+16,vehicle,3.842228e+10,3.524167e+10,6.467560e+05
5,near,15,1e+17,empty,3.842163e+11,3.524170e+11,0.000000e+00
5,near,15,1e+17,person,3.842307e+11,3.524167e+11,1.439095e+07
5,near,15,1e+17,vehicle,3.842228e+11,3.524167e+11,6.467560e+06
5,near,10,1e+14,empty,1.724745e+08,1.653530e+08,0.000000e+00
5,near,10,1e+14,person,1.724757e+08,1.653530e+08,1.117188e+03
5,near,10,1e+14,vehicle,1.724749e+08,1.653530e+08,3.712668e+02
5,near,10,1e+15,empty,1.724745e+09,1.653530e+09,0.000000e+00
5,near,10,1e+15,person,1.724757e+09,1.653530e+09,1.117188e+04
5,near,10,1e+15,vehicle,1.724749e+09,1.653530e+09,3.712668e+03
5,near,10,1e+16,empty,1.724745e+10,1.653530e+10,0.000000e+00
5,near,10,1e+16,person,1.724757e+10,1.653530e+10,1.117188e+05
5,near,10,1e+16,vehicle,1.724749e+10,1.653530e+10,3.712668e+04
5,near,10,1e+17,empty,1.724745e+11,1.653530e+11,0.000000e+00
5,near,10,1e+17,person,1.724757e+11,1.653530e+11,1.117188e+06
5,near,10,1e+17,vehicle,1.724749e+11,1.653530e+11,3.712668e+05
5,near,5,1e+14,empty,1.254761e+07,1.243451e+07,0.000000e+00
5,near,5,1e+14,person,1.254761e+07,1.243451e+07,4.859282e-01
5,near,5,1e+14,vehicle,1.254761e+07,1.243451e+07,1.631670e-01
5,near,5,1e+15,empty,1.254761e+08,1.243451e+08,0.000000e+00
5,near,5,1e+15,person,1.254761e+08,1.243451e+08,4.859282e+00
5,near,5,1e+15,vehicle,1.254761e+08,1.243451e+08,1.631670e+00
5,near,5,1e+16,empty,1.254761e+09,1.243451e+09,0.000000e+00
5,near,5,1e+16,person,1.254761e+09,1.243451e+09,4.859282e+01
5,near,5,1e+16,vehicle,1.254761e+09,1.243451e+09,1.631670e+01
5,near,5,1e+17,empty,1.254761e+10,1.243451e+10,0.000000e+00
5,near,5,1e+17,person,1.254761e+10,1.243451e+10,4.859282e+02
5,near,5,1e+17,vehicle,1.254761e+10,1.243451e+10,1.631670e+02
6,far,inf,1e+14,empty,9.598033e+08,0.000000e+00,0.000000e+00
6,far,inf,1e+14,person,9.628336e+08,0.000000e+00,3.030287e+06
6,far,inf,1e+14,vehicle,9.620578e+08,0.000000e+00,2.254545e+06
6,far,inf,1e+15,empty,9.598033e+09,0.000000e+00,0.000000e+00
6,far,inf,1e+15,person,9.628336e+09,0.000000e+00,3.030287e+07
6,far,inf,1e+15,vehicle,9.620578e+09,0.000000e+00,2.254545e+07
6,far,inf,1e+16,empty,9.598033e+10,0.000000e+00,0.000000e+00
6,far,inf,1e+16,person,9.628336e+10,0.000000e+00,3.030287e+08
6,far,inf,1e+16,vehicle,9.620578e+10,0.000000e+00,2.254545e+08
6,far,inf,1e+17,empty,9.598033e+11,0.000000e+00,0.000000e+00
6,far,inf,1e+17,person,9.628336e+11,0.000000e+00,3.030287e+09
6,far,inf,1e+17,vehicle,9.620578e+11,0.000000e+00,2.254545e+09
6,far,50,1e+14,empty,3.314293e+08,2.124664e+08,0.000000e+00
6,far,50,1e+14,person,3.316861e+08,2.124642e+08,2.568674e+05
6,far,50,1e+14,vehicle,3.315895e+08,2.124638e+08,1.602191e+05
6,far,50,1e+15,empty,3.314293e+09,2.124664e+09,0.000000e+00
6,far,50,1e+15,person,3.316861e+09,2.124642e+09,2.568674e+06
6,far,50,1e+15,vehicle,3.315895e+09,2.124638e+09,1.602191e+06
6,far,50,1e+16,empty,3.314293e+10,2.124664e+10,0.000000e+00
6,far,50,1e+16,person,3.316861e+10,2.124642e+10,2.568674e+07
6,far,50,1e+16,vehicle,3.315895e+10,2.124638e+10,1.602191e+07
6,far,50,1e+17,empty,3.314293e+11,2.124664e+11,0.000000e+00
6,far,50,1e+17,person,3.316861e+11,2.124642e+11,2.568674e+08
6,far,50,1e+17,vehicle,3.315895e+11,2.124638e+11,1.602191e+08
6,far,30,1e+14,empty,1.384229e+08,1.077051e+08,0.000000e+00
6,far,30,1e+14,person,1.384722e+08,1.077045e+08,4.931529e+04
6,far,30,1e+14,vehicle,1.384501e+08,1.077044e+08,2.721139e+04
6,far,30,1e+15,empty,1.384229e+09,1.077051e+09,0.000000e+00
6,far,30,1e+15,person,1.384722e+09,1.077045e+09,4.931529e+05
6,far,30,1e+15,vehicle,1.384501e+09,1.077044e+09,2.721139e+05
6,far,30,1e+16,empty,1.384229e+10,1.077051e+10,0.000000e+00
6,far,30,1e+16,person,1.384722e+10,1.077045e+10,4.931529e+06
6,far,30,1e+16,vehicle,1.384501e+10,1.077044e+10,2.721139e+06
6,far,30,1e+17,empty,1.384229e+11,1.077051e+11,0.000000e+00
6,far,30,1e+17,person,1.384722e+11,1.077045e+11,4.931529e+07
6,far,30,1e+17,vehicle,1.384501e+11,1.077044e+11,2.721139e+07
6,far,20,1e+14,empty,4.255484e+07,3.672677e+07,0.000000e+00
6,far,20,1e+14,person,4.256109e+07,3.672667e+07,6.252361e+03
6,far,20,1e+14,vehicle,4.255780e+07,3.672668e+07,2.954630e+03
6,far,20,1e+15,empty,4.255484e+08,3.672677e+08,0.000000e+00
6,far,20,1e+15,person,4.256109e+08,3.672667e+08,6.252361e+04
6,far,20,1e+15,vehicle,4.255780e+08,3.672668e+08,2.954630e+04
6,far,20,1e+16,empty,4.255484e+09,3.672677e+09,0.000000e+00
6,far,20,1e+16,person,4.256109e+09,3.672667e+09,6.252361e+05
6,far,20,1e+16,vehicle,4.255780e+09,3.672668e+09,2.954630e+05
6,far,20,1e+17,empty,4.255484e+10,3.672677e+10,0.000000e+00
6,far,20,1e+17,person,4.256109e+10,3.672667e+10,6.252361e+06
6,far,20,1e+17,vehicle,4.255780e+10,3.672668e+10,2.954630e+06
6,far,15,1e+14,empty,1.233559e+07,1.120171e+07,0.000000e+00
6,far,15,1e+14,person,1.233638e+07,1.120170e+07,7.921062e+02
6,far,15,1e+14,vehicle,1.233591e+07,1.120170e+07,3.205530e+02
6,far,15,1e+15,empty,1.233559e+08,1.120171e+08,0.000000e+00
6,far,15,1e+15,person,1.233638e+08,1.120170e+08,7.921062e+03
6,far,15,1e+15,vehicle,1.233591e+08,1.120170e+08,3.205530e+03
6,far,15,1e+16,empty,1.233559e+09,1.120171e+09,0.000000e+00
6,far,15,1e+16,person,1.233638e+09,1.120170e+09,7.921062e+04
6,far,15,1e+16,vehicle,1.233591e+09,1.120170e+09,3.205530e+04
6,far,15,1e+17,empty,1.233559e+10,1.120171e+10,0.000000e+00
6,far,15,1e+17,person,1.233638e+10,1.120170e+10,7.921062e+05
6,far,15,1e+17,vehicle,1.233591e+10,1.120170e+10,3.205530e+05
6,far,10,1e+14,empty,9.387907e+05,8.935763e+05,0.000000e+00
6,far,10,1e+14,person,9.388034e+05,8.935760e+05,1.273364e+01
6,far,10,1e+14,vehicle,9.387944e+05,8.935762e+05,3.790516e+00
6,far,10,1e+15,empty,9.387907e+06,8.935763e+06,0.000000e+00
6,far,10,1e+15,person,9.388034e+06,8.935760e+06,1.273364e+02
6,far,10,1e+15,vehicle,9.387944e+06,8.935762e+06,3.790516e+01
6,far,10,1e+16,empty,9.387907e+07,8.935763e+07,0.000000e+00
6,far,10,1e+16,person,9.388034e+07,8.935760e+07,1.273364e+03
6,far,10,1e+16,vehicle,9.387944e+07,8.935762e+07,3.790516e+02
6,far,10,1e+17,empty,9.387907e+08,8.935763e+08,0.000000e+00
6,far,10,1e+17,person,9.388034e+08,8.935760e+08,1.273364e+04
6,far,10,1e+17,vehicle,9.387944e+08,8.935762e+08,3.790516e+03
6,far,5,1e+14,empty,3.014688e+02,2.978398e+02,0.000000e+00
6,far,5,1e+14,person,3.014689e+02,2.978398e+02,5.144801e-05
6,far,5,1e+14,vehicle,3.014688e+02,2.978398e+02,6.792777e-06
6,far,5,1e+15,empty,3.014688e+03,2.978398e+03,0.000000e+00
6,far,5,1e+15,person,3.014689e+03,2.978398e+03,5.144801e-04
6,far,5,1e+15,vehicle,3.014688e+03,2.978398e+03,6.792777e-05
6,far,5,1e+16,empty,3.014688e+04,2.978398e+04,0.000000e+00
6,far,5,1e+16,person,3.014689e+04,2.978398e+04,5.144801e-03
6,far,5,1e+16,vehicle,3.014688e+04,2.978398e+04,6.792777e-04
6,far,5,1e+17,empty,3.014688e+05,2.978398e+05,0.000000e+00
6,far,5,1e+17,person,3.014689e+05,2.978398e+05,5.144801e-02
6,far,5,1e+17,vehicle,3.014688e+05,2.978398e+05,6.792777e-03
6,near,inf,1e+14,empty,9.598033e+08,0.000000e+00,0.000000e+00
6,near,inf,1e+14,person,9.628336e+08,0.000000e+00,3.030287e+06
6,near,inf,1e+14,vehicle,9.620578e+08,0.000000e+00,2.254545e+06
6,near,inf,1e+15,empty,9.598033e+09,0.000000e+00,0.000000e+00
6,near,inf,1e+15,person,9.628336e+09,0.000000e+00,3.030287e+07
6,near,inf,1e+15,vehicle,9.620578e+09,0.000000e+00,2.254545e+07
6,near,inf,1e+16,empty,9.598033e+10,0.000000e+00,0.000000e+00
6,near,inf,1e+16,person,9.628336e+10,0.000000e+00,3.030287e+08
6,near,inf,1e+16,vehicle,9.620578e+10,0.000000e+00,2.254545e+08
6,near,inf,1e+17,empty,9.598033e+11,0.000000e+00,0.000000e+00
6,near,inf,1e+17,person,9.628336e+11,0.000000e+00,3.030287e+09
6,near,inf,1e+17,vehicle,9.620578e+11,0.000000e+00,2.254545e+09
6,near,50,1e+14,empty,9.247334e+08,5.951617e+08,0.000000e+00
6,near,50,1e+14,person,9.254256e+08,5.951559e+08,6.922882e+05
6,near,50,1e+14,vehicle,9.251669e+08,5.951547e+08,4.335048e+05
6,near,50,1e+15,empty,9.247334e+09,5.951617e+09,0.000000e+00
6,near,50,1e+15,person,9.254256e+09,5.951559e+09,6.922882e+06
6,near,50,1e+15,vehicle,9.251669e+09,5.951547e+09,4.335048e+06
6,near,50,1e+16,empty,9.247334e+10,5.951617e+10,0.000000e+00
6,near,50,1e+16,person,9.254256e+10,5.951559e+10,6.922882e+07
6,near,50,1e+16,vehicle,9.251669e+10,5.951547e+10,4.335048e+07
6,near,50,1e+17,empty,9.247334e+11,5.951617e+11,0.000000e+00
6,near,50,1e+17,person,9.254256e+11,5.951559e+11,6.922882e+08
6,near,50,1e+17,vehicle,9.251669e+11,5.951547e+11,4.335048e+08
6,near,30,1e+14,empty,7.712758e+08,6.027544e+08,0.000000e+00
6,near,30,1e+14,person,7.715330e+08,6.027512e+08,2.572003e+05
6,near,30,1e+14,vehicle,7.714186e+08,6.027511e+08,1.427537e+05
6,near,30,1e+15,empty,7.712758e+09,6.027544e+09,0.000000e+00
6,near,30,1e+15,person,7.715330e+09,6.027512e+09,2.572003e+06
6,near,30,1e+15,vehicle,7.714186e+09,6.027511e+09,1.427537e+06
6,near,30,1e+16,empty,7.712758e+10,6.027544e+10,0.000000e+00
6,near,30,1e+16,person,7.715330e+10,6.027512e+10,2.572003e+07
6,near,30,1e+16,vehicle,7.714186e+10,6.027511e+10,1.427537e+07
6,near,30,1e+17,empty,7.712758e+11,6.027544e+11,0.000000e+00
6,near,30,1e+17,person,7.715330e+11,6.027512e+11,2.572003e+08
6,near,30,1e+17,vehicle,7.714186e+11,6.027511e+11,1.427537e+08
6,near,20,1e+14,empty,5.664781e+08,4.910199e+08,0.000000e+00
6,near,20,1e+14,person,5.665524e+08,4.910187e+08,7.436735e+04
6,near,20,1e+14,vehicle,5.665135e+08,4.910189e+08,3.541451e+04
6,near,20,1e+15,empty,5.664781e+09,4.910199e+09,0.000000e+00
6,near,20,1e+15,person,5.665524e+09,4.910187e+09,7.436735e+05
6,near,20,1e+15,vehicle,5.665135e+09,4.910189e+09,3.541451e+05
6,near,20,1e+16,empty,5.664781e+10,4.910199e+10,0.000000e+00
6,near,20,1e+16,person,5.665524e+10,4.910187e+10,7.436735e+06
6,near,20,1e+16,vehicle,5.665135e+10,4.910189e+10,3.541451e+06
6,near,20,1e+17,empty,5.664781e+11,4.910199e+11,0.000000e+00
6,near,20,1e+17,person,5.665524e+11,4.910187e+11,7.436735e+07
6,near,20,1e+17,vehicle,5.665135e+11,4.910189e+11,3.541451e+07
6,near,15,1e+14,empty,3.947940e+08,3.599646e+08,0.000000e+00
6,near,15,1e+14,person,3.948155e+08,3.599642e+08,2.146983e+04
6,near,15,1e+14,vehicle,3.948028e+08,3.599644e+08,8.766566e+03
6,near,15,1e+15,empty,3.947940e+09,3.599646e+09,0.000000e+00
6,near,15,1e+15,person,3.948155e+09,3.599642e+09,2.146983e+05
6,near,15,1e+15,vehicle,3.948028e+09,3.599644e+09,8.766566e+04
6,near,15,1e+16,empty,3.947940e+10,3.599646e+10,0.000000e+00
6,near,15,1e+16,person,3.948155e+10,3.599642e+10,2.146983e+06
6,near,15,1e+16,vehicle,3.948028e+10,3.599644e+10,8.766566e+05
6,near,15,1e+17,empty,3.947940e+11,3.599646e+11,0.000000e+00
6,near,15,1e+17,person,3.948155e+11,3.599642e+11,2.146983e+07
6,near,15,1e+17,vehicle,3.948028e+11,3.599644e+11,8.766566e+06
6,near,10,1e+14,empty,1.766091e+08,1.686680e+08,0.000000e+00
6,near,10,1e+14,person,1.766108e+08,1.686680e+08,1.788172e+03
6,near,10,1e+14,vehicle,1.766096e+08,1.686680e+08,5.375279e+02
6,near,10,1e+15,empty,1.766091e+09,1.686680e+09,0.000000e+00
6,near,10,1e+15,person,1.766108e+09,1.686680e+09,1.788172e+04
6,near,10,1e+15,vehicle,1.766096e+09,1.686680e+09,5.375279e+03
6,near,10,1e+16,empty,1.766091e+10,1.686680e+10,0.000000e+00
6,near,10,1e+16,person,1.766108e+10,1.686680e+10,1.788172e+05
6,near,10,1e+16,vehicle,1.766096e+10,1.686680e+10,5.375279e+04
6,near,10,1e+17,empty,1.766091e+11,1.686680e+11,0.000000e+00
6,near,10,1e+17,person,1.766108e+11,1.686680e+11,1.788172e+06
6,near,10,1e+17,vehicle,1.766096e+11,1.686680e+11,5.375279e+05
6,near,5,1e+14,empty,1.272562e+07,1.259266e+07,0.000000e+00
6,near,5,1e+14,person,1.272562e+07,1.259266e+07,8.896147e-01
6,near,5,1e+14,vehicle,1.272562e+07,1.259266e+07,9.805055e-02
6,near,5,1e+15,empty,1.272562e+08,1.259266e+08,0.000000e+00
6,near,5,1e+15,person,1.272562e+08,1.259266e+08,8.896147e+00
6,near,5,1e+15,vehicle,1.272562e+08,1.259266e+08,9.805055e-01
6,near,5,1e+16,empty,1.272562e+09,1.259266e+09,0.000000e+00
6,near,5,1e+16,person,1.272562e+09,1.259266e+09,8.896147e+01
6,near,5,1e+16,vehicle,1.272562e+09,1.259266e+09,9.805055e+00
6,near,5,1e+17,empty,1.272562e+10,1.259266e+10,0.000000e+00
6,near,5,1e+17,person,1.272562e+10,1.259266e+10,8.896147e+02
6,near,5,1e+17,vehicle,1.272562e+10,1.259266e+10,9.805055e+01
7,far,inf,1e+14,empty,9.211720e+08,0.000000e+00,0.000000e+00
7,far,inf,1e+14,person,9.234668e+08,0.000000e+00,2.294783e+06
7,far,inf,1e+14,vehicle,9.233609e+08,0.000000e+00,2.188911e+06
7,far,inf,1e+15,empty,9.211720e+09,0.000000e+00,0.000000e+00
7,far,inf,1e+15,person,9.234668e+09,0.000000e+00,2.294783e+07
7,far,inf,1e+15,vehicle,9.233609e+09,0.000000e+00,2.188911e+07
7,far,inf,1e+16,empty,9.211720e+10,0.000000e+00,0.000000e+00
7,far,inf,1e+16,person,9.234668e+10,0.000000e+00,2.294783e+08
7,far,inf,1e+16,vehicle,9.233609e+10,0.000000e+00,2.188911e+08
7,far,inf,1e+17,empty,9.211720e+11,0.000000e+00,0.000000e+00
7,far,inf,1e+17,person,9.234668e+11,0.000000e+00,2.294783e+09
7,far,inf,1e+17,vehicle,9.233609e+11,0.000000e+00,2.188911e+09
7,far,50,1e+14,empty,3.183620e+08,2.042988e+08,0.000000e+00
7,far,50,1e+14,person,3.185560e+08,2.042971e+08,1.940349e+05
7,far,50,1e+14,vehicle,3.185179e+08,2.042963e+08,1.559407e+05
7,far,50,1e+15,empty,3.183620e+09,2.042988e+09,0.000000e+00
7,far,50,1e+15,person,3.185560e+09,2.042971e+09,1.940349e+06
7,far,50,1e+15,vehicle,3.185179e+09,2.042963e+09,1.559407e+06
7,far,50,1e+16,empty,3.183620e+10,2.042988e+10,0.000000e+00
7,far,50,1e+16,person,3.185560e+10,2.042971e+10,1.940349e+07
7,far,50,1e+16,vehicle,3.185179e+10,2.042963e+10,1.559407e+07
7,far,50,1e+17,empty,3.183620e+11,2.042988e+11,0.000000e+00
7,far,50,1e+17,person,3.185560e+11,2.042971e+11,1.940349e+08
7,far,50,1e+17,vehicle,3.185179e+11,2.042963e+11,1.559407e+08
7,far,30,1e+14,empty,1.329032e+08,1.034628e+08,0.000000e+00
7,far,30,1e+14,person,1.329405e+08,1.034623e+08,3.724041e+04
7,far,30,1e+14,vehicle,1.329298e+08,1.034622e+08,2.652988e+04
7,far,30,1e+15,empty,1.329032e+09,1.034628e+09,0.000000e+00
7,far,30,1e+15,person,1.329405e+09,1.034623e+09,3.724041e+05
7,far,30,1e+15,vehicle,1.329298e+09,1.034622e+09,2.652988e+05
7,far,30,1e+16,empty,1.329032e+10,1.034628e+10,0.000000e+00
7,far,30,1e+16,person,1.329405e+10,1.034623e+10,3.724041e+06
7,far,30,1e+16,vehicle,1.329298e+10,1.034622e+10,2.652988e+06
7,far,30,1e+17,empty,1.329032e+11,1.034628e+11,0.000000e+00
7,far,30,1e+17,person,1.329405e+11,1.034623e+11,3.724041e+07
7,far,30,1e+17,vehicle,1.329298e+11,1.034622e+11,2.652988e+07
7,far,20,1e+14,empty,4.081640e+07,3.523262e+07,0.000000e+00
7,far,20,1e+14,person,4.082112e+07,3.523254e+07,4.725827e+03
7,far,20,1e+14,vehicle,4.081928e+07,3.523253e+07,2.886866e+03
7,far,20,1e+15,empty,4.081640e+08,3.523262e+08,0.000000e+00
7,far,20,1e+15,person,4.082112e+08,3.523254e+08,4.725827e+04
7,far,20,1e+15,vehicle,4.081928e+08,3.523253e+08,2.886866e+04
7,far,20,1e+16,empty,4.081640e+09,3.523262e+09,0.000000e+00
7,far,20,1e+16,person,4.082112e+09,3.523254e+09,4.725827e+05
7,far,20,1e+16,vehicle,4.081928e+09,3.523253e+09,2.886866e+05
7,far,20,1e+17,empty,4.081640e+10,3.523262e+10,0.000000e+00
7,far,20,1e+17,person,4.082112e+10,3.523254e+10,4.725827e+06
7,far,20,1e+17,vehicle,4.081928e+10,3.523253e+10,2.886866e+06
7,far,15,1e+14,empty,1.181627e+07,1.073021e+07,0.000000e+00
7,far,15,1e+14,person,1.181687e+07,1.073020e+07,6.000200e+02
7,far,15,1e+14,vehicle,1.181658e+07,1.073020e+07,3.138874e+02
7,far,15,1e+15,empty,1.181627e+08,1.073021e+08,0.000000e+00
7,far,15,1e+15,person,1.181687e+08,1.073020e+08,6.000200e+03
7,far,15,1e+15,vehicle,1.181658e+08,1.073020e+08,3.138874e+03
7,far,15,1e+16,empty,1.181627e+09,1.073021e+09,0.000000e+00
7,far,15,1e+16,person,1.181687e+09,1.073020e+09,6.000200e+04
7,far,15,1e+16,vehicle,1.181658e+09,1.073020e+09,3.138874e+04
7,far,15,1e+17,empty,1.181627e+10,1.073021e+10,0.000000e+00
7,far,15,1e+17,person,1.181687e+10,1.073020e+10,6.000200e+05
7,far,15,1e+17,vehicle,1.181658e+10,1.073020e+10,3.138874e+05
7,far,10,1e+14,empty,8.964569e+05,8.531761e+05,0.000000e+00
7,far,10,1e+14,person,8.964666e+05,8.531759e+05,9.719352e+00
7,far,10,1e+14,vehicle,8.964606e+05,8.531760e+05,3.733938e+00
7,far,10,1e+15,empty,8.964569e+06,8.531761e+06,0.000000e+00
7,far,10,1e+15,person,8.964666e+06,8.531759e+06,9.719352e+01
7,far,10,1e+15,vehicle,8.964606e+06,8.531760e+06,3.733938e+01
7,far,10,1e+16,empty,8.964569e+07,8.531761e+07,0.000000e+00
7,far,10,1e+16,person,8.964666e+07,8.531759e+07,9.719352e+02
7,far,10,1e+16,vehicle,8.964606e+07,8.531760e+07,3.733938e+02
7,far,10,1e+17,empty,8.964569e+08,8.531761e+08,0.000000e+00
7,far,10,1e+17,person,8.964666e+08,8.531759e+08,9.719352e+03
7,far,10,1e+17,vehicle,8.964606e+08,8.531760e+08,3.733938e+03
7,far,5,1e+14,empty,2.845786e+02,2.811270e+02,0.000000e+00
7,far,5,1e+14,person,2.845787e+02,2.811270e+02,4.481366e-05
7,far,5,1e+14,vehicle,2.845786e+02,2.811270e+02,8.817546e-06
7,far,5,1e+15,empty,2.845786e+03,2.811270e+03,0.000000e+00
7,far,5,1e+15,person,2.845787e+03,2.811270e+03,4.481366e-04
7,far,5,1e+15,vehicle,2.845786e+03,2.811270e+03,8.817546e-05
7,far,5,1e+16,empty,2.845786e+04,2.811270e+04,0.000000e+00
7,far,5,1e+16,person,2.845787e+04,2.811270e+04,4.481366e-03
7,far,5,1e+16,vehicle,2.845786e+04,2.811270e+04,8.817546e-04
7,far,5,1e+17,empty,2.845786e+05,2.811270e+05,0.000000e+00
7,far,5,1e+17,person,2.845787e+05,2.811270e+05,4.481366e-02
7,far,5,1e+17,vehicle,2.845786e+05,2.811270e+05,8.817546e-03
7,near,inf,1e+14,empty,9.211720e+08,0.000000e+00,0.000000e+00
7,near,inf,1e+14,person,9.234668e+08,0.000000e+00,2.294783e+06
7,near,inf,1e+14,vehicle,9.233609e+08,0.000000e+00,2.188911e+06
7,near,inf,1e+15,empty,9.211720e+09,0.000000e+00,0.000000e+00
7,near,inf,1e+15,person,9.234668e+09,0.000000e+00,2.294783e+07
7,near,inf,1e+15,vehicle,9.233609e+09,0.000000e+00,2.188911e+07
7,near,inf,1e+16,empty,9.211720e+10,0.000000e+00,0.000000e+00
7,near,inf,1e+16,person,9.234668e+10,0.000000e+00,2.294783e+08
7,near,inf,1e+16,vehicle,9.233609e+10,0.000000e+00,2.188911e+08
7,near,inf,1e+17,empty,9.211720e+11,0.000000e+00,0.000000e+00
7,near,inf,1e+17,person,9.234668e+11,0.000000e+00,2.294783e+09
7,near,inf,1e+17,vehicle,9.233609e+11,0.000000e+00,2.188911e+09
7,near,50,1e+14,empty,8.880188e+08,5.718891e+08,0.000000e+00
7,near,50,1e+14,person,8.885415e+08,5.718846e+08,5.226854e+05
7,near,50,1e+14,vehicle,8.884411e+08,5.718822e+08,4.222732e+05
7,near,50,1e+15,empty,8.880188e+09,5.718891e+09,0.000000e+00
7,near,50,1e+15,person,8.885415e+09,5.718846e+09,5.226854e+06
7,near,50,1e+15,vehicle,8.884411e+09,5.718822e+09,4.222732e+06
7,near,50,1e+16,empty,8.880188e+10,5.718891e+10,0.000000e+00
7,near,50,1e+16,person,8.885415e+10,5.718846e+10,5.226854e+07
7,near,50,1e+16,vehicle,8.884411e+10,5.718822e+10,4.222732e+07
7,near,50,1e+17,empty,8.880188e+11,5.718891e+11,0.000000e+00
7,near,50,1e+17,person,8.885415e+11,5.718846e+11,5.226854e+08
7,near,50,1e+17,vehicle,8.884411e+11,5.718822e+11,4.222732e+08
7,near,30,1e+14,empty,7.398587e+08,5.782497e+08,0.000000e+00
7,near,30,1e+14,person,7.400527e+08,5.782473e+08,1.940366e+05
7,near,30,1e+14,vehicle,7.399980e+08,5.782465e+08,1.393768e+05
7,near,30,1e+15,empty,7.398587e+09,5.782497e+09,0.000000e+00
7,near,30,1e+15,person,7.400527e+09,5.782473e+09,1.940366e+06
7,near,30,1e+15,vehicle,7.399980e+09,5.782465e+09,1.393768e+06
7,near,30,1e+16,empty,7.398587e+10,5.782497e+10,0.000000e+00
7,near,30,1e+16,person,7.400527e+10,5.782473e+10,1.940366e+07
7,near,30,1e+16,vehicle,7.399980e+10,5.782465e+10,1.393768e+07
7,near,30,1e+17,empty,7.398587e+11,5.782497e+11,0.000000e+00
7,near,30,1e+17,person,7.400527e+11,5.782473e+11,1.940366e+08
7,near,30,1e+17,vehicle,7.399980e+11,5.782465e+11,1.393768e+08
7,near,20,1e+14,empty,5.423105e+08,4.699751e+08,0.000000e+00
7,near,20,1e+14,person,5.423666e+08,4.699742e+08,5.611635e+04
7,near,20,1e+14,vehicle,5.423452e+08,4.699741e+08,3.468019e+04
7,near,20,1e+15,empty,5.423105e+09,4.699751e+09,0.000000e+00
7,near,20,1e+15,person,5.423666e+09,4.699742e+09,5.611635e+05
7,near,20,1e+15,vehicle,5.423452e+09,4.699741e+09,3.468019e+05
7,near,20,1e+16,empty,5.423105e+10,4.699751e+10,0.000000e+00
7,near,20,1e+16,person,5.423666e+10,4.699742e+10,5.611635e+06
7,near,20,1e+16,vehicle,5.423452e+10,4.699741e+10,3.468019e+06
7,near,20,1e+17,empty,5.423105e+11,4.699751e+11,0.000000e+00
7,near,20,1e+17,person,5.423666e+11,4.699742e+11,5.611635e+07
7,near,20,1e+17,vehicle,5.423452e+11,4.699741e+11,3.468019e+07
7,near,15,1e+14,empty,3.770192e+08,3.436541e+08,0.000000e+00
7,near,15,1e+14,person,3.770354e+08,3.436538e+08,1.622303e+04
7,near,15,1e+14,vehicle,3.770278e+08,3.436538e+08,8.611117e+03
7,near,15,1e+15,empty,3.770192e+09,3.436541e+09,0.000000e+00
7,near,15,1e+15,person,3.770354e+09,3.436538e+09,1.622303e+05
7,near,15,1e+15,vehicle,3.770278e+09,3.436538e+09,8.611117e+04
7,near,15,1e+16,empty,3.770192e+10,3.436541e+10,0.000000e+00
7,near,15,1e+16,person,3.770354e+10,3.436538e+10,1.622303e+06
7,near,15,1e+16,vehicle,3.770278e+10,3.436538e+10,8.611117e+05
7,near,15,1e+17,empty,3.770192e+11,3.436541e+11,0.000000e+00
7,near,15,1e+17,person,3.770354e+11,3.436538e+11,1.622303e+07
7,near,15,1e+17,vehicle,3.770278e+11,3.436538e+11,8.611117e+06
7,near,10,1e+14,empty,1.676949e+08,1.601106e+08,0.000000e+00
7,near,10,1e+14,person,1.676963e+08,1.601106e+08,1.359480e+03
7,near,10,1e+14,vehicle,1.676955e+08,1.601106e+08,5.325003e+02
7,near,10,1e+15,empty,1.676949e+09,1.601106e+09,0.000000e+00
7,near,10,1e+15,person,1.676963e+09,1.601106e+09,1.359480e+04
7,near,10,1e+15,vehicle,1.676955e+09,1.601106e+09,5.325003e+03
7,near,10,1e+16,empty,1.676949e+10,1.601106e+10,0.000000e+00
7,near,10,1e+16,person,1.676963e+10,1.601106e+10,1.359480e+05
7,near,10,1e+16,vehicle,1.676955e+10,1.601106e+10,5.325003e+04
7,near,10,1e+17,empty,1.676949e+11,1.601106e+11,0.000000e+00
7,near,10,1e+17,person,1.676963e+11,1.601106e+11,1.359480e+06
7,near,10,1e+17,vehicle,1.676955e+11,1.601106e+11,5.325003e+05
7,near,5,1e+14,empty,1.186563e+07,1.174193e+07,0.000000e+00
7,near,5,1e+14,person,1.186563e+07,1.174193e+07,9.323906e-01
7,near,5,1e+14,vehicle,1.186563e+07,1.174193e+07,1.993841e-01
7,near,5,1e+15,empty,1.186563e+08,1.174193e+08,0.000000e+00
7,near,5,1e+15,person,1.186563e+08,1.174193e+08,9.323906e+00
7,near,5,1e+15,vehicle,1.186563e+08,1.174193e+08,1.993841e+00
7,near,5,1e+16,empty,1.186563e+09,1.174193e+09,0.000000e+00
7,near,5,1e+16,person,1.186563e+09,1.174193e+09,9.323906e+01
7,near,5,1e+16,vehicle,1.186563e+09,1.174193e+09,1.993841e+01
7,near,5,1e+17,empty,1.186563e+10,1.174193e+10,0.000000e+00
7,near,5,1e+17,person,1.186563e+10,1.174193e+10,9.323906e+02
7,near,5,1e+17,vehicle,1.186563e+10,1.174193e+10,1.993841e+02
8,far,inf,1e+14,empty,9.719151e+08,0.000000e+00,0.000000e+00
8,far,inf,1e+14,person,9.738785e+08,0.000000e+00,1.963472e+06
8,far,inf,1e+14,vehicle,9.738734e+08,0.000000e+00,1.958325e+06
8,far,inf,1e+15,empty,9.719151e+09,0.000000e+00,0.000000e+00
8,far,inf,1e+15,person,9.738785e+09,0.000000e+00,1.963472e+07
8,far,inf,1e+15,vehicle,9.738734e+09,0.000000e+00,1.958325e+07
8,far,inf,1e+16,empty,9.719151e+10,0.000000e+00,0.000000e+00
8,far,inf,1e+16,person,9.738785e+10,0.000000e+00,1.963472e+08
8,far,inf,1e+16,vehicle,9.738734e+10,0.000000e+00,1.958325e+08
8,far,inf,1e+17,empty,9.719151e+11,0.000000e+00,0.000000e+00
8,far,inf,1e+17,person,9.738785e+11,0.000000e+00,1.963472e+09
8,far,inf,1e+17,vehicle,9.738734e+11,0.000000e+00,1.958325e+09
8,far,50,1e+14,empty,3.352182e+08,2.150986e+08,0.000000e+00
8,far,50,1e+14,person,3.353694e+08,2.150973e+08,1.512171e+05
8,far,50,1e+14,vehicle,3.353607e+08,2.150965e+08,1.425083e+05
8,far,50,1e+15,empty,3.352182e+09,2.150986e+09,0.000000e+00
8,far,50,1e+15,person,3.353694e+09,2.150973e+09,1.512171e+06
8,far,50,1e+15,vehicle,3.353607e+09,2.150965e+09,1.425083e+06
8,far,50,1e+16,empty,3.352182e+10,2.150986e+10,0.000000e+00
8,far,50,1e+16,person,3.353694e+10,2.150973e+10,1.512171e+07
8,far,50,1e+16,vehicle,3.353607e+10,2.150965e+10,1.425083e+07
8,far,50,1e+17,empty,3.352182e+11,2.150986e+11,0.000000e+00
8,far,50,1e+17,person,3.353694e+11,2.150973e+11,1.512171e+08
8,far,50,1e+17,vehicle,3.353607e+11,2.150965e+11,1.425083e+08
8,far,30,1e+14,empty,1.399904e+08,1.090484e+08,0.000000e+00
8,far,30,1e+14,person,1.400177e+08,1.090481e+08,2.721698e+04
8,far,30,1e+14,vehicle,1.400152e+08,1.090479e+08,2.470751e+04
8,far,30,1e+15,empty,1.399904e+09,1.090484e+09,0.000000e+00
8,far,30,1e+15,person,1.400177e+09,1.090481e+09,2.721698e+05
8,far,30,1e+15,vehicle,1.400152e+09,1.090479e+09,2.470751e+05
8,far,30,1e+16,empty,1.399904e+10,1.090484e+10,0.000000e+00
8,far,30,1e+16,person,1.400177e+10,1.090481e+10,2.721698e+06
8,far,30,1e+16,vehicle,1.400152e+10,1.090479e+10,2.470751e+06
8,far,30,1e+17,empty,1.399904e+11,1.090484e+11,0.000000e+00
8,far,30,1e+17,person,1.400177e+11,1.090481e+11,2.721698e+07
8,far,30,1e+17,vehicle,1.400152e+11,1.090479e+11,2.470751e+07
8,far,20,1e+14,empty,4.304142e+07,3.719072e+07,0.000000e+00
8,far,20,1e+14,person,4.304460e+07,3.719066e+07,3.181365e+03
8,far,20,1e+14,vehicle,4.304418e+07,3.719064e+07,2.762272e+03
8,far,20,1e+15,empty,4.304142e+08,3.719072e+08,0.000000e+00
8,far,20,1e+15,person,4.304460e+08,3.719066e+08,3.181365e+04
8,far,20,1e+15,vehicle,4.304418e+08,3.719064e+08,2.762272e+04
8,far,20,1e+16,empty,4.304142e+09,3.719072e+09,0.000000e+00
8,far,20,1e+16,person,4.304460e+09,3.719066e+09,3.181365e+05
8,far,20,1e+16,vehicle,4.304418e+09,3.719064e+09,2.762272e+05
8,far,20,1e+17,empty,4.304142e+10,3.719072e+10,0.000000e+00
8,far,20,1e+17,person,4.304460e+10,3.719066e+10,3.181365e+06
8,far,20,1e+17,vehicle,4.304418e+10,3.719064e+10,2.762272e+06
8,far,15,1e+14,empty,1.247970e+07,1.134563e+07,0.000000e+00
8,far,15,1e+14,person,1.248007e+07,1.134562e+07,3.714575e+02
8,far,15,1e+14,vehicle,1.248001e+07,1.134562e+07,3.093180e+02
8,far,15,1e+15,empty,1.247970e+08,1.134563e+08,0.000000e+00
8,far,15,1e+15,person,1.248007e+08,1.134562e+08,3.714575e+03
8,far,15,1e+15,vehicle,1.248001e+08,1.134562e+08,3.093180e+03
8,far,15,1e+16,empty,1.247970e+09,1.134563e+09,0.000000e+00
8,far,15,1e+16,person,1.248007e+09,1.134562e+09,3.714575e+04
8,far,15,1e+16,vehicle,1.248001e+09,1.134562e+09,3.093180e+04
8,far,15,1e+17,empty,1.247970e+10,1.134563e+10,0.000000e+00
8,far,15,1e+17,person,1.248007e+10,1.134562e+10,3.714575e+05
8,far,15,1e+17,vehicle,1.248001e+10,1.134562e+10,3.093180e+05
8,far,10,1e+14,empty,9.504246e+05,9.055589e+05,0.000000e+00
8,far,10,1e+14,person,9.504296e+05,9.055588e+05,5.071744e+00
8,far,10,1e+14,vehicle,9.504285e+05,9.055588e+05,3.913377e+00
8,far,10,1e+15,empty,9.504246e+06,9.055589e+06,0.000000e+00
8,far,10,1e+15,person,9.504296e+06,9.055588e+06,5.071744e+01
8,far,10,1e+15,vehicle,9.504285e+06,9.055588e+06,3.913377e+01
8,far,10,1e+16,empty,9.504246e+07,9.055589e+07,0.000000e+00
8,far,10,1e+16,person,9.504296e+07,9.055588e+07,5.071744e+02
8,far,10,1e+16,vehicle,9.504285e+07,9.055588e+07,3.913377e+02
8,far,10,1e+17,empty,9.504246e+08,9.055589e+08,0.000000e+00
8,far,10,1e+17,person,9.504296e+08,9.055588e+08,5.071744e+03
8,far,10,1e+17,vehicle,9.504285e+08,9.055588e+08,3.913377e+03
8,far,5,1e+14,empty,3.059964e+02,3.024846e+02,0.000000e+00
8,far,5,1e+14,person,3.059965e+02,3.024846e+02,1.443799e-05
8,far,5,1e+14,vehicle,3.059965e+02,3.024846e+02,8.310991e-06
8,far,5,1e+15,empty,3.059964e+03,3.024846e+03,0.000000e+00
8,far,5,1e+15,person,3.059965e+03,3.024846e+03,1.443799e-04
8,far,5,1e+15,vehicle,3.059965e+03,3.024846e+03,8.310991e-05
8,far,5,1e+16,empty,3.059964e+04,3.024846e+04,0.000000e+00
8,far,5,1e+16,person,3.059965e+04,3.024846e+04,1.443799e-03
8,far,5,1e+16,vehicle,3.059965e+04,3.024846e+04,8.310991e-04
8,far,5,1e+17,empty,3.059964e+05,3.024846e+05,0.000000e+00
8,far,5,1e+17,person,3.059965e+05,3.024846e+05,1.443799e-02
8,far,5,1e+17,vehicle,3.059965e+05,3.024846e+05,8.310991e-03
8,near,inf,1e+14,empty,9.719151e+08,0.000000e+00,0.000000e+00
8,near,inf,1e+14,person,9.738785e+08,0.000000e+00,1.963472e+06
8,near,inf,1e+14,vehicle,9.738734e+08,0.000000e+00,1.958325e+06
8,near,inf,1e+15,empty,9.719151e+09,0.000000e+00,0.000000e+00
8,near,inf,1e+15,person,9.738785e+09,0.000000e+00,1.963472e+07
8,near,inf,1e+15,vehicle,9.738734e+09,0.000000e+00,1.958325e+07
8,near,inf,1e+16,empty,9.719151e+10,0.000000e+00,0.000000e+00
8,near,inf,1e+16,person,9.738785e+10,0.000000e+00,1.963472e+08
8,near,inf,1e+16,vehicle,9.738734e+10,0.000000e+00,1.958325e+08
8,near,inf,1e+17,empty,9.719151e+11,0.000000e+00,0.000000e+00
8,near,inf,1e+17,person,9.738785e+11,0.000000e+00,1.963472e+09
8,near,inf,1e+17,vehicle,9.738734e+11,0.000000e+00,1.958325e+09
8,near,50,1e+14,empty,9.356348e+08,6.029502e+08,0.000000e+00
8,near,50,1e+14,person,9.360432e+08,6.029466e+08,4.083982e+05
8,near,50,1e+14,vehicle,9.360191e+08,6.029444e+08,3.843774e+05
8,near,50,1e+15,empty,9.356348e+09,6.029502e+09,0.000000e+00
8,near,50,1e+15,person,9.360432e+09,6.029466e+09,4.083982e+06
8,near,50,1e+15,vehicle,9.360191e+09,6.029444e+09,3.843774e+06
8,near,50,1e+16,empty,9.356348e+10,6.029502e+10,0.000000e+00
8,near,50,1e+16,person,9.360432e+10,6.029466e+10,4.083982e+07
8,near,50,1e+16,vehicle,9.360191e+10,6.029444e+10,3.843774e+07
8,near,50,1e+17,empty,9.356348e+11,6.029502e+11,0.000000e+00
8,near,50,1e+17,person,9.360432e+11,6.029466e+11,4.083982e+08
8,near,50,1e+17,vehicle,9.360191e+11,6.029444e+11,3.843774e+08
8,near,30,1e+14,empty,7.807376e+08,6.110552e+08,0.000000e+00
8,near,30,1e+14,person,7.808800e+08,6.110534e+08,1.424255e+05
8,near,30,1e+14,vehicle,7.808665e+08,6.110525e+08,1.289221e+05
8,near,30,1e+15,empty,7.807376e+09,6.110552e+09,0.000000e+00
8,near,30,1e+15,person,7.808800e+09,6.110534e+09,1.424255e+06
8,near,30,1e+15,vehicle,7.808665e+09,6.110525e+09,1.289221e+06
8,near,30,1e+16,empty,7.807376e+10,6.110552e+10,0.000000e+00
8,near,30,1e+16,person,7.808800e+10,6.110534e+10,1.424255e+07
8,near,30,1e+16,vehicle,7.808665e+10,6.110525e+10,1.289221e+07
8,near,30,1e+17,empty,7.807376e+11,6.110552e+11,0.000000e+00
8,near,30,1e+17,person,7.808800e+11,6.110534e+11,1.424255e+08
8,near,30,1e+17,vehicle,7.808665e+11,6.110525e+11,1.289221e+08
8,near,20,1e+14,empty,5.740015e+08,4.982891e+08,0.000000e+00
8,near,20,1e+14,person,5.740395e+08,4.982885e+08,3.802231e+04
8,near,20,1e+14,vehicle,5.740343e+08,4.982882e+08,3.283357e+04
8,near,20,1e+15,empty,5.740015e+09,4.982891e+09,0.000000e+00
8,near,20,1e+15,person,5.740395e+09,4.982885e+09,3.802231e+05
8,near,20,1e+15,vehicle,5.740343e+09,4.982882e+09,3.283357e+05
8,near,20,1e+16,empty,5.740015e+10,4.982891e+10,0.000000e+00
8,near,20,1e+16,person,5.740395e+10,4.982885e+10,3.802231e+06
8,near,20,1e+16,vehicle,5.740343e+10,4.982882e+10,3.283357e+06
8,near,20,1e+17,empty,5.740015e+11,4.982891e+11,0.000000e+00
8,near,20,1e+17,person,5.740395e+11,4.982885e+11,3.802231e+07
8,near,20,1e+17,vehicle,5.740343e+11,4.982882e+11,3.283357e+07
8,near,15,1e+14,empty,4.005361e+08,3.657206e+08,0.000000e+00
8,near,15,1e+14,person,4.005462e+08,3.657204e+08,1.012972e+04
8,near,15,1e+14,vehicle,4.005444e+08,3.657204e+08,8.362324e+03
8,near,15,1e+15,empty,4.005361e+09,3.657206e+09,0.000000e+00
8,near,15,1e+15,person,4.005462e+09,3.657204e+09,1.012972e+05
8,near,15,1e+15,vehicle,4.005444e+09,3.657204e+09,8.362324e+04
8,near,15,1e+16,empty,4.005361e+10,3.657206e+10,0.000000e+00
8,near,15,1e+16,person,4.005462e+10,3.657204e+10,1.012972e+06
8,near,15,1e+16,vehicle,4.005444e+10,3.657204e+10,8.362324e+05
8,near,15,1e+17,empty,4.005361e+11,3.657206e+11,0.000000e+00
8,near,15,1e+17,person,4.005462e+11,3.657204e+11,1.012972e+07
8,near,15,1e+17,vehicle,4.005444e+11,3.657204e+11,8.362324e+06
8,near,10,1e+14,empty,1.796874e+08,1.718135e+08,0.000000e+00
8,near,10,1e+14,person,1.796881e+08,1.718135e+08,7.183518e+02
8,near,10,1e+14,vehicle,1.796879e+08,1.718135e+08,5.449798e+02
8,near,10,1e+15,empty,1.796874e+09,1.718135e+09,0.000000e+00
8,near,10,1e+15,person,1.796881e+09,1.718135e+09,7.183518e+03
8,near,10,1e+15,vehicle,1.796879e+09,1.718135e+09,5.449798e+03
8,near,10,1e+16,empty,1.796874e+10,1.718135e+10,0.000000e+00
8,near,10,1e+16,person,1.796881e+10,1.718135e+10,7.183518e+04
8,near,10,1e+16,vehicle,1.796879e+10,1.718135e+10,5.449798e+04
8,near,10,1e+17,empty,1.796874e+11,1.718135e+11,0.000000e+00
8,near,10,1e+17,person,1.796881e+11,1.718135e+11,7.183518e+05
8,near,10,1e+17,vehicle,1.796879e+11,1.718135e+11,5.449798e+05
8,near,5,1e+14,empty,1.305870e+07,1.293057e+07,0.000000e+00
8,near,5,1e+14,person,1.305870e+07,1.293057e+07,2.979088e-01
8,near,5,1e+14,vehicle,1.305870e+07,1.293057e+07,1.580625e-01
8,near,5,1e+15,empty,1.305870e+08,1.293057e+08,0.000000e+00
8,near,5,1e+15,person,1.305870e+08,1.293057e+08,2.979088e+00
8,near,5,1e+15,vehicle,1.305870e+08,1.293057e+08,1.580625e+00
8,near,5,1e+16,empty,1.305870e+09,1.293057e+09,0.000000e+00
8,near,5,1e+16,person,1.305870e+09,1.293057e+09,2.979088e+01
8,near,5,1e+16,vehicle,1.305870e+09,1.293057e+09,1.580625e+01
8,near,5,1e+17,empty,1.305870e+10,1.293057e+10,0.000000e+00
8,near,5,1e+17,person,1.305870e+10,1.293057e+10,2.979088e+02
8,near,5,1e+17,vehicle,1.305870e+10,1.293057e+10,1.580625e+02
