i,seed,sensor,V,B,pipe,scene,noisy
0,1,far,inf,1e+12,P1,empty,1
1,1,far,inf,1e+12,P1,empty,2
2,1,far,inf,1e+12,P1,person,1
3,1,far,inf,1e+12,P1,person,2
4,1,far,inf,1e+12,P1,vehicle,1
5,1,far,inf,1e+12,P1,vehicle,2
6,1,far,inf,1e+12,P2,empty,1
7,1,far,inf,1e+12,P2,empty,2
8,1,far,inf,1e+12,P2,person,1
9,1,far,inf,1e+12,P2,person,2
10,1,far,inf,1e+12,P2,vehicle,1
11,1,far,inf,1e+12,P2,vehicle,2
12,1,far,inf,1e+15,P1,empty,1
13,1,far,inf,1e+15,P1,empty,2
14,1,far,inf,1e+15,P1,person,1
15,1,far,inf,1e+15,P1,person,2
16,1,far,inf,1e+15,P1,vehicle,1
17,1,far,inf,1e+15,P1,vehicle,2
18,1,far,inf,1e+15,P2,empty,1
19,1,far,inf,1e+15,P2,empty,2
20,1,far,inf,1e+15,P2,person,1
21,1,far,inf,1e+15,P2,person,2
22,1,far,inf,1e+15,P2,vehicle,1
23,1,far,inf,1e+15,P2,vehicle,2
24,1,far,30,1e+12,P1,empty,1
25,1,far,30,1e+12,P1,empty,2
26,1,far,30,1e+12,P1,person,1
27,1,far,30,1e+12,P1,person,2
28,1,far,30,1e+12,P1,vehicle,1
29,1,far,30,1e+12,P1,vehicle,2
30,1,far,30,1e+12,P2,empty,1
31,1,far,30,1e+12,P2,empty,2
32,1,far,30,1e+12,P2,person,1
33,1,far,30,1e+12,P2,person,2
34,1,far,30,1e+12,P2,vehicle,1
35,1,far,30,1e+12,P2,vehicle,2
36,1,far,30,1e+15,P1,empty,1
37,1,far,30,1e+15,P1,empty,2
38,1,far,30,1e+15,P1,person,1
39,1,far,30,1e+15,P1,person,2
40,1,far,30,1e+15,P1,vehicle,1
41,1,far,30,1e+15,P1,vehicle,2
42,1,far,30,1e+15,P2,empty,1
43,1,far,30,1e+15,P2,empty,2
44,1,far,30,1e+15,P2,person,1
45,1,far,30,1e+15,P2,person,2
46,1,far,30,1e+15,P2,vehicle,1
47,1,far,30,1e+15,P2,vehicle,2
48,1,far,20,1e+12,P1,empty,1
49,1,far,20,1e+12,P1,empty,2
50,1,far,20,1e+12,P1,person,1
51,1,far,20,1e+12,P1,person,2
52,1,far,20,1e+12,P1,vehicle,1
53,1,far,20,1e+12,P1,vehicle,2
54,1,far,20,1e+12,P2,empty,1
55,1,far,20,1e+12,P2,empty,2
56,1,far,20,1e+12,P2,person,1
57,1,far,20,1e+12,P2,person,2
58,1,far,20,1e+12,P2,vehicle,1
59,1,far,20,1e+12,P2,vehicle,2
60,1,far,20,1e+15,P1,empty,1
61,1,far,20,1e+15,P1,empty,2
62,1,far,20,1e+15,P1,person,1
63,1,far,20,1e+15,P1,person,2
64,1,far,20,1e+15,P1,vehicle,1
65,1,far,20,1e+15,P1,vehicle,2
66,1,far,20,1e+15,P2,empty,1
67,1,far,20,1e+15,P2,empty,2
68,1,far,20,1e+15,P2,person,1
69,1,far,20,1e+15,P2,person,2
70,1,far,20,1e+15,P2,vehicle,1
71,1,far,20,1e+15,P2,vehicle,2
72,1,far,15,1e+12,P1,empty,1
73,1,far,15,1e+12,P1,empty,2
74,1,far,15,1e+12,P1,person,1
75,1,far,15,1e+12,P1,person,2
76,1,far,15,1e+12,P1,vehicle,1
77,1,far,15,1e+12,P1,vehicle,2
78,1,far,15,1e+12,P2,empty,1
79,1,far,15,1e+12,P2,empty,2
80,1,far,15,1e+12,P2,person,1
81,1,far,15,1e+12,P2,person,2
82,1,far,15,1e+12,P2,vehicle,1
83,1,far,15,1e+12,P2,vehicle,2
84,1,far,15,1e+15,P1,empty,1
85,1,far,15,1e+15,P1,empty,2
86,1,far,15,1e+15,P1,person,1
87,1,far,15,1e+15,P1,person,2
88,1,far,15,1e+15,P1,vehicle,1
89,1,far,15,1e+15,P1,vehicle,2
90,1,far,15,1e+15,P2,empty,1
91,1,far,15,1e+15,P2,empty,2
92,1,far,15,1e+15,P2,person,1
93,1,far,15,1e+15,P2,person,2
94,1,far,15,1e+15,P2,vehicle,1
95,1,far,15,1e+15,P2,vehicle,2
96,1,far,inf,1e+12,P1,empty,0
97,1,far,inf,1e+12,P1,person,0
98,1,far,inf,1e+12,P1,vehicle,0
99,1,far,inf,1e+12,P2,empty,0
100,1,far,inf,1e+12,P2,person,0
101,1,far,inf,1e+12,P2,vehicle,0
102,1,far,20,1e+12,P1,empty,0
103,1,far,20,1e+12,P1,person,0
104,1,far,20,1e+12,P1,vehicle,0
105,1,far,20,1e+12,P2,empty,0
106,1,far,20,1e+12,P2,person,0
107,1,far,20,1e+12,P2,vehicle,0
