pair,exposure_days,seed,q_under_A,q_under_X
A_vs_B1,1,1,-4.60586e+06,6.93609e+06
A_vs_B1,1,2,-4.46909e+06,7.50885e+06
A_vs_B1,1,3,-4.46906e+06,6.67966e+06
A_vs_B1,1,4,-4.45189e+06,6.84698e+06
A_vs_B1,1,5,-4.81638e+06,6.65924e+06
A_vs_B1,1,6,-4.48287e+06,6.66466e+06
A_vs_B1,1,7,-4.52323e+06,6.53116e+06
A_vs_B1,1,8,-4.57486e+06,6.77622e+06
A_vs_B1,7,1,-3.22294e+07,4.85142e+07
A_vs_B1,7,2,-3.12958e+07,5.26058e+07
A_vs_B1,7,3,-3.13271e+07,4.6744e+07
A_vs_B1,7,4,-3.11996e+07,4.80159e+07
A_vs_B1,7,5,-3.37175e+07,4.67009e+07
A_vs_B1,7,6,-3.13576e+07,4.66727e+07
A_vs_B1,7,7,-3.16652e+07,4.57849e+07
A_vs_B1,7,8,-3.19996e+07,4.74215e+07
A_vs_B1,30,1,-1.38127e+08,2.07886e+08
A_vs_B1,30,2,-1.3406e+08,2.25347e+08
A_vs_B1,30,3,-1.34206e+08,2.00141e+08
A_vs_B1,30,4,-1.33649e+08,2.05688e+08
A_vs_B1,30,5,-1.44464e+08,2.00066e+08
A_vs_B1,30,6,-1.34398e+08,1.99976e+08
A_vs_B1,30,7,-1.35651e+08,1.96166e+08
A_vs_B1,30,8,-1.37175e+08,2.03285e+08
A_vs_B1,90,1,-4.1444e+08,6.23652e+08
A_vs_B1,90,2,-4.02198e+08,6.75955e+08
A_vs_B1,90,3,-4.02505e+08,6.00462e+08
A_vs_B1,90,4,-4.00989e+08,6.17278e+08
A_vs_B1,90,5,-4.33419e+08,6.00085e+08
A_vs_B1,90,6,-4.03219e+08,5.99884e+08
A_vs_B1,90,7,-4.06973e+08,5.88596e+08
A_vs_B1,90,8,-4.11552e+08,6.09853e+08
A_vs_B2,1,1,-214779,234080
A_vs_B2,1,2,-196109,260235
A_vs_B2,1,3,-194294,212277
A_vs_B2,1,4,-190328,228335
A_vs_B2,1,5,-246801,236307
A_vs_B2,1,6,-196522,211728
A_vs_B2,1,7,-189070,224265
A_vs_B2,1,8,-208132,223931
A_vs_B2,7,1,-1.51117e+06,1.6151e+06
A_vs_B2,7,2,-1.37634e+06,1.81469e+06
A_vs_B2,7,3,-1.36977e+06,1.49348e+06
A_vs_B2,7,4,-1.33852e+06,1.59236e+06
A_vs_B2,7,5,-1.73025e+06,1.66864e+06
A_vs_B2,7,6,-1.3696e+06,1.48571e+06
A_vs_B2,7,7,-1.32573e+06,1.56679e+06
A_vs_B2,7,8,-1.44189e+06,1.58652e+06
A_vs_B2,30,1,-6.47395e+06,6.92682e+06
A_vs_B2,30,2,-5.87272e+06,7.79101e+06
A_vs_B2,30,3,-5.86362e+06,6.40717e+06
A_vs_B2,30,4,-5.7235e+06,6.83182e+06
A_vs_B2,30,5,-7.41241e+06,7.14988e+06
A_vs_B2,30,6,-5.86613e+06,6.37617e+06
A_vs_B2,30,7,-5.66268e+06,6.72643e+06
A_vs_B2,30,8,-6.18924e+06,6.77321e+06
A_vs_B2,90,1,-1.94217e+07,2.08245e+07
A_vs_B2,90,2,-1.76279e+07,2.33719e+07
A_vs_B2,90,3,-1.75655e+07,1.9217e+07
A_vs_B2,90,4,-1.71785e+07,2.04712e+07
A_vs_B2,90,5,-2.22324e+07,2.1461e+07
A_vs_B2,90,6,-1.76049e+07,1.91178e+07
A_vs_B2,90,7,-1.70035e+07,2.01986e+07
A_vs_B2,90,8,-1.85818e+07,2.03651e+07
A_vs_B3,1,1,-34869.9,33584.8
A_vs_B3,1,2,-27829.6,38118.3
A_vs_B3,1,3,-27607,25599.9
A_vs_B3,1,4,-25589.6,28405
A_vs_B3,1,5,-41950.1,38271.9
A_vs_B3,1,6,-28513.3,26120.3
A_vs_B3,1,7,-24303.3,32241.9
A_vs_B3,1,8,-31672.5,32612
A_vs_B3,7,1,-244505,233562
A_vs_B3,7,2,-194172,268572
A_vs_B3,7,3,-196401,180579
A_vs_B3,7,4,-181988,201252
A_vs_B3,7,5,-292568,271986
A_vs_B3,7,6,-195278,184825
A_vs_B3,7,7,-171556,223018
A_vs_B3,7,8,-219071,224464
A_vs_B3,30,1,-1.05123e+06,998545
A_vs_B3,30,2,-827815,1.14845e+06
A_vs_B3,30,3,-839176,774521
A_vs_B3,30,4,-773109,857818
A_vs_B3,30,5,-1.25199e+06,1.16386e+06
A_vs_B3,30,6,-839218,789814
A_vs_B3,30,7,-724038,961145
A_vs_B3,30,8,-939038,969552
A_vs_B3,90,1,-3.15402e+06,2.99553e+06
A_vs_B3,90,2,-2.48403e+06,3.4489e+06
A_vs_B3,90,3,-2.50563e+06,2.32108e+06
A_vs_B3,90,4,-2.32596e+06,2.57907e+06
A_vs_B3,90,5,-3.75201e+06,3.49028e+06
A_vs_B3,90,6,-2.51932e+06,2.37295e+06
A_vs_B3,90,7,-2.17307e+06,2.87664e+06
A_vs_B3,90,8,-2.82006e+06,2.90676e+06
A_vs_V1m,1,1,-2.12861,-1.66534
A_vs_V1m,1,2,-0.821986,1.97551
A_vs_V1m,1,3,-1.74136,-0.568634
A_vs_V1m,1,4,-1.12363,1.84009
A_vs_V1m,1,5,-0.396214,-0.741223
A_vs_V1m,1,6,-2.3941,2.20351
A_vs_V1m,1,7,1.95106,1.49173
A_vs_V1m,1,8,-0.634245,1.13469
A_vs_V1m,7,1,-12.4288,-4.91786
A_vs_V1m,7,2,1.85781,7.98905
A_vs_V1m,7,3,-7.28402,9.29567
A_vs_V1m,7,4,-1.40297,1.18207
A_vs_V1m,7,5,1.79441,-3.59409
A_vs_V1m,7,6,1.13957,2.53434
A_vs_V1m,7,7,-2.30367,7.23757
A_vs_V1m,7,8,1.02796,-0.371237
A_vs_V1m,30,1,-19.1538,-16.2854
A_vs_V1m,30,2,-4.20211,29.2915
A_vs_V1m,30,3,-14.7671,13.1188
A_vs_V1m,30,4,-12.359,15.2134
A_vs_V1m,30,5,-29.4337,4.75071
A_vs_V1m,30,6,-21.9717,8.41776
A_vs_V1m,30,7,-1.73076,27.2455
A_vs_V1m,30,8,-13.4898,-3.61052
A_vs_V1m,90,1,-118.564,-27.4925
A_vs_V1m,90,2,-21.9502,70.5782
A_vs_V1m,90,3,-17.1015,67.8634
A_vs_V1m,90,4,-23.6578,64.6991
A_vs_V1m,90,5,-86.9819,30.3234
A_vs_V1m,90,6,-71.3676,21.666
A_vs_V1m,90,7,-1.56651,82.9041
A_vs_V1m,90,8,-71.8724,19.4859
A_vs_V2m,1,1,-14.9639,-0.699213
A_vs_V2m,1,2,-7.9965,4.32978
A_vs_V2m,1,3,-10.8201,1.65491
A_vs_V2m,1,4,-5.89167,17.9551
A_vs_V2m,1,5,-8.97885,-8.44448
A_vs_V2m,1,6,-9.88465,1.84799
A_vs_V2m,1,7,1.93606,5.56703
A_vs_V2m,1,8,-11.6454,5.92708
A_vs_V2m,7,1,-106.777,2.13663
A_vs_V2m,7,2,-19.928,79.7583
A_vs_V2m,7,3,-83.4247,48.7767
A_vs_V2m,7,4,-43.6316,78.238
A_vs_V2m,7,5,-56.7058,18.4806
A_vs_V2m,7,6,-48.1664,25.2851
A_vs_V2m,7,7,-31.9985,93.5707
A_vs_V2m,7,8,-51.6979,25.9253
A_vs_V2m,30,1,-388.293,-8.80077
A_vs_V2m,30,2,-201.933,255.626
A_vs_V2m,30,3,-209.786,267.955
A_vs_V2m,30,4,-225.653,346.102
A_vs_V2m,30,5,-387.577,213.855
A_vs_V2m,30,6,-313.141,137.894
A_vs_V2m,30,7,-122.499,349.882
A_vs_V2m,30,8,-292.063,159.556
A_vs_V2m,90,1,-1328.25,-17.1311
A_vs_V2m,90,2,-551.97,881.443
A_vs_V2m,90,3,-581.718,876.38
A_vs_V2m,90,4,-612.686,1061.17
A_vs_V2m,90,5,-1061.32,545.747
A_vs_V2m,90,6,-849.421,423.938
A_vs_V2m,90,7,-377.421,1265.72
A_vs_V2m,90,8,-891.487,509.024
A_vs_V3m,1,1,-68.3547,4.48575
A_vs_V3m,1,2,-36.4347,39.9775
A_vs_V3m,1,3,-49.2266,64.1395
A_vs_V3m,1,4,-27.6372,65.1928
A_vs_V3m,1,5,-46.9419,43.8336
A_vs_V3m,1,6,-31.8176,17.8322
A_vs_V3m,1,7,-24.176,71.3608
A_vs_V3m,1,8,-62.2307,45.6659
A_vs_V3m,7,1,-467.639,90.9864
A_vs_V3m,7,2,-230.18,340.654
A_vs_V3m,7,3,-367.981,381.125
A_vs_V3m,7,4,-289.682,357.632
A_vs_V3m,7,5,-371.663,198.094
A_vs_V3m,7,6,-299.631,253.973
A_vs_V3m,7,7,-195.198,452.287
A_vs_V3m,7,8,-315.647,242.711
A_vs_V3m,30,1,-1871.04,428.513
A_vs_V3m,30,2,-1163.13,1614.56
A_vs_V3m,30,3,-1182.91,1532.27
A_vs_V3m,30,4,-1265.58,1876.84
A_vs_V3m,30,5,-1785.76,1068.77
A_vs_V3m,30,6,-1437.34,1156.52
A_vs_V3m,30,7,-853.784,2000.12
A_vs_V3m,30,8,-1530.93,1016.55
A_vs_V3m,90,1,-5963.21,1232.41
A_vs_V3m,90,2,-3187.05,4799.2
A_vs_V3m,90,3,-3536.44,4731.33
A_vs_V3m,90,4,-3511.97,5559.23
A_vs_V3m,90,5,-5030.15,3092.59
A_vs_V3m,90,6,-4240.78,3151.69
A_vs_V3m,90,7,-2599.85,5946.96
A_vs_V3m,90,8,-4459.57,3249.96
A_vs_V4m,1,1,-205.036,65.7498
A_vs_V4m,1,2,-124.538,170.216
A_vs_V4m,1,3,-156.866,139.963
A_vs_V4m,1,4,-109.492,164.449
A_vs_V4m,1,5,-149.463,128.44
A_vs_V4m,1,6,-114.5,77.6996
A_vs_V4m,1,7,-105.597,192.312
A_vs_V4m,1,8,-185.588,117.501
A_vs_V4m,7,1,-1409.59,422.737
A_vs_V4m,7,2,-876.101,1232.57
A_vs_V4m,7,3,-1140.32,1077.61
A_vs_V4m,7,4,-979.959,1446.09
A_vs_V4m,7,5,-1236.75,814.382
A_vs_V4m,7,6,-1045.38,1024.18
A_vs_V4m,7,7,-714.809,1366.97
A_vs_V4m,7,8,-1077.45,848.733
A_vs_V4m,30,1,-5687.45,2454.84
A_vs_V4m,30,2,-3982.72,5045.29
A_vs_V4m,30,3,-4066.12,5181.07
A_vs_V4m,30,4,-4156.78,6092.89
A_vs_V4m,30,5,-5407.37,3731.18
A_vs_V4m,30,6,-4422.76,4142.87
A_vs_V4m,30,7,-3190.87,6294.72
A_vs_V4m,30,8,-4816.77,3708.58
A_vs_V4m,90,1,-17727.7,6322.93
A_vs_V4m,90,2,-11269.7,15900.7
A_vs_V4m,90,3,-12310.8,15009.9
A_vs_V4m,90,4,-11961.3,18044.4
A_vs_V4m,90,5,-15652.7,11201.6
A_vs_V4m,90,6,-13558.5,11854.7
A_vs_V4m,90,7,-9480.03,18023
A_vs_V4m,90,8,-14244.9,10949.2
A_vs_V6m,1,1,-995.581,535.605
A_vs_V6m,1,2,-776.182,865.363
A_vs_V6m,1,3,-822.197,951.438
A_vs_V6m,1,4,-716.365,1087.74
A_vs_V6m,1,5,-822.149,743.825
A_vs_V6m,1,6,-717.412,932.332
A_vs_V6m,1,7,-686.775,975.753
A_vs_V6m,1,8,-884.255,755.058
A_vs_V6m,7,1,-6822.45,3874.1
A_vs_V6m,7,2,-5308.65,6833.36
A_vs_V6m,7,3,-5841.78,6254.94
A_vs_V6m,7,4,-5431.76,7484.12
A_vs_V6m,7,5,-6539.05,5225.26
A_vs_V6m,7,6,-5782.92,5673.93
A_vs_V6m,7,7,-4582.15,7142.23
A_vs_V6m,7,8,-5890.75,5358.99
A_vs_V6m,30,1,-28514.5,17472.4
A_vs_V6m,30,2,-23085.2,28941.9
A_vs_V6m,30,3,-23499.4,26699.8
A_vs_V6m,30,4,-23028.8,32284.4
A_vs_V6m,30,5,-27467.8,23082.6
A_vs_V6m,30,6,-23647.1,23613.6
A_vs_V6m,30,7,-20018.7,31400.8
A_vs_V6m,30,8,-25327.8,23102.3
A_vs_V6m,90,1,-86399.8,53395.4
A_vs_V6m,90,2,-67434.8,85905
A_vs_V6m,90,3,-70751.7,79711.9
A_vs_V6m,90,4,-68505.9,96596.9
A_vs_V6m,90,5,-81718.1,69958
A_vs_V6m,90,6,-72136.8,70711.1
A_vs_V6m,90,7,-58882.3,94286.4
A_vs_V6m,90,8,-75389.7,68154.4
A_vs_V8m,1,1,-3160.12,2352.27
A_vs_V8m,1,2,-2750.76,3400.16
A_vs_V8m,1,3,-2807.4,2929.35
A_vs_V8m,1,4,-2600.95,3688.7
A_vs_V8m,1,5,-2870.42,2726.8
A_vs_V8m,1,6,-2603.33,3165.4
A_vs_V8m,1,7,-2475.95,3812.19
A_vs_V8m,1,8,-2905.5,2993.19
A_vs_V8m,7,1,-21914.3,17286
A_vs_V8m,7,2,-19004.4,23932.1
A_vs_V8m,7,3,-19824.7,20519.9
A_vs_V8m,7,4,-18900,25172
A_vs_V8m,7,5,-21678.8,18485.7
A_vs_V8m,7,6,-19512.9,19827.5
A_vs_V8m,7,7,-17064.2,24956.7
A_vs_V8m,7,8,-20102.3,19837.6
A_vs_V8m,30,1,-93032.3,73171.8
A_vs_V8m,30,2,-81324.6,100964
A_vs_V8m,30,3,-82839.6,91266.4
A_vs_V8m,30,4,-80393.2,108884
A_vs_V8m,30,5,-91846.9,81720.5
A_vs_V8m,30,6,-81886,88081.3
A_vs_V8m,30,7,-73994.1,107489
A_vs_V8m,30,8,-85647.2,85395.3
A_vs_V8m,90,1,-280500,220612
A_vs_V8m,90,2,-241092,304135
A_vs_V8m,90,3,-248675,271453
A_vs_V8m,90,4,-240752,325865
A_vs_V8m,90,5,-274169,246415
A_vs_V8m,90,6,-247371,265939
A_vs_V8m,90,7,-219196,321587
A_vs_V8m,90,8,-256669,256057
A_vs_B3x,1,1,-564.361,1157.12
A_vs_B3x,1,2,-1422.35,594.92
A_vs_B3x,1,3,-1456.23,625.759
A_vs_B3x,1,4,-1655.53,607.786
A_vs_B3x,1,5,361.4,1487.97
A_vs_B3x,1,6,-1405.65,874.709
A_vs_B3x,1,7,-1709.76,313.221
A_vs_B3x,1,8,-826.56,780.688
A_vs_B3x,7,1,-3587.59,7808.11
A_vs_B3x,7,2,-9385.97,4026.63
A_vs_B3x,7,3,-9719.91,4939.4
A_vs_B3x,7,4,-11269.9,4257.75
A_vs_B3x,7,5,2447.84,10469.5
A_vs_B3x,7,6,-9735.86,5664.43
A_vs_B3x,7,7,-11937.1,2836.32
A_vs_B3x,7,8,-6678.53,6096.75
A_vs_B3x,30,1,-15615.9,33478.8
A_vs_B3x,30,2,-41615.8,16762.1
A_vs_B3x,30,3,-41900.8,22425.3
A_vs_B3x,30,4,-48492.2,18095.5
A_vs_B3x,30,5,11226.2,45655.2
A_vs_B3x,30,6,-42307.1,23295.1
A_vs_B3x,30,7,-51635.6,12488.6
A_vs_B3x,30,8,-27582.9,24267.4
A_vs_B3x,90,1,-47441.5,100046
A_vs_B3x,90,2,-124303,49955.9
A_vs_B3x,90,3,-126424,66299.8
A_vs_B3x,90,4,-145472,52005.2
A_vs_B3x,90,5,33869.7,135443
A_vs_B3x,90,6,-126194,69549.8
A_vs_B3x,90,7,-153844,36866.1
A_vs_B3x,90,8,-83290.2,74479.4
