pair,exposure_days,Z_emp,AUC,median_qX,mean_qA,sd_qA,Z_asimov_ideal,Z_asimov_nuis
A_vs_B1,1,93.13,1,6.72794e+06,-4.54915e+06,121088,2843,2601
A_vs_B1,7,94.02,1,4.70827e+07,-3.1849e+07,839560,7521,6882
A_vs_B1,30,93.79,1,2.01713e+08,-1.36466e+08,3.60563e+06,1.557e+04,1.425e+04
A_vs_B1,90,93.67,1,6.05158e+08,-4.09412e+08,1.08312e+07,2.697e+04,2.468e+04
A_vs_B2,1,22.42,1,226300,-204504,19218.1,618.5,478.3
A_vs_B2,7,22.51,1,1.58944e+06,-1.43291e+06,134274,1636,1266
A_vs_B2,30,22.29,1,6.80252e+06,-6.13303e+06,580235,3388,2620
A_vs_B2,90,22.34,1,2.04182e+07,-1.8402e+07,1.73747e+06,5868,4538
A_vs_B3,1,10.87,1,32426.9,-30291.9,5771.71,218.6,181.3
A_vs_B3,7,11,1,223741,-211942,39596.1,578.3,479.7
A_vs_B3,30,10.86,1,965349,-905702,172254,1197,993.1
A_vs_B3,90,10.88,1,2.8917e+06,-2.71676e+06,515427,2074,1720
A_vs_V1m,1,1.635,0.7969,1.31321,-0.911136,1.36056,0.6638,0.6638
A_vs_V1m,7,0.7891,0.7188,1.8582,-2.19997,5.14248,1.756,1.756
A_vs_V1m,30,2.803,0.9062,10.7683,-14.6385,9.06422,3.636,3.636
A_vs_V1m,90,2.405,0.9375,47.5112,-51.6327,41.2156,6.297,6.297
A_vs_V2m,1,2.323,0.9062,3.08889,-8.53063,5.00237,2.895,2.894
A_vs_V2m,7,3.324,1,37.351,-55.2912,27.8696,7.659,7.658
A_vs_V2m,30,5.333,1,234.741,-267.618,94.19,15.86,15.85
A_vs_V2m,90,4.796,1,711.063,-781.784,311.293,27.46,27.46
A_vs_V3m,1,5.457,1,44.7498,-43.3524,16.1444,6.756,6.754
A_vs_V3m,7,7.15,1,297.313,-317.203,85.942,17.88,17.87
A_vs_V3m,30,8.04,1,1344.4,-1386.31,339.62,37.01,36.99
A_vs_V3m,90,7.433,1,3990.65,-4066.13,1083.91,64.1,64.07
A_vs_V4m,1,7.523,1,134.202,-143.885,36.9647,12.37,12.36
A_vs_V4m,7,9.876,1,1050.9,-1060.04,213.743,32.73,32.71
A_vs_V4m,30,11.15,1,4594.08,-4466.35,812.233,67.76,67.71
A_vs_V4m,90,10.24,1,13432.3,-13275.7,2607.13,117.4,117.3
A_vs_V6m,1,16.61,1,898.848,-802.615,102.457,29.45,29.4
A_vs_V6m,7,16.7,1,5964.44,-5774.94,702.753,77.93,77.8
A_vs_V6m,30,18.27,1,25156.7,-24323.7,2708.1,161.3,161.1
A_vs_V6m,90,17.21,1,75211.5,-72652.4,8590.54,279.4,279
A_vs_V8m,1,27.15,1,3079.3,-2771.8,215.541,55.66,55.49
A_vs_V8m,7,25.56,1,20178.7,-19750.2,1562.17,147.3,146.8
A_vs_V8m,30,27.85,1,89673.9,-83870.5,6231.67,304.9,303.9
A_vs_V8m,90,26.6,1,268696,-251053,19538.9,528,526.5
A_vs_B3x,1,2.529,0.9844,703.224,-1084.88,707.126,34.93,29.64
A_vs_B3x,7,2.655,1,5301.91,-7483.38,4815.5,92.43,78.41
A_vs_B3x,30,2.614,1,22860.2,-32240.5,21079,191.3,162.3
A_vs_B3x,90,2.611,1,67924.8,-96637.5,63035.3,331.4,281.2
