name,x,y,z,area_m2,days,acceptance,a,set
NE1,13.000,0.550,22.000,0.450,98,box_tan,1.00,BV
NE2,2.700,-0.550,22.000,0.450,140,box_tan,1.00,BV
H1,7.200,-2.000,22.300,1.440,150,box_tan,0.80,BV
H2,4.300,-2.000,22.300,1.440,250,box_tan,1.20,BV
G1,8.700,112.000,5.000,0.250,60,cone_deg,40.00,BV
G2,9.700,117.000,0.500,0.250,60,cone_deg,40.00,BV
EM1,7.200,100.500,16.752,0.225,172,box_tan,1.00,NFC
EM2,7.200,97.500,15.256,0.225,211,box_tan,1.00,NFC
EM3,7.200,88.000,10.520,0.225,211,box_tan,1.00,NFC
EM4,7.200,85.000,9.024,0.225,79,box_tan,1.00,NFC
Charpak,7.200,93.000,13.012,0.500,158,box_tan,1.00,NFC
Joliot,7.200,95.500,14.259,0.250,140,box_tan,1.00,NFC
Degennes,7.200,77.500,5.284,0.500,140,box_tan,1.00,NFC
