scene,seed,detector,n_bins_pull_gt2,angle_to_true_centre_deg
K1,1,NE1,677,13.70
K1,1,NE2,752,10.98
K1,1,H1,789,5.86
K1,1,H2,1360,11.09
K1,1,G1,85,24.29
K1,1,G2,101,23.90
K1,2,NE1,555,12.90
K1,2,NE2,565,10.40
K1,2,H1,625,5.69
K1,2,H2,760,7.27
K1,2,G1,84,25.35
K1,2,G2,83,21.87
K1,3,NE1,630,15.32
K1,3,NE2,740,11.75
K1,3,H1,817,8.71
K1,3,H2,1457,12.78
K1,3,G1,84,24.01
K1,3,G2,106,22.94
K1,4,NE1,675,13.58
K1,4,NE2,791,12.11
K1,4,H1,927,8.24
K1,4,H2,1302,9.44
K1,4,G1,85,22.46
K1,4,G2,100,23.58
K1,5,NE1,587,10.70
K1,5,NE2,616,10.76
K1,5,H1,660,5.05
K1,5,H2,871,7.53
K1,5,G1,92,23.32
K1,5,G2,82,23.71
K1,6,NE1,823,13.27
K1,6,NE2,948,12.42
K1,6,H1,1141,9.45
K1,6,H2,2057,13.80
K1,6,G1,93,24.33
K1,6,G2,82,20.69
K1,7,NE1,635,13.03
K1,7,NE2,631,9.62
K1,7,H1,781,5.33
K1,7,H2,1030,6.73
K1,7,G1,91,24.41
K1,7,G2,80,23.72
K1,8,NE1,531,11.10
K1,8,NE2,620,10.35
K1,8,H1,612,4.15
K1,8,H2,851,6.91
K1,8,G1,78,22.44
K1,8,G2,101,22.64
K2,1,EM1,3535,47.99
K2,1,EM2,4309,32.37
K2,1,EM3,2915,1.63
K2,1,EM4,1312,5.33
K2,1,Charpak,8470,15.45
K2,1,Joliot,7825,25.57
K2,1,Degennes,867,14.67
K2,2,EM1,1916,60.61
K2,2,EM2,6746,43.71
K2,2,EM3,3230,2.50
K2,2,EM4,1322,4.12
K2,2,Charpak,6831,14.64
K2,2,Joliot,7379,28.85
K2,2,Degennes,1005,10.98
K2,3,EM1,759,51.31
K2,3,EM2,6892,39.35
K2,3,EM3,2530,1.94
K2,3,EM4,913,3.77
K2,3,Charpak,7021,16.21
K2,3,Joliot,7613,27.89
K2,3,Degennes,691,13.50
K2,4,EM1,2393,52.72
K2,4,EM2,4425,34.90
K2,4,EM3,2515,1.72
K2,4,EM4,1102,5.06
K2,4,Charpak,5861,14.05
K2,4,Joliot,6175,24.86
K2,4,Degennes,776,13.05
K2,5,EM1,1994,55.81
K2,5,EM2,3579,33.04
K2,5,EM3,3501,2.10
K2,5,EM4,1431,4.48
K2,5,Charpak,7322,13.61
K2,5,Joliot,5854,24.51
K2,5,Degennes,1187,14.83
K2,6,EM1,738,50.51
K2,6,EM2,3200,28.85
K2,6,EM3,3141,0.46
K2,6,EM4,1296,4.81
K2,6,Charpak,7194,13.59
K2,6,Joliot,5963,24.23
K2,6,Degennes,1347,16.90
K2,7,EM1,647,54.45
K2,7,EM2,4740,35.30
K2,7,EM3,2211,1.26
K2,7,EM4,901,3.08
K2,7,Charpak,7006,17.08
K2,7,Joliot,7079,28.16
K2,7,Degennes,615,10.63
K2,8,EM1,3331,50.05
K2,8,EM2,7155,39.28
K2,8,EM3,2803,0.72
K2,8,EM4,1164,3.60
K2,8,Charpak,6648,15.12
K2,8,Joliot,6918,27.30
K2,8,Degennes,767,12.21
