scene,seed,est_x,est_y,est_z,true_x,true_y,true_z,dist_m,tol_m,within
K1,1,7.20,15.00,60.00,7.20,15.00,60.00,0.000,5.0,1
K2,1,6.95,92.50,21.00,7.20,92.50,21.00,0.250,1.0,1
K1,2,7.20,15.00,60.00,7.20,15.00,60.00,0.000,5.0,1
K2,2,6.95,92.50,21.00,7.20,92.50,21.00,0.250,1.0,1
K1,3,7.20,15.00,60.00,7.20,15.00,60.00,0.000,5.0,1
K2,3,6.95,92.50,21.00,7.20,92.50,21.00,0.250,1.0,1
K1,4,7.20,15.00,60.00,7.20,15.00,60.00,0.000,5.0,1
K2,4,6.95,92.50,21.00,7.20,92.50,21.00,0.250,1.0,1
K1,5,7.20,15.00,60.00,7.20,15.00,60.00,0.000,5.0,1
K2,5,6.95,92.50,21.00,7.20,92.50,21.00,0.250,1.0,1
K1,6,7.20,15.00,60.00,7.20,15.00,60.00,0.000,5.0,1
K2,6,6.95,92.50,21.00,7.20,92.50,21.00,0.250,1.0,1
K1,7,7.20,15.00,60.00,7.20,15.00,60.00,0.000,5.0,1
K2,7,6.95,92.50,21.00,7.20,92.50,21.00,0.250,1.0,1
K1,8,7.20,15.00,60.00,7.20,15.00,60.00,0.000,5.0,1
K2,8,6.95,92.50,21.00,7.20,92.50,21.00,0.250,1.0,1
K1i_horizontal_template,1,7.20,16.00,59.00,7.20,15.00,60.00,1.414,5.0,1
K1i_horizontal_template,2,7.20,16.00,59.00,7.20,15.00,60.00,1.414,5.0,1
K1i_horizontal_template,3,7.20,16.00,59.00,7.20,15.00,60.00,1.414,5.0,1
K1i_horizontal_template,4,7.20,16.00,59.00,7.20,15.00,60.00,1.414,5.0,1
K1i_horizontal_template,5,7.20,16.00,59.00,7.20,15.00,60.00,1.414,5.0,1
K1i_horizontal_template,6,7.20,16.00,59.00,7.20,15.00,60.00,1.414,5.0,1
K1i_horizontal_template,7,7.20,16.00,59.00,7.20,15.00,60.00,1.414,5.0,1
K1i_horizontal_template,8,7.20,16.00,59.00,7.20,15.00,60.00,1.414,5.0,1
