instrument,scene,S,B,Z_reg_sim,Z_paper,Z_rule,Z_consistent,tracks_sim,tracks_paper,tracks_ratio,tracks_consistent,Z_asimov_ideal_det
NE1,K1,9027.18,51006.6,39.97,13.7,0.5<=ratio<=2,0,5.84234e+06,4.4e+06,1.328,1,46.75
NE2,K1,14868.7,72145,55.36,12.7,0.5<=ratio<=2,0,8.5384e+06,6.2e+06,1.377,1,64.85
H1,K1,76658.9,269247,147.7,>10.0,Z_sim>=5,1,2.16572e+07,4.8e+06,4.512,0,159.9
H2,K1,96281.7,433856,146.2,>10.0,Z_sim>=5,1,5.95589e+07,1.29e+07,4.617,0,166.2
G1,K1,155.778,1419.26,4.135,5.8,0.5<=ratio<=2,1,1.16354e+07,6.9e+06,1.686,1,4.441
G2,K1,155.778,1419.26,4.135,5.8,0.5<=ratio<=2,1,1.37473e+07,6e+06,2.291,0,4.441
NE1,K1i,9614.19,59963.3,39.26,13.7,0.5<=ratio<=2,0,5.84234e+06,4.4e+06,1.328,1,44.82
NE2,K1i,16512.1,93800.1,53.91,12.7,0.5<=ratio<=2,0,8.5384e+06,6.2e+06,1.377,1,60.58
H1,K1i,67324.7,282389,126.7,>10.0,Z_sim>=5,1,2.16572e+07,4.8e+06,4.512,0,134.7
H2,K1i,99433.9,521516,137.7,>10.0,Z_sim>=5,1,5.95589e+07,1.29e+07,4.617,0,153.3
G1,K1i,169.138,768.884,6.1,5.8,0.5<=ratio<=2,1,1.16354e+07,6.9e+06,1.686,1,6.272
G2,K1i,169.138,768.884,6.1,5.8,0.5<=ratio<=2,1,1.37473e+07,6e+06,2.291,0,6.272
EM1,K2,5997.2,361430,9.976,>10.0,Z_sim>=5,1,3.09342e+08,9.48e+07,3.263,0,11.9
EM2,K2,2.25904e+06,9.82294e+06,720.8,>10.0,Z_sim>=5,1,1.84209e+08,9.39e+07,1.962,1,721.2
EM3,K2,780735,4.02826e+06,389,>10.0,Z_sim>=5,1,4.68645e+07,2.9e+07,1.616,1,426.1
EM4,K2,179473,990252,180.4,>10.0,Z_sim>=5,1,1.3212e+07,9.87e+06,1.339,1,180.4
Charpak,K2,2.56264e+06,1.16425e+07,751,>10.0,Z_sim>=5,1,1.41516e+08,7.34e+07,1.928,1,916.8
Joliot,K2,1.94909e+06,8.66894e+06,662,>10.0,Z_sim>=5,1,9.26456e+07,1.3e+07,7.127,0,717.7
Degennes,K2,99114.4,696156,118.8,>10.0,Z_sim>=5,1,2.99904e+07,2.98e+07,1.006,1,119.9
