pair,f,seed,q_under_K0,q_under_X
K0_vs_K1,0.10,1,-5542.02,5661.61
K0_vs_K1,0.10,2,-5575.15,5915.96
K0_vs_K1,0.10,3,-5699.24,5360.8
K0_vs_K1,0.10,4,-5395.12,6008.57
K0_vs_K1,0.10,5,-5723.42,5706.54
K0_vs_K1,0.10,6,-5374.3,5837.15
K0_vs_K1,0.10,7,-5444.47,5979.54
K0_vs_K1,0.10,8,-5436.82,6036.4
K0_vs_K1,0.25,1,-13803.7,13914.3
K0_vs_K1,0.25,2,-13602.4,13542.1
K0_vs_K1,0.25,3,-14419.1,14013.4
K0_vs_K1,0.25,4,-13558.5,15039.5
K0_vs_K1,0.25,5,-13655.7,14409.7
K0_vs_K1,0.25,6,-14143.8,14491
K0_vs_K1,0.25,7,-13110.6,15200
K0_vs_K1,0.25,8,-13649.9,14745.4
K0_vs_K1,0.50,1,-27641.8,28683.1
K0_vs_K1,0.50,2,-27584,27904.8
K0_vs_K1,0.50,3,-28318.8,27806.8
K0_vs_K1,0.50,4,-26441.5,31000
K0_vs_K1,0.50,5,-27610.9,28335
K0_vs_K1,0.50,6,-28475.2,29284.4
K0_vs_K1,0.50,7,-26885.6,30390
K0_vs_K1,0.50,8,-27015.8,28976.9
K0_vs_K1,1.00,1,-54348.5,58262.6
K0_vs_K1,1.00,2,-55257.1,54771.5
K0_vs_K1,1.00,3,-57755.9,54500
K0_vs_K1,1.00,4,-53353.1,60738.2
K0_vs_K1,1.00,5,-56229.4,56814.2
K0_vs_K1,1.00,6,-56163,57662.2
K0_vs_K1,1.00,7,-52819.2,60544.7
K0_vs_K1,1.00,8,-55099.3,57507
K0_vs_K1,2.00,1,-109412,114890
K0_vs_K1,2.00,2,-111051,109507
K0_vs_K1,2.00,3,-115000,111590
K0_vs_K1,2.00,4,-104946,123364
K0_vs_K1,2.00,5,-112877,111284
K0_vs_K1,2.00,6,-113228,117002
K0_vs_K1,2.00,7,-105160,122183
K0_vs_K1,2.00,8,-110045,114883
K0_vs_K1i,0.10,1,-4457,4608.86
K0_vs_K1i,0.10,2,-4459.41,4269.42
K0_vs_K1i,0.10,3,-4603.69,4531.44
K0_vs_K1i,0.10,4,-4328.58,4873.16
K0_vs_K1i,0.10,5,-4587.14,4290.51
K0_vs_K1i,0.10,6,-4474.99,4489.41
K0_vs_K1i,0.10,7,-4339.52,4896.18
K0_vs_K1i,0.10,8,-4392.13,4499.47
K0_vs_K1i,0.25,1,-11009,11541.9
K0_vs_K1i,0.25,2,-10988.7,11040.5
K0_vs_K1i,0.25,3,-11386.8,11492.1
K0_vs_K1i,0.25,4,-10856.9,12031
K0_vs_K1i,0.25,5,-11127.7,11374.9
K0_vs_K1i,0.25,6,-11300.2,11535.1
K0_vs_K1i,0.25,7,-10672.3,12140.6
K0_vs_K1i,0.25,8,-10946.4,11039.2
K0_vs_K1i,0.50,1,-22080.7,22815.8
K0_vs_K1i,0.50,2,-22261.5,22208.9
K0_vs_K1i,0.50,3,-22633.3,22665.7
K0_vs_K1i,0.50,4,-21080.6,24716.2
K0_vs_K1i,0.50,5,-22539.9,22573.6
K0_vs_K1i,0.50,6,-22850.3,22583.6
K0_vs_K1i,0.50,7,-21748.6,23840.2
K0_vs_K1i,0.50,8,-21783.9,22906.5
K0_vs_K1i,1.00,1,-43313,46192.9
K0_vs_K1i,1.00,2,-44488.6,44047.6
K0_vs_K1i,1.00,3,-46403.8,44014.7
K0_vs_K1i,1.00,4,-42567.4,48608.1
K0_vs_K1i,1.00,5,-45778.1,44431.4
K0_vs_K1i,1.00,6,-44939.8,46584.2
K0_vs_K1i,1.00,7,-42547.8,48162.2
K0_vs_K1i,1.00,8,-44260,45965.1
K0_vs_K1i,2.00,1,-87366.9,93765.2
K0_vs_K1i,2.00,2,-89989,86859.4
K0_vs_K1i,2.00,3,-92446.1,90711.8
K0_vs_K1i,2.00,4,-84003,97450.2
K0_vs_K1i,2.00,5,-91759.9,89033.4
K0_vs_K1i,2.00,6,-90803.4,93123.6
K0_vs_K1i,2.00,7,-84855.8,95882.8
K0_vs_K1i,2.00,8,-88382.5,91556.9
K0_vs_K2,0.10,1,-188608,177050
K0_vs_K2,0.10,2,-165318,196825
K0_vs_K2,0.10,3,-174849,197232
K0_vs_K2,0.10,4,-179615,191218
K0_vs_K2,0.10,5,-169805,199484
K0_vs_K2,0.10,6,-171521,191502
K0_vs_K2,0.10,7,-172720,189364
K0_vs_K2,0.10,8,-180060,185734
K0_vs_K2,0.25,1,-471490,439276
K0_vs_K2,0.25,2,-411686,493256
K0_vs_K2,0.25,3,-441399,492697
K0_vs_K2,0.25,4,-444545,479544
K0_vs_K2,0.25,5,-421822,498144
K0_vs_K2,0.25,6,-435210,476809
K0_vs_K2,0.25,7,-430607,470602
K0_vs_K2,0.25,8,-449924,464650
K0_vs_K2,0.50,1,-940731,876651
K0_vs_K2,0.50,2,-823064,987588
K0_vs_K2,0.50,3,-879412,981161
K0_vs_K2,0.50,4,-892506,960966
K0_vs_K2,0.50,5,-844504,992329
K0_vs_K2,0.50,6,-869609,958446
K0_vs_K2,0.50,7,-862278,945853
K0_vs_K2,0.50,8,-899382,928600
K0_vs_K2,1.00,1,-1.88344e+06,1.75505e+06
K0_vs_K2,1.00,2,-1.64359e+06,1.97762e+06
K0_vs_K2,1.00,3,-1.75495e+06,1.95907e+06
K0_vs_K2,1.00,4,-1.79074e+06,1.91887e+06
K0_vs_K2,1.00,5,-1.68793e+06,1.99006e+06
K0_vs_K2,1.00,6,-1.74307e+06,1.91991e+06
K0_vs_K2,1.00,7,-1.72507e+06,1.89516e+06
K0_vs_K2,1.00,8,-1.79545e+06,1.86385e+06
K0_vs_K2,2.00,1,-3.76594e+06,3.50499e+06
K0_vs_K2,2.00,2,-3.28086e+06,3.95102e+06
K0_vs_K2,2.00,3,-3.51383e+06,3.92706e+06
K0_vs_K2,2.00,4,-3.57372e+06,3.82663e+06
K0_vs_K2,2.00,5,-3.37672e+06,3.99159e+06
K0_vs_K2,2.00,6,-3.49096e+06,3.83118e+06
K0_vs_K2,2.00,7,-3.44522e+06,3.77891e+06
K0_vs_K2,2.00,8,-3.5883e+06,3.7152e+06
