pair,f,Z_emp,AUC,median_qX,mean_qK0,sd_qK0,Z_asimov_ideal,Z_asimov_nuis
K0_vs_K1,0.10,84.851,1,5876.55,-5523.82,134.358,77.212,76.676
K0_vs_K1,0.25,71.396,1,14450.3,-13743,394.887,122.08,121.23
K0_vs_K1,0.50,80.902,1,28830,-27496.7,696.233,172.65,171.45
K0_vs_K1,1.00,69.719,1,57584.6,-55128.2,1616.67,244.17,242.47
K0_vs_K1,2.00,61.511,1,114887,-110215,3659.51,345.3,342.9
K0_vs_K1i,0.10,87.687,1,4515.46,-4455.31,102.305,68.817,68.322
K0_vs_K1i,0.25,97.22,1,11513.6,-11036,231.945,108.81,108.03
K0_vs_K1i,0.50,77.828,1,22740.8,-22122.4,576.438,153.88,152.77
K0_vs_K1i,1.00,63.666,1,46079,-44287.3,1419.38,217.62,216.05
K0_vs_K1i,2.00,58.001,1,92340.3,-88700.8,3121.36,307.76,305.55
K0_vs_K2,0.10,50.479,1,191360,-175312,7263.86,458.74,432.31
K0_vs_K2,0.25,50.194,1,478176,-438335,18259.4,725.33,683.54
K0_vs_K2,0.50,51.087,1,959706,-876436,35941.8,1025.8,966.67
K0_vs_K2,1.00,50.29,1,1.91939e+06,-1.75303e+06,73024.4,1450.7,1367.1
K0_vs_K2,2.00,50.048,1,3.82891e+06,-3.50444e+06,146527,2051.5,1933.3
