id,set,n,nvars,nterms,opt,n_trees,enum_min,greedy1,greedy2,greedy,P,z,beta,stages,opt_tree
MP_P507-A,P507-A,5,20,60,58.7303573169,14,58.7303573169,68.2077163925,58.9124682639,58.9124682639,64.8037150903,0.299830;0.537473;0.039477;0.113715;0.009505,8.000000;1.840000;1.500000;10.000000,14;46;69;12,0-0-4;1-1-4;2-3-4;2-2-3
MP_P507-B,P507-B,5,20,60,50.1967481937,14,50.1967481937,59.7691551151,50.283811295,50.283811295,55.3121924245,0.299830;0.537473;0.039477;0.113715;0.009505,8.000000;2.200000;1.600000;10.000000,14;36;59;12,0-0-4;1-1-4;2-3-4;2-2-3
R4_0,random,4,10,18,93.6805687464,5,93.6805687464,95.442063869,99.9779388591,95.442063869,104.986270256,0.244736;0.092480;0.211228;0.451556,1.445550;2.041385;1.811218,75;39;47,0-2-3;0-1-2;0-0-1
R4_1,random,4,10,18,78.3080056336,5,78.3080056336,96.1063728068,78.3080056336,78.3080056336,86.138806197,0.047234;0.347856;0.445544;0.159365,2.417720;2.327620;1.676298,32;33;54,0-1-3;0-0-1;2-2-3
R4_2,random,4,10,18,119.588480975,5,119.588480975,152.054193277,119.588480975,119.588480975,131.547329072,0.062571;0.121515;0.503936;0.311979,2.083427;1.603340;1.469393,38;59;72,0-2-3;0-1-2;0-0-1
R4_3,random,4,10,18,59.0978507051,5,59.0978507051,105.497311136,59.0978507051,59.0978507051,65.0076357756,0.780106;0.008929;0.027954;0.183011,1.753559;2.091489;2.203659,50;38;35,0-0-3;1-2-3;1-1-2
R4_4,random,4,10,18,78.4792754339,5,78.4792754339,78.4792754339,78.4792754339,78.4792754339,86.3272029773,0.257514;0.052396;0.390836;0.299255,1.685441;2.440929;1.865840,53;31;45,0-1-3;0-0-1;2-2-3
R4_5,random,4,10,18,109.486680493,5,109.486680493,110.628882742,115.560961556,110.628882742,121.691771016,0.342509;0.201395;0.330356;0.125740,1.999873;1.482767;1.756795,40;71;50,0-0-3;1-1-3;2-2-3
R4_6,random,4,10,18,96.8044240211,5,96.8044240211,96.8044240211,96.8044240211,96.8044240211,106.484866423,0.312866;0.130420;0.352202;0.204512,1.831005;2.102083;1.499076,46;38;69,0-1-3;0-0-1;2-2-3
R4_7,random,4,10,18,94.8217842585,5,94.8217842585,94.8217842585,109.712600646,94.8217842585,104.303962684,0.438410;0.162097;0.192519;0.206975,1.429959;2.294674;2.228933,78;34;35,0-1-3;0-0-1;2-2-3
R4_8,random,4,10,18,69.7159627142,5,69.7159627142,69.7159627142,69.7159627142,69.7159627142,76.6875589856,0.106001;0.679993;0.119089;0.094917,2.039448;2.422986;2.340024,39;32;33,0-1-3;0-0-1;2-2-3
R4_9,random,4,10,18,65.3732335591,5,65.3732335591,69.5784198241,65.3732335591,65.3732335591,71.910556915,0.198510;0.076136;0.582119;0.143235,2.148055;2.406222;2.412668,37;32;32,0-1-3;0-0-1;2-2-3
R5_0,random,5,20,60,92.617022298,14,92.617022298,102.886786861,94.7771399001,94.7771399001,104.25485389,0.417744;0.034480;0.071391;0.117828;0.358556,1.610089;2.364550;2.100668;1.817820,59;33;38;47,0-1-4;0-0-1;2-3-4;2-2-3
R5_1,random,5,20,60,95.0114994644,14,95.0114994644,104.534930164,95.0114994644,95.0114994644,104.512649411,0.202959;0.139505;0.453012;0.139953;0.064571,2.271278;2.496158;1.487398;2.475684,34;31;70;31,0-1-4;0-0-1;2-2-4;3-3-4
R5_2,random,5,20,60,138.409820632,14,138.409820632,195.378866425,138.409820632,138.409820632,152.250802695,0.104157;0.109982;0.530676;0.237940;0.017245,1.770830;1.507502;1.549969;1.712985,49;68;64;52,0-2-4;0-1-2;0-0-1;3-3-4
R5_3,random,5,20,60,100.4550569,14,100.4550569,142.594873744,100.4550569,100.4550569,110.50056259,0.099869;0.048784;0.235197;0.492236;0.123914,2.244004;2.179732;1.960655;1.541453,35;36;42;64,0-2-4;0-1-2;0-0-1;3-3-4
R5_4,random,5,20,60,92.4393145274,14,92.4393145274,112.726106272,92.4393145274,92.4393145274,101.68324598,0.035730;0.201520;0.450475;0.074107;0.238168,1.763779;1.750899;2.313444;1.909958,49;50;33;43,0-2-4;0-1-2;0-0-1;3-3-4
R5_5,random,5,20,60,74.5462615013,14,74.5462615013,102.649576349,75.2167544107,75.2167544107,82.7384298517,0.078307;0.837229;0.035966;0.023691;0.024807,2.441634;1.958747;2.155088;2.115720,31;42;36;37,0-0-4;1-1-4;2-2-4;3-3-4
R5_6,random,5,20,60,77.4790468447,14,77.4790468447,82.2804979772,79.2565144494,79.2565144494,87.1821658943,0.277881;0.225034;0.058043;0.170175;0.268866,2.395117;2.065744;2.298941;2.335368,32;39;34;33,0-2-4;0-0-2;1-1-2;3-3-4
R5_7,random,5,20,60,105.706049573,14,105.706049573,111.463352132,116.233982332,111.463352132,122.609687345,0.371919;0.330989;0.045957;0.051663;0.199472,1.428959;2.281846;2.055586;1.890277,78;34;39;44,0-1-4;0-0-1;2-3-4;2-2-3
R5_8,random,5,20,60,121.91933739,14,121.91933739,122.815514245,121.91933739,121.91933739,134.111271129,0.136612;0.136550;0.200558;0.186863;0.339417,1.439385;1.494701;1.768016;2.118070,76;69;49;37,0-2-4;0-1-2;0-0-1;3-3-4
R5_9,random,5,20,60,79.294554631,14,79.294554631,98.6025132724,88.3994778978,88.3994778978,97.2394256876,0.179810;0.246780;0.067068;0.070410;0.435932,2.262651;1.968318;2.051514;2.031435,34;41;39;39,0-3-4;0-0-3;1-1-3;2-2-3
R6_0,random,6,35,150,104.052792421,42,104.052792421,115.058855839,104.052792421,104.052792421,114.458071663,0.020874;0.300512;0.313254;0.101572;0.132784;0.131004,2.095963;1.906726;2.261548;1.503244;1.995729,38;43;34;68;40,0-2-5;0-1-2;0-0-1;3-4-5;3-3-4
R6_1,random,6,35,150,98.2544722163,42,98.2544722163,131.295637359,100.455046983,100.455046983,110.500551681,0.182042;0.077133;0.551288;0.000752;0.173497;0.015289,1.939358;1.678883;2.479771;2.486908;2.106789,42;54;31;31;38,0-2-5;0-1-2;0-0-1;3-4-5;3-3-4
R6_2,random,6,35,150,110.569263009,42,110.569263009,115.518281618,114.211258583,114.211258583,125.632384441,0.001064;0.323781;0.033090;0.482028;0.076358;0.083679,1.592659;2.436075;1.709589;2.458687;1.480684,60;32;52;31;71,0-1-5;0-0-1;2-3-5;2-2-3;4-4-5
R6_3,random,6,35,150,97.0839938214,42,97.0839938214,109.473876241,97.0839938214,97.0839938214,106.792393204,0.045128;0.091160;0.283461;0.089965;0.161769;0.328516,1.971534;2.226814;1.729638;2.206704;2.006245,41;35;51;35;40,0-3-5;0-1-3;0-0-1;2-2-3;4-4-5
R6_4,random,6,35,150,76.392006066,42,76.392006066,97.5492094119,76.392006066,76.392006066,84.0312066726,0.132613;0.056241;0.005533;0.293735;0.381491;0.130387,2.214976;2.272429;2.344828;2.210191;2.396609,35;34;33;35;32,0-3-5;0-2-3;0-0-2;1-1-2;4-4-5
R6_5,random,6,35,150,126.455447506,42,126.455447506,152.912070296,139.558961104,139.558961104,153.514857214,0.411717;0.076545;0.090726;0.142846;0.004938;0.273228,1.552876;1.724102;1.771508;2.224366;1.414134,63;51;49;35;80,0-3-5;0-0-3;1-2-3;1-1-2;4-4-5
R6_6,random,6,35,150,131.635146015,42,131.635146015,145.715501115,156.604898585,145.715501115,160.287051227,0.197582;0.176692;0.133202;0.132447;0.305398;0.054679,2.209726;2.358189;1.478003;1.508956;1.516049,35;33;71;68;67,0-1-5;0-0-1;2-3-5;2-2-3;4-4-5
R6_7,random,6,35,150,84.5627913758,42,84.5627913758,93.5354140882,84.5627913758,84.5627913758,93.0190705134,0.550718;0.149913;0.031056;0.156102;0.043760;0.068451,1.898122;1.500244;2.383022;2.172953;2.182851,44;69;32;36;36,0-0-5;1-2-5;1-1-2;3-3-5;4-4-5
R6_8,random,6,35,150,87.8139177832,42,87.8139177832,91.905237693,87.8139177832,87.8139177832,96.5953095616,0.069697;0.231523;0.523060;0.020073;0.118596;0.037050,1.641667;2.209226;2.288426;1.965183;2.117093,56;35;34;41;37,0-1-5;0-0-1;2-2-5;3-4-5;3-3-4
R6_9,random,6,35,150,126.206264471,42,126.206264471,212.554454333,126.206264471,126.206264471,138.826890919,0.002216;0.745842;0.181668;0.052190;0.008583;0.009502,1.712994;1.507160;1.544105;2.236932;2.011715,52;68;64;35;40,0-1-5;0-0-1;2-2-5;3-3-5;4-4-5
R7_0,random,7,56,315,99.6437996973,132,99.6437996973,102.937820758,99.8520344062,99.8520344062,109.837237847,0.229215;0.208723;0.163872;0.076876;0.102806;0.102932;0.115575,1.944729;2.419733;1.656864;2.452046;2.432200;2.078456,42;32;55;31;32;38,0-1-6;0-0-1;2-3-6;2-2-3;4-4-6;5-5-6
R7_1,random,7,56,315,86.9434092454,132,86.9434092454,104.90500598,86.9434092454,86.9434092454,95.6377501699,0.485748;0.051349;0.000022;0.092748;0.027578;0.205689;0.136867,1.937567;1.914016;1.957385;1.826854;2.211907;2.208151,42;43;42;46;35;35,0-0-6;1-4-6;1-2-4;1-1-2;3-3-4;5-5-6
R7_2,random,7,56,315,125.703312015,132,125.703312015,141.740785195,125.703312015,125.703312015,138.273643216,0.023463;0.179043;0.120758;0.242470;0.159137;0.159148;0.115982,1.727371;1.570599;2.038742;2.055938;2.058742;1.550515,51;62;39;39;39;63,0-3-6;0-2-3;0-1-2;0-0-1;4-4-6;5-5-6
R7_3,random,7,56,315,121.347643858,132,121.347643858,121.347643858,133.404431372,121.347643858,133.482408244,0.234439;0.034571;0.269692;0.091561;0.053243;0.085876;0.230620,2.115706;1.595232;1.690044;1.400677;2.409767;2.383800,37;60;53;82;32;32,0-4-6;0-0-4;1-2-4;1-1-2;3-3-4;5-5-6
R7_4,random,7,56,315,124.204855508,132,124.204855508,125.606492042,124.204855508,124.204855508,136.625341059,0.170239;0.234322;0.019634;0.404149;0.009848;0.133130;0.028679,1.877851;1.771270;2.152267;1.663504;1.445218;1.421523,44;49;37;55;76;79,0-2-6;0-0-2;1-1-2;3-3-6;4-5-6;4-4-5
R7_5,random,7,56,315,126.253165912,132,126.253165912,142.29542788,126.253165912,126.253165912,138.878482503,0.019698;0.183694;0.116046;0.057544;0.426808;0.179891;0.016319,1.998198;1.498842;2.370814;2.321031;1.558368;1.475622,40;69;33;33;63;72,0-3-6;0-1-3;0-0-1;2-2-3;4-4-6;5-5-6
R7_6,random,7,56,315,105.845365873,132,105.845365873,113.351521855,112.899038862,112.899038862,124.188942748,0.370856;0.150180;0.249605;0.047651;0.005401;0.168091;0.008216,2.489539;1.773958;1.754972;1.947737;1.731285;1.639580,31;49;50;42;51;56,0-0-6;1-2-6;1-1-2;3-4-6;3-3-4;5-5-6
R7_7,random,7,56,315,103.892391503,132,103.892391503,122.583983324,104.21741387,104.21741387,114.639155257,0.151408;0.354412;0.085532;0.042551;0.233967;0.004479;0.127651,2.369741;1.832854;2.313873;2.014614;2.420508;1.688800,33;46;33;40;32;53,0-2-6;0-0-2;1-1-2;3-4-6;3-3-4;5-5-6
R7_8,random,7,56,315,156.208017525,132,156.208017525,183.911705565,156.208017525,156.208017525,171.828819277,0.050150;0.438109;0.021663;0.021839;0.209902;0.205607;0.052729,1.811556;1.407765;2.113762;1.646629;1.451953;2.424054,47;81;37;56;75;32,0-2-6;0-0-2;1-1-2;3-4-6;3-3-4;5-5-6
R7_9,random,7,56,315,128.042059091,132,128.042059091,148.695188788,128.352512395,128.352512395,141.187763635,0.102499;0.040912;0.136504;0.125442;0.067889;0.419537;0.107217,2.008960;2.261899;1.795584;1.839312;1.562573;2.149922,40;34;48;46;62;37,0-4-6;0-1-4;0-0-1;2-2-4;3-3-4;5-5-6
R8_0,random,8,84,588,99.3777437275,429,99.3777437275,116.747075602,111.554984776,111.554984776,122.710483253,0.043937;0.088496;0.001130;0.047534;0.100384;0.057780;0.169339;0.491400,2.036365;1.595666;2.475354;2.336813;1.498160;2.418332;1.856103,39;60;31;33;69;32;45,0-6-7;0-3-6;0-2-3;0-0-2;1-1-2;4-5-6;4-4-5
R8_1,random,8,84,588,114.878923006,429,114.878923006,140.434341188,116.00352882,116.00352882,127.603881702,0.336868;0.002462;0.368604;0.173510;0.096158;0.012943;0.002898;0.006556,1.435719;1.785745;2.089588;1.984575;2.476740;2.474168;1.862269,77;48;38;41;31;31;45,0-2-7;0-1-2;0-0-1;3-3-7;4-4-7;5-5-7;6-6-7
R8_2,random,8,84,588,137.99810212,429,137.99810212,149.81975912,142.212737071,142.212737071,156.434010778,0.063816;0.237121;0.016846;0.132436;0.047918;0.320562;0.098361;0.082941,1.981732;1.576473;2.451838;1.768187;1.879399;1.509098;2.064835,41;61;31;49;44;68;39,0-4-7;0-2-4;0-0-2;1-1-2;3-3-4;5-5-7;6-6-7
R8_3,random,8,84,588,123.746465315,429,123.746465315,180.972623369,124.056748496,124.056748496,136.462423346,0.068747;0.586742;0.005377;0.011777;0.091997;0.013273;0.006955;0.215131,1.503112;1.684690;1.885457;2.324690;1.625531;2.448013;1.986424,68;53;44;33;57;31;41,0-1-7;0-0-1;2-6-7;2-3-6;2-2-3;4-4-6;5-5-6
R8_4,random,8,84,588,113.075871427,429,113.075871427,118.840248212,123.629855406,118.840248212,130.724273033,0.093006;0.099981;0.147248;0.200934;0.140964;0.167873;0.019333;0.130661,1.581283;2.324288;2.453361;1.907065;2.127751;1.668359;2.449495,61;33;31;43;37;54;31,0-2-7;0-1-2;0-0-1;3-4-7;3-3-4;5-6-7;5-5-6
R8_5,random,8,84,588,147.140863908,429,147.140863908,168.895441104,161.289479613,161.289479613,177.418427574,0.090843;0.212901;0.030966;0.282510;0.155369;0.087664;0.077466;0.062282,2.337990;2.188085;2.195836;1.499912;1.459120;1.855556;1.462352,33;36;36;69;74;45;73,0-2-7;0-0-2;1-1-2;3-3-7;4-5-7;4-4-5;6-6-7
R8_6,random,8,84,588,115.886022864,429,115.886022864,124.176976059,115.886022864,115.886022864,127.47462515,0.081193;0.213221;0.004715;0.084756;0.018600;0.263574;0.290640;0.043301,1.888661;2.023270;1.984668;1.743292;2.282254;1.701691;2.093777,44;40;41;50;34;52;38,0-4-7;0-1-4;0-0-1;2-3-4;2-2-3;5-5-7;6-6-7
R8_7,random,8,84,588,126.840136533,429,126.840136533,142.46113835,130.97114185,130.97114185,144.068256035,0.268045;0.149520;0.020832;0.222169;0.172538;0.006644;0.094274;0.065977,2.442548;2.079642;1.963907;1.429552;2.026294;1.699150;1.927760,31;38;41;78;40;53;43,0-2-7;0-0-2;1-1-2;3-4-7;3-3-4;5-6-7;5-5-6
R8_8,random,8,84,588,141.586042221,429,141.586042221,153.06676477,143.30583411,143.30583411,157.636417521,0.136093;0.143637;0.045903;0.220155;0.193061;0.080166;0.101395;0.079589,2.384639;1.816466;1.407701;2.104453;1.901774;1.443672;1.672829,32;47;81;38;43;76;54,0-3-7;0-1-3;0-0-1;2-2-3;4-4-7;5-6-7;5-5-6
R8_9,random,8,84,588,119.424252246,429,119.424252246,171.28592132,119.424252246,119.424252246,131.36667747,0.271112;0.293768;0.062561;0.290384;0.010444;0.000960;0.069103;0.001667,1.572943;2.017496;1.562308;2.121237;1.464255;1.922850;2.122825,61;40;62;37;73;43;37,0-1-7;0-0-1;2-3-7;2-2-3;4-5-7;4-4-5;6-6-7
R9_0,random,9,120,1008,130.784370776,1430,130.784370776,146.213470288,133.488844874,133.488844874,146.837729361,0.206438;0.100904;0.228314;0.035324;0.054458;0.147409;0.023906;0.005484;0.197764,1.769661;1.867403;1.790083;1.931331;1.872988;1.813348;2.342299;2.019184,49;45;48;42;45;47;33;40,0-2-8;0-1-2;0-0-1;3-7-8;3-4-7;3-3-4;5-5-7;6-6-7
R9_1,random,9,120,1008,138.208322891,1430,138.208322891,167.907597527,139.776732452,139.776732452,153.754405698,0.024104;0.155292;0.113346;0.070625;0.163901;0.330675;0.054626;0.065642;0.021787,1.464384;2.231702;2.215936;1.866008;1.592977;2.287276;1.604592;2.268437,73;35;35;45;60;34;59;34,0-2-8;0-1-2;0-0-1;3-5-8;3-4-5;3-3-4;6-6-8;7-7-8
R9_2,random,9,120,1008,116.476880853,1430,116.476880853,138.179724273,123.09403196,123.09403196,135.403435156,0.062691;0.111316;0.108407;0.100961;0.018727;0.017888;0.042578;0.116517;0.420914,1.497976;2.467908;2.024638;1.634900;1.570340;1.419850;1.903177;1.981395,69;31;40;57;62;79;43;41,0-7-8;0-2-7;0-1-2;0-0-1;3-6-7;3-3-6;4-5-6;4-4-5
R9_3,random,9,120,1008,146.71537545,1430,146.71537545,191.660729122,146.71537545,146.71537545,161.386912995,0.042284;0.108763;0.319345;0.001922;0.005376;0.187173;0.096123;0.107313;0.131702,2.472506;1.563393;1.603257;2.014709;2.195099;1.441073;1.950001;1.644220,31;62;59;40;36;76;42;56,0-4-8;0-1-4;0-0-1;2-2-4;3-3-4;5-6-8;5-5-6;7-7-8
R9_4,random,9,120,1008,118.394164213,1430,118.394164213,129.9908019,118.394164213,118.394164213,130.233580635,0.213356;0.063984;0.025576;0.123776;0.271945;0.001676;0.016622;0.152918;0.130148,2.186507;2.028091;2.499650;2.099574;1.697364;2.031137;2.254490;1.505949,36;40;31;38;53;39;34;68,0-3-8;0-0-3;1-2-3;1-1-2;4-6-8;4-4-6;5-5-6;7-7-8
R9_5,random,9,120,1008,125.011793443,1430,125.011793443,199.861826411,125.011793443,125.011793443,137.512972787,0.001025;0.029400;0.047911;0.055038;0.050179;0.434164;0.261785;0.096046;0.024451,1.951095;1.959147;1.918353;1.609456;1.703963;1.653456;2.406493;1.619636,42;42;43;59;52;55;32;58,0-5-8;0-4-5;0-2-4;0-1-2;0-0-1;3-3-4;6-6-8;7-7-8
R9_6,random,9,120,1008,130.276208593,1430,130.276208593,135.757713263,138.748470581,135.757713263,149.333484589,0.029570;0.007808;0.069227;0.158269;0.089090;0.225048;0.131375;0.091534;0.198079,1.477537;1.675910;1.404331;1.867320;2.423515;1.938284;2.341467;1.654470,71;54;82;45;32;42;33;55,0-4-8;0-3-4;0-2-3;0-1-2;0-0-1;5-6-8;5-5-6;7-7-8
R9_7,random,9,120,1008,133.426113769,1430,133.426113769,148.407864503,133.426113769,133.426113769,146.768725146,0.028324;0.176857;0.052081;0.027055;0.084977;0.088752;0.115744;0.228587;0.197623,2.061402;2.165522;1.657584;2.023899;1.970782;2.039430;1.751639;1.620579,39;36;55;40;41;39;50;58,0-5-8;0-1-5;0-0-1;2-4-5;2-3-4;2-2-3;6-7-8;6-6-7
R9_8,random,9,120,1008,109.212068944,1430,109.212068944,143.71968696,109.212068944,109.212068944,120.133275838,0.008571;0.140869;0.537156;0.035521;0.002014;0.030809;0.114435;0.129419;0.001205,1.693457;1.611281;2.413608;1.662776;1.543385;2.004154;2.138702;2.165584,53;58;32;55;64;40;37;36,0-2-8;0-1-2;0-0-1;3-6-8;3-5-6;3-3-5;4-4-5;7-7-8
R9_9,random,9,120,1008,109.147906568,1430,109.147906568,112.791580234,109.147906568,109.147906568,120.062697224,0.006757;0.270650;0.017933;0.065710;0.117873;0.051234;0.112296;0.017994;0.339552,1.802537;2.048513;2.383464;1.735736;2.268876;2.082829;1.636841;2.441595,47;39;32;51;34;38;57;31,0-4-8;0-1-4;0-0-1;2-3-4;2-2-3;5-7-8;5-5-7;6-6-7
R10_0,random,10,165,1620,128.963741459,4862,128.963741459,145.639664656,144.881974477,144.881974477,159.370171925,0.085950;0.002742;0.119467;0.332622;0.094632;0.135922;0.022367;0.007909;0.045113;0.153276,2.198031;1.455009;1.967598;1.517278;2.463524;2.257771;2.250421;1.667153;2.018546,36;74;41;67;31;34;35;55;40,0-4-9;0-2-4;0-0-2;1-1-2;3-3-4;5-5-9;6-8-9;6-7-8;6-6-7
R10_1,random,10,165,1620,148.483300919,4862,148.483300919,239.910237654,148.483300919,148.483300919,163.33163101,0.079328;0.014567;0.449259;0.073676;0.045898;0.213250;0.033562;0.006519;0.078085;0.005855,2.129298;1.868337;1.600575;1.800500;1.613867;1.595303;2.264082;2.337524;1.849101,37;45;59;47;58;60;34;33;45,0-2-9;0-1-2;0-0-1;3-5-9;3-4-5;3-3-4;6-7-9;6-6-7;8-8-9
R10_2,random,10,165,1620,119.410315981,4862,119.410315981,136.741356629,119.410315981,119.410315981,131.351347579,0.276439;0.012458;0.314672;0.008414;0.074655;0.072529;0.025946;0.181934;0.002077;0.030877,2.081333;2.060576;1.876006;1.923485;2.369591;1.555098;2.015971;2.114369;2.027876,38;39;44;43;33;63;40;37;40,0-2-9;0-1-2;0-0-1;3-6-9;3-4-6;3-3-4;5-5-6;7-7-9;8-8-9
R10_3,random,10,165,1620,140.023714919,4862,140.023714919,167.538609191,173.714437826,167.538609191,184.29247011,0.185409;0.044171;0.048715;0.010629;0.142718;0.157449;0.230801;0.127936;0.024259;0.027913,2.192581;1.718199;1.472200;1.515240;1.452487;2.451979;1.917965;1.544360;1.943734,36;52;72;67;75;31;43;64;42,0-5-9;0-0-5;1-4-5;1-3-4;1-1-3;2-2-3;6-6-9;7-7-9;8-8-9
R10_4,random,10,165,1620,148.897924056,4862,148.897924056,181.191329272,174.644210322,174.644210322,192.108631354,0.126957;0.068946;0.075467;0.071447;0.090655;0.017585;0.027161;0.251965;0.023591;0.246226,2.085163;1.774257;2.403578;2.124425;2.203702;1.746461;1.422076;1.601826;1.537288,38;49;32;37;35;50;79;59;65,0-4-9;0-2-4;0-0-2;1-1-2;3-3-4;5-7-9;5-6-7;5-5-6;8-8-9
R10_5,random,10,165,1620,132.52271534,4862,132.52271534,141.807920451,132.52271534,132.52271534,145.774986875,0.043658;0.033825;0.061729;0.273101;0.040172;0.084437;0.156632;0.089979;0.148594;0.067874,1.975690;1.696666;2.109871;1.857882;1.686857;2.202208;1.418899;2.493298;2.097445,41;53;38;45;53;35;79;31;38,0-5-9;0-2-5;0-1-2;0-0-1;3-3-5;4-4-5;6-7-9;6-6-7;8-8-9
R10_6,random,10,165,1620,108.767769941,4862,108.767769941,166.394622971,108.767769941,108.767769941,119.644546935,0.075544;0.122355;0.148238;0.028848;0.060748;0.273389;0.023490;0.061634;0.005442;0.200312,2.294070;2.288860;2.067953;1.910474;2.101308;2.157611;1.732088;2.378577;2.476328,34;34;39;43;38;36;51;32;31,0-4-9;0-1-4;0-0-1;2-2-4;3-3-4;5-5-9;6-8-9;6-6-8;7-7-8
R10_7,random,10,165,1620,131.696822064,4862,131.696822064,137.056215202,147.378791429,137.056215202,150.761836723,0.067436;0.087674;0.071280;0.278918;0.016997;0.201035;0.047210;0.036740;0.167620;0.025090,1.736112;1.937585;2.143533;1.765185;2.455327;1.466374;2.008734;2.190522;1.944578,51;42;37;49;31;73;40;36;42,0-4-9;0-2-4;0-1-2;0-0-1;3-3-4;5-7-9;5-5-7;6-6-7;8-8-9
R10_8,random,10,165,1620,129.828351356,4862,129.828351356,147.987494859,143.298509989,143.298509989,157.628360988,0.028988;0.123815;0.126516;0.025806;0.001869;0.111890;0.077096;0.183555;0.151647;0.168819,1.857467;1.755109;1.510337;2.056802;2.045713;2.168835;1.856223;2.081897;2.417990,45;50;68;39;39;36;45;38;32,0-5-9;0-1-5;0-0-1;2-4-5;2-2-4;3-3-4;6-7-9;6-6-7;8-8-9
R10_9,random,10,165,1620,141.457329096,4862,141.457329096,162.780241909,159.288907802,159.288907802,175.217798583,0.029530;0.349656;0.080010;0.156848;0.037833;0.078894;0.014671;0.043626;0.002176;0.206756,2.123295;1.743417;1.851262;1.560280;2.157241;1.536279;1.632484;1.644989;1.657603,37;50;45;63;36;65;57;56;55,0-4-9;0-1-4;0-0-1;2-2-4;3-3-4;5-8-9;5-5-8;6-6-8;7-7-8
R11_0,random,11,220,2475,127.526169046,16796,127.526169046,151.270944397,127.526169046,127.526169046,140.278785951,0.336854;0.201018;0.015713;0.029766;0.073154;0.079392;0.004644;0.037437;0.113177;0.040926;0.067919,1.567519;2.472707;2.133921;1.612305;1.864052;1.425372;1.630083;1.852191;2.276160;2.349113,62;31;37;58;45;78;57;45;34;33,0-1-10;0-0-1;2-7-10;2-4-7;2-3-4;2-2-3;5-5-7;6-6-7;8-8-10;9-9-10
R11_1,random,11,220,2475,118.89705526,16796,118.89705526,158.789031409,123.304944807,123.304944807,135.635439287,0.223023;0.035688;0.043949;0.101139;0.013867;0.125278;0.032520;0.078840;0.320999;0.006691;0.018007,1.989126;2.456857;2.368736;2.485086;1.499358;2.290229;1.788810;1.878275;2.181582;2.495273,41;31;33;31;69;34;48;44;36;31,0-3-10;0-0-3;1-2-3;1-1-2;4-7-10;4-5-7;4-4-5;6-6-7;8-8-10;9-9-10
R11_2,random,11,220,2475,140.273781351,16796,140.273781351,183.605079703,141.765516211,141.765516211,155.942067832,0.064128;0.131390;0.025475;0.067760;0.107194;0.014648;0.035927;0.117657;0.309897;0.116101;0.009825,2.111283;2.318939;2.391076;1.808421;1.487798;1.529847;2.261019;1.561152;1.890673;2.465938,37;33;32;47;70;65;34;63;44;31,0-6-10;0-1-6;0-0-1;2-3-6;2-2-3;4-4-6;5-5-6;7-8-10;7-7-8;9-9-10
R11_3,random,11,220,2475,132.29079734,16796,132.29079734,158.277352511,140.555709706,140.555709706,154.611280677,0.237559;0.117801;0.091876;0.023569;0.059933;0.027169;0.114479;0.112319;0.076376;0.016878;0.122040,2.020613;1.630726;1.708863;1.914059;2.367186;2.333452;1.651346;1.907529;2.467961;2.461778,40;57;52;43;33;33;56;43;31;31,0-4-10;0-0-4;1-1-4;2-2-4;3-3-4;5-7-10;5-6-7;5-5-6;8-9-10;8-8-9
R11_4,random,11,220,2475,113.40348436,16796,113.40348436,125.820471064,113.40348436,113.40348436,124.743832796,0.056248;0.005489;0.019704;0.055908;0.065399;0.119090;0.083858;0.070051;0.180065;0.214318;0.129870,1.746661;1.885581;2.401851;2.170241;2.492078;1.995848;2.244199;2.323719;2.255595;1.853491,50;44;32;36;31;40;35;33;34;45,0-7-10;0-4-7;0-2-4;0-0-2;1-1-2;3-3-4;5-5-7;6-6-7;8-8-10;9-9-10
R11_5,random,11,220,2475,132.684906932,16796,132.684906932,163.607651209,178.770643311,163.607651209,179.968416329,0.162779;0.172581;0.051020;0.123572;0.078562;0.009036;0.007305;0.097333;0.045053;0.020258;0.232502,1.703219;1.862213;2.365460;1.416128;1.632605;2.378057;1.505718;2.429357;2.253625;2.217770,52;45;33;80;57;32;68;32;35;35,0-5-10;0-2-5;0-0-2;1-1-2;3-3-5;4-4-5;6-9-10;6-7-9;6-6-7;8-8-9
R11_6,random,11,220,2475,150.953653073,16796,150.953653073,175.72952193,173.490472547,173.490472547,190.839519802,0.205442;0.039037;0.191845;0.064212;0.090347;0.288244;0.003474;0.089232;0.003688;0.008808;0.015673,1.505052;1.718248;1.405630;1.570949;2.235789;1.875487;1.902289;1.620588;2.120936;1.993793,68;52;82;62;35;44;43;58;37;41,0-4-10;0-1-4;0-0-1;2-2-4;3-3-4;5-5-10;6-7-10;6-6-7;8-9-10;8-8-9
R11_7,random,11,220,2475,122.94192786,16796,122.94192786,134.865093357,122.94192786,122.94192786,135.236120646,0.209839;0.111025;0.034822;0.108866;0.057663;0.050334;0.118611;0.142241;0.061624;0.086683;0.018293,2.391493;2.050993;1.979529;2.138335;2.483589;1.853167;2.094758;1.852106;1.823701;2.447259,32;39;41;37;31;45;38;45;46;31,0-4-10;0-0-4;1-2-4;1-1-2;3-3-4;5-6-10;5-5-6;7-7-10;8-8-10;9-9-10
R11_8,random,11,220,2475,111.735100611,16796,111.735100611,123.607749201,116.157784177,116.157784177,127.773562595,0.013639;0.009972;0.028239;0.110331;0.027397;0.003661;0.076958;0.089365;0.359076;0.105033;0.176329,2.387616;1.829466;2.122158;2.359698;2.057482;2.409750;1.875643;2.016292;2.387359;1.587514,32;46;37;33;39;32;44;40;32;60,0-7-10;0-3-7;0-2-3;0-1-2;0-0-1;4-6-7;4-5-6;4-4-5;8-8-10;9-9-10
R11_9,random,11,220,2475,136.941239709,16796,136.941239709,180.615156482,161.272350081,161.272350081,177.399585089,0.017043;0.026922;0.230509;0.300291;0.098467;0.094557;0.004937;0.069524;0.020574;0.021359;0.115820,2.028379;2.016348;2.064754;1.574297;2.173429;2.430047;1.474111;1.409718;2.498460;1.583826,40;40;39;61;36;32;72;81;31;61,0-4-10;0-2-4;0-1-2;0-0-1;3-3-4;5-8-10;5-5-8;6-7-8;6-6-7;9-9-10
R12_0,random,12,286,3630,155.732308291,58786,155.732308291,178.181851441,160.402858414,160.402858414,176.443144256,0.051440;0.019611;0.006253;0.152689;0.084975;0.227718;0.006365;0.379655;0.043703;0.010970;0.007488;0.009133,1.743789;1.610984;1.614651;1.515654;1.775807;2.303196;1.959568;1.433083;2.183262;2.053685;1.637373,50;58;58;67;49;34;42;77;36;39;57,0-6-11;0-4-6;0-2-4;0-0-2;1-1-2;3-3-4;5-5-6;7-7-11;8-8-11;9-9-11;10-10-11
R12_1,random,12,286,3630,134.414911825,58786,134.414911825,142.326044398,137.233593036,137.233593036,150.95695234,0.034941;0.038520;0.051053;0.139932;0.144389;0.051818;0.113646;0.186154;0.114524;0.048418;0.043622;0.032984,2.197700;1.527743;2.297655;2.370157;1.933129;2.273321;2.298191;1.711105;1.609316;2.154585;2.026134,36;66;34;33;42;34;34;52;59;36;40,0-6-11;0-3-6;0-2-3;0-0-2;1-1-2;4-4-6;5-5-6;7-7-11;8-9-11;8-8-9;10-10-11
R12_2,random,12,286,3630,141.759153682,58786,141.759153682,179.832302504,151.173277853,151.173277853,166.290605638,0.148182;0.128006;0.242737;0.012583;0.009744;0.114820;0.000541;0.091758;0.053115;0.012231;0.127526;0.058756,2.127463;2.082096;1.718570;2.085062;2.177738;1.763629;1.617251;1.872234;1.434986;1.652896;2.295868,37;38;52;38;36;49;58;45;77;55;34,0-4-11;0-1-4;0-0-1;2-2-4;3-3-4;5-7-11;5-5-7;6-6-7;8-10-11;8-9-10;8-8-9
R12_3,random,12,286,3630,143.041307112,58786,143.041307112,172.57193303,168.175654252,168.175654252,184.993219677,0.138924;0.188538;0.106746;0.072302;0.097864;0.006648;0.105677;0.010758;0.054554;0.090569;0.029570;0.097849,2.127837;1.804058;1.906242;1.768583;1.967195;2.226630;1.814825;1.533971;2.446354;1.666244;1.722607,37;47;43;49;41;35;47;65;31;55;51,0-5-11;0-1-5;0-0-1;2-2-5;3-3-5;4-4-5;6-8-11;6-6-8;7-7-8;9-10-11;9-9-10
R12_4,random,12,286,3630,121.045179608,58786,121.045179608,130.09663118,124.923333952,124.923333952,137.415667348,0.089198;0.003402;0.120951;0.100636;0.140765;0.065522;0.062825;0.035710;0.115960;0.151238;0.028312;0.085482,1.991249;2.147304;2.342604;2.254241;2.257022;2.138217;1.707292;2.144921;2.476960;2.146710;2.282297,41;37;33;34;34;37;52;37;31;37;34,0-4-11;0-2-4;0-1-2;0-0-1;3-3-4;5-8-11;5-7-8;5-5-7;6-6-7;9-9-11;10-10-11
R12_5,random,12,286,3630,110.089402836,58786,110.089402836,125.286130352,111.278650337,111.278650337,122.40651537,0.094941;0.046311;0.005290;0.106514;0.095237;0.036223;0.011042;0.325542;0.127288;0.007579;0.123702;0.020332,1.660677;1.443503;2.456437;2.149230;2.088501;2.309171;2.443455;2.470760;2.311474;1.946220;2.270889,55;76;31;37;38;34;31;31;33;42;34,0-6-11;0-2-6;0-0-2;1-1-2;3-3-6;4-4-6;5-5-6;7-7-11;8-8-11;9-10-11;9-9-10
R12_6,random,12,286,3630,140.466496981,58786,140.466496981,158.816677056,167.383024289,158.816677056,174.698344761,0.000801;0.115578;0.125797;0.060853;0.133840;0.069023;0.101322;0.087311;0.078093;0.127736;0.022726;0.076920,1.545519;2.449152;2.321913;1.498090;1.911389;1.532771;2.417732;2.406681;1.985971;2.190051;2.111659,64;31;33;69;43;65;32;32;41;36;37,0-6-11;0-2-6;0-1-2;0-0-1;3-4-6;3-3-4;5-5-6;7-8-11;7-7-8;9-9-11;10-10-11
R12_7,random,12,286,3630,136.55578543,58786,136.55578543,207.662987899,137.162722836,137.162722836,150.87899512,0.041239;0.071248;0.110179;0.066131;0.015676;0.180148;0.142275;0.021514;0.125647;0.064187;0.158055;0.003702,1.932725;2.422709;2.396256;2.183207;1.757839;1.901701;2.166951;2.033811;2.174352;1.748866;2.466303,42;32;32;36;49;43;36;39;36;50;31,0-6-11;0-2-6;0-1-2;0-0-1;3-5-6;3-4-5;3-3-4;7-8-11;7-7-8;9-9-11;10-10-11
R12_8,random,12,286,3630,125.524165839,58786,125.524165839,157.056872603,129.370375439,129.370375439,142.307412983,0.052564;0.003188;0.028594;0.012023;0.028299;0.139807;0.033912;0.038414;0.051593;0.319297;0.254884;0.037425,2.081310;1.553756;2.125208;1.520369;2.151968;1.420577;2.057801;2.436403;2.207884;1.847054;2.471273,38;63;37;66;37;79;39;32;35;46;31,0-8-11;0-4-8;0-0-4;1-2-4;1-1-2;3-3-4;5-6-8;5-5-6;7-7-8;9-9-11;10-10-11
R12_9,random,12,286,3630,120.0298762,58786,120.0298762,144.747921158,120.0298762,120.0298762,132.03286382,0.055662;0.000843;0.107394;0.010946;0.151577;0.009893;0.031574;0.423495;0.010264;0.002028;0.126167;0.070157,1.886506;2.004160;2.227586;2.494108;2.285358;1.719367;1.767827;2.173458;2.067737;1.923621;2.050854,44;40;35;31;34;51;49;36;39;43;39,0-6-11;0-3-6;0-1-3;0-0-1;2-2-3;4-4-6;5-5-6;7-7-11;8-10-11;8-9-10;8-8-9
