bin_lo,count
0.0,0
0.1,0
0.2,0
0.3,0
0.4,0
0.5,0
0.6,0
0.7,0
0.8,0
0.9,3
1.0,4
1.1,1
1.2,2
1.3,3
1.4,1
1.5,1
1.6,1
1.7,2
1.8,6
1.9,5
2.0,12
2.1,9
2.2,9
2.3,10
2.4,10
2.5,19
2.6,14
2.7,18
2.8,23
2.9,16
3.0,39
3.1,30
3.2,55
3.3,45
3.4,56
3.5,72
3.6,66
3.7,92
3.8,86
3.9,92
4.0,120
4.1,118
4.2,162
4.3,162
4.4,175
4.5,207
4.6,195
4.7,244
4.8,244
4.9,276
5.0,288
5.1,316
5.2,361
5.3,405
5.4,420
5.5,445
5.6,455
5.7,540
5.8,509
5.9,638
6.0,609
6.1,712
6.2,774
6.3,773
6.4,833
6.5,852
6.6,890
6.7,1019
6.8,989
6.9,1124
7.0,1097
7.1,1207
7.2,1222
7.3,1243
7.4,1348
7.5,1351
7.6,1444
7.7,1464
7.8,1517
7.9,1544
8.0,1575
8.1,1608
8.2,1664
8.3,1723
8.4,1858
8.5,1804
8.6,1960
8.7,1843
8.8,1954
8.9,1970
9.0,2091
9.1,2182
9.2,2170
9.3,2217
9.4,2326
9.5,2248
9.6,2442
9.7,2303
9.8,2440
9.9,2538
10.0,2583
10.1,2665
10.2,2669
10.3,2665
10.4,2707
10.5,2678
10.6,2840
10.7,2873
10.8,3007
10.9,3036
11.0,3140
11.1,3121
11.2,3239
11.3,3275
11.4,3241
11.5,3469
11.6,3471
11.7,3555
11.8,3737
11.9,3746
12.0,3843
12.1,3876
12.2,3823
12.3,3926
12.4,3943
12.5,4102
12.6,4038
12.7,4168
12.8,4065
12.9,4126
13.0,4079
13.1,4123
13.2,4099
13.3,4248
13.4,4145
13.5,4175
13.6,4153
13.7,4158
13.8,4195
13.9,4238
14.0,4278
14.1,4342
14.2,4347
14.3,4451
14.4,4357
14.5,4504
14.6,4501
14.7,4536
14.8,4613
14.9,4709
15.0,4716
15.1,4637
15.2,4651
15.3,4727
15.4,4630
15.5,4859
15.6,4782
15.7,4927
15.8,4888
15.9,4641
16.0,4791
16.1,4733
16.2,4677
16.3,4912
16.4,4816
16.5,4929
16.6,4915
16.7,5036
16.8,5057
16.9,5012
17.0,5031
17.1,5162
17.2,4980
17.3,5027
17.4,5146
17.5,5117
17.6,5099
17.7,5068
17.8,5152
17.9,5171
18.0,4919
18.1,4878
18.2,4951
18.3,4913
18.4,4943
18.5,4801
18.6,4741
18.7,4725
18.8,4686
18.9,4670
19.0,4647
19.1,4622
19.2,4870
19.3,4742
19.4,4772
19.5,4904
19.6,4896
19.7,4931
19.8,4907
19.9,4860
20.0,5085
20.1,4852
20.2,4990
20.3,4861
20.4,5013
20.5,4996
20.6,4999
20.7,4806
20.8,4909
20.9,4751
21.0,4761
21.1,4681
21.2,4853
21.3,4706
21.4,4790
21.5,4547
21.6,4557
21.7,4621
21.8,4552
21.9,4539
22.0,4669
22.1,4783
22.2,4803
22.3,4588
22.4,4602
22.5,4653
22.6,4600
22.7,4601
22.8,4539
22.9,4453
23.0,4413
23.1,4251
23.2,4195
23.3,4281
23.4,4261
23.5,4215
23.6,4032
23.7,4041
23.8,4001
23.9,3994
24.0,3909
24.1,3955
24.2,4022
24.3,4070
24.4,4049
24.5,3962
24.6,4116
24.7,4057
24.8,4058
24.9,4148
25.0,4091
25.1,4257
25.2,4143
25.3,4046
25.4,4094
25.5,3992
25.6,4008
25.7,3923
25.8,3802
25.9,3843
26.0,3718
26.1,3594
26.2,3580
26.3,3559
26.4,3534
26.5,3423
26.6,3347
26.7,3427
26.8,3317
26.9,3227
27.0,3335
27.1,3344
27.2,3348
27.3,3323
27.4,3167
27.5,3203
27.6,3237
27.7,3088
27.8,3007
27.9,3099
28.0,2991
28.1,3100
28.2,2934
28.3,2913
28.4,2913
28.5,2850
28.6,2756
28.7,2704
28.8,2712
28.9,2777
29.0,2801
29.1,2723
29.2,2695
29.3,2705
29.4,2700
29.5,2676
29.6,2593
29.7,2819
29.8,2734
29.9,2666
30.0,2731
30.1,2691
30.2,2529
30.3,2552
30.4,2447
30.5,2457
30.6,2367
30.7,2331
30.8,2280
30.9,2308
31.0,2153
31.1,2127
31.2,2096
31.3,2087
31.4,2112
31.5,2009
31.6,2020
31.7,2010
31.8,2094
31.9,2022
32.0,1989
32.1,1965
32.2,1993
32.3,1947
32.4,1917
32.5,1861
32.6,1913
32.7,1845
32.8,1778
32.9,1779
33.0,1699
33.1,1771
33.2,1598
33.3,1572
33.4,1546
33.5,1511
33.6,1549
33.7,1487
33.8,1436
33.9,1495
34.0,1473
34.1,1481
34.2,1544
34.3,1516
34.4,1475
34.5,1478
34.6,1497
34.7,1481
34.8,1523
34.9,1443
35.0,1424
35.1,1354
35.2,1271
35.3,1284
35.4,1183
35.5,1182
35.6,1155
35.7,1090
35.8,1013
35.9,1014
36.0,1000
36.1,945
36.2,926
36.3,952
36.4,936
36.5,984
36.6,948
36.7,1006
36.8,977
36.9,942
37.0,1003
37.1,910
37.2,995
37.3,908
37.4,948
37.5,893
37.6,871
37.7,794
37.8,840
37.9,799
38.0,770
38.1,732
38.2,684
38.3,635
38.4,655
38.5,610
38.6,620
38.7,632
38.8,638
38.9,645
39.0,628
39.1,676
39.2,653
39.3,690
39.4,661
39.5,674
39.6,689
39.7,630
39.8,653
39.9,21886
