id,set,n,nvars,opt,greedy,greedy_gap,eng_gap8,eng_gap8_bestfeas,eng_hit8,eng_ps,eng_feas,eng_t_us,eng_tts99_s,neal_gap8,neal_gap8_bestfeas,neal_hit8,neal_ps,neal_feas,neal_t_us,neal_tts99_s,r3
MP_P507-A,P507-A,5,20,58.7303573169,58.9124682639,0.003100797531630236,0.0,0.0,True,0.25,0.84375,4459.459375,0.07138633695298226,1.7627353438637496e-13,1.7627353438637496e-13,True,0.1875,0.796875,2316.907812428326,0.05138599221237718,tie
MP_P507-B,P507-B,5,20,50.1967481937,50.283811295,0.0017344370787533096,0.0,0.0,True,0.25,0.859375,4116.417187499999,0.06589497059515706,0.0017344370783310614,0.0017344370783310614,False,0.1875,0.796875,2120.382812563548,0.047027324138309685,win
R4_0,random,4,10,93.6805687464,95.442063869,0.018803206963532527,0.0,0.0,True,0.25,0.84375,1811.4156249999999,0.028996861568706848,-2.144964407901059e-13,-2.144964407901059e-13,True,0.359375,0.859375,1451.1812501041277,0.01500734627595465,loss
R4_1,random,4,10,78.3080056336,78.3080056336,0.0,0.0,0.0,True,0.3125,0.6875,2295.878125,0.02821749221309908,-1.0525482890449964e-14,-1.0525482890449964e-14,True,0.3125,0.609375,1100.895312447392,0.0135305548531334,tie
R4_2,random,4,10,119.588480975,119.588480975,0.0,0.0,0.0,True,0.296875,0.8125,2154.1890624999996,0.028165324305746486,-1.9055787342981536e-12,-1.9055787342981536e-12,True,0.296875,0.796875,1038.450000123703,0.013577397424366776,loss
R4_3,random,4,10,59.0978507051,59.0978507051,0.0,0.0,0.0,True,0.40625,0.8125,1973.3734375,0.017432906484191577,-4.3139087217045443e-13,-4.3139087217045443e-13,True,0.453125,0.78125,1095.4609374493884,0.008358726281407021,tie
R4_4,random,4,10,78.4792754339,78.4792754339,0.0,0.0,0.0,True,0.296875,0.703125,2038.86875,0.02665754856909268,-4.4979726070857236e-13,-4.4979726070857236e-13,True,0.25,0.8125,1441.2374998755695,0.023071107312282922,tie
R4_5,random,4,10,109.486680493,110.628882742,0.01043233974997565,0.0,0.0,True,0.296875,0.875,2191.2484375,0.02864986363129294,2.697145987550309e-12,2.697145987550309e-12,True,0.171875,0.78125,1346.5593749515392,0.03288136498393644,win
R4_6,random,4,10,96.8044240211,96.8044240211,0.0,0.0,0.0,True,0.1875,0.6875,2046.190625,0.045381838223026785,-3.3573077947949015e-13,-3.3573077947949015e-13,True,0.3125,0.78125,1258.4062499172433,0.015466443175399401,loss
R4_7,random,4,10,94.8217842585,94.8217842585,0.0,0.0,0.0,True,0.203125,0.828125,1810.4031249999996,0.03671852419967149,-3.5384092637535747e-13,-3.5384092637535747e-13,True,0.375,0.890625,1044.6953124301217,0.010236090546716477,loss
R4_8,random,4,10,69.7159627142,69.7159627142,0.0,0.0,0.0,True,0.296875,0.734375,1822.9250000000002,0.023834153976470176,-4.13182309850643e-13,-4.13182309850643e-13,True,0.34375,0.734375,1099.8593750173313,0.012024875799475615,tie
R4_9,random,4,10,65.3732335591,65.3732335591,0.0,0.0,0.0,True,0.296875,0.796875,1798.8890625000001,0.02351989187827973,2.854203658779076e-13,2.854203658779076e-13,True,0.390625,0.859375,1080.3312500229367,0.010044203399350254,tie
R5_0,random,5,20,92.617022298,94.7771399001,0.023323116512531713,0.0,0.0,True,0.171875,0.9375,4811.3499999999985,0.11748739666318547,4.072211293167494e-13,4.072211293167494e-13,True,0.140625,0.96875,2490.0374999106134,0.07566515450215613,tie
R5_1,random,5,20,95.0114994644,95.0114994644,0.0,0.0,0.0,True,0.0625,0.765625,4324.2578125,0.30855902496126697,-4.759312289426179e-13,-4.759312289426179e-13,True,0.140625,0.859375,2466.276562472558,0.07494312722247416,tie
R5_2,random,5,20,138.409820632,138.409820632,0.0,0.02635478288566357,0.02635478288566357,False,0.109375,0.75,4397.700000000001,0.17484105584555504,-2.230658403664586e-12,-2.230658403664586e-12,True,0.1875,0.828125,2173.915625007794,0.04821461206949567,loss
R5_3,random,5,20,100.4550569,100.4550569,0.0,0.04615598654844821,0.04615598654844821,False,0.09375,0.828125,3885.5312499999995,0.18177081911723367,-2.2521196448201495e-13,-2.2521196448201495e-13,True,0.1875,0.828125,2425.6156248156913,0.05379698965077202,loss
R5_4,random,5,20,92.4393145274,92.4393145274,0.0,0.0,0.0,True,0.1875,0.84375,3898.7140625,0.08646839092140526,9.884949524551496e-14,9.884949524551496e-14,True,0.1875,0.765625,2210.112500051764,0.04901741152882002,tie
R5_5,random,5,20,74.5462615013,75.2167544107,0.008994319713649465,0.0,0.0,True,0.21875,0.859375,3931.8640624999994,0.07334885133190923,0.005871352028338978,0.005871352028338978,False,0.203125,0.8125,2252.26249995103,0.04568029847411168,win
R5_6,random,5,20,77.4790468447,79.2565144494,0.022941268343979325,0.0,0.0,True,0.109375,0.890625,4799.5546875,0.19081774772062277,0.022941268343643306,0.022941268343643306,False,0.046875,0.96875,2240.360937321384,0.21490129540236086,win
R5_7,random,5,20,105.706049573,111.463352132,0.05446521350723674,0.0,0.0,True,0.125,0.84375,4475.084375,0.15433468294216277,-2.4965039666822134e-12,-2.4965039666822134e-12,True,0.125,0.921875,2303.0921875033528,0.07942800018042163,loss
R5_8,random,5,20,121.91933739,121.91933739,0.0,0.007350571896017482,0.007350571896017482,False,0.078125,0.921875,4542.5765625,0.25716606684289633,0.007350571899419737,0.007350571899419737,False,0.109375,0.921875,2157.153124926481,0.08576276917085847,win
R5_9,random,5,20,79.294554631,88.3994778978,0.11482406716539466,0.0,0.0,True,0.1875,0.96875,4412.225,0.09785739349362643,5.584371272230829e-13,5.584371272230829e-13,True,0.125,0.96875,2222.7968750030414,0.07665881181255373,tie
R6_0,random,6,35,104.052792421,104.052792421,0.0,0.04597029898675372,0.04597029898675372,False,0.125,0.984375,8502.35,0.29322519567316485,-4.428395946127714e-12,-4.428395946127714e-12,True,0.09375,0.9375,4003.756250085644,0.18730155705833312,loss
R6_1,random,6,35,98.2544722163,100.455046983,0.02239668808006619,0.0,0.0,True,0.0625,0.9375,8766.032812500001,0.625503532556426,0.022396688076657477,0.022396688076657477,False,0.03125,0.9375,4921.971875091913,0.7139353529034539,win
R6_2,random,6,35,110.569263009,114.211258583,0.03293858957623295,0.0,0.0,True,0.0625,0.921875,7836.406250000001,0.5591696833409787,2.805174843109449e-12,2.805174843109449e-12,True,0.109375,0.9375,4472.131249940503,0.17780024777031156,win
R6_3,random,6,35,97.0839938214,97.0839938214,0.0,0.14539211420954765,0.14539211420954765,False,0.046875,0.921875,8089.823437499999,0.7759970758880166,0.039161256754003816,0.039161256754003816,False,0.03125,0.96875,4164.453124985812,0.6040567453224459,loss
R6_4,random,6,35,76.392006066,76.392006066,0.0,inf,0.14473216509784656,False,0.046875,0.921875,7938.629687499999,0.761494174953407,2.0220962730156272e-13,2.0220962730156272e-13,True,0.109375,0.984375,4637.398437353113,0.18437083911211433,loss
R6_5,random,6,35,126.455447506,139.558961104,0.10362158259238506,0.07763133621059866,0.07763133621059866,False,0.015625,1.0,7378.5359375,2.157648177797922,0.05467687755037166,0.05467687755037166,False,0.03125,0.96875,4984.728124782123,0.7230381894101416,loss
R6_6,random,6,35,131.635146015,145.715501115,0.10696501296390491,0.10307392836753401,0.10307392836753401,False,0.015625,0.953125,7363.598437500001,2.1532801202416727,0.18627297741110108,0.18627297741110108,False,0.0625,0.96875,4386.609374932959,0.31300814389527487,win
R6_7,random,6,35,84.5627913758,84.5627913758,0.0,0.0,0.0,True,0.078125,0.953125,8546.9046875,0.4838606090451534,0.06879144638052487,0.06879144638052487,False,0.0625,0.9375,4326.8234376228065,0.30874209609639236,win
R6_8,random,6,35,87.8139177832,87.8139177832,0.0,0.04659079122173879,0.04659079122173879,False,0.0625,0.828125,7803.109375,0.5567937724379428,0.00884097991189254,0.00884097991189254,False,0.109375,0.859375,4160.882812584532,0.16542582354455787,loss
R6_9,random,6,35,126.206264471,126.206264471,0.0,0.013906003615242727,0.013906003615242727,False,0.09375,0.890625,8913.0015625,0.4169632131536219,3.3848755874701358e-12,3.3848755874701358e-12,True,0.125,0.890625,4212.976562484982,0.14529522742549014,loss
R7_0,random,7,56,99.6437996973,99.8520344062,0.002089790930620749,0.05794459085502392,0.05794459085502392,False,0.0,0.96875,15287.860937500001,inf,0.057944590857104974,0.057944590857104974,False,0.015625,0.984375,7416.8187500163185,2.168842924474836,win
R7_1,random,7,56,86.9434092454,86.9434092454,0.0,0.03492223955734328,0.03492223955734328,False,0.03125,1.0,14129.645312499999,2.049514619055385,0.030063972671897605,0.030063972671897605,False,0.015625,0.96875,6806.849999975384,1.9904744821188551,loss
R7_2,random,7,56,125.703312015,125.703312015,0.0,0.10053630483094966,0.10053630483094966,False,0.015625,0.984375,15599.6328125,4.561679931806567,0.0392400326747646,0.0392400326747646,False,0.0625,0.9375,7278.773437519703,0.5193795865507381,loss
R7_3,random,7,56,121.347643858,121.347643858,0.0,0.04603250699730616,0.04603250699730616,False,0.03125,0.96875,15591.248437499999,2.2615211419151238,0.08344140801583831,0.08344140801583831,False,0.015625,0.9375,7825.525000043854,2.2883577310836545,win
R7_4,random,7,56,124.204855508,124.204855508,0.0,0.17813414159621907,0.17813414159621907,False,0.046875,0.9375,16527.5109375,1.5853621847611814,0.07149015381839673,0.07149015381839673,False,0.0,0.953125,6902.303124888931,inf,loss
R7_5,random,7,56,126.253165912,126.253165912,0.0,0.044232055795673526,0.044232055795673526,False,0.015625,0.9375,15663.467187499999,4.58034652421274,0.021713712013739547,0.021713712013739547,False,0.03125,0.96875,7876.471875079005,1.142487578245995,loss
R7_6,random,7,56,105.845365873,112.899038862,0.06664130196747052,0.10308527430564911,0.10308527430564911,False,0.015625,0.984375,15090.084375,4.412676624513038,0.035236435921602874,0.035236435921602874,False,0.03125,0.9375,7532.001562367441,1.0925219261635355,loss
R7_7,random,7,56,103.892391503,104.21741387,0.0031284520675473834,0.0031284520675473834,0.0031284520675473834,False,0.015625,0.984375,15505.46875,4.534144263540104,0.10088627473406088,0.10088627473406088,False,0.015625,0.984375,6651.424999972733,1.945024751863345,win
R7_8,random,7,56,156.208017525,156.208017525,0.0,0.019486724895620866,0.019486724895620866,False,0.015625,0.984375,14269.165624999998,4.172621705751229,0.01948672489312727,0.01948672489312727,False,0.03125,0.90625,6287.303124963728,0.9119775750949705,loss
R7_9,random,7,56,128.042059091,128.352512395,0.002424619739825894,0.0,0.0,True,0.03125,0.96875,15536.001562499996,2.2535075452914732,0.07811088362560856,0.07811088362560856,False,0.015625,0.984375,7629.598437461027,2.2310644422361277,win
R8_0,random,8,84,99.3777437275,111.554984776,0.12253489153356864,0.03776104842740117,0.03776104842740117,False,0.015625,0.96875,25351.173437499998,7.413247510859733,0.04296807340432293,0.04296807340432293,False,0.0,0.984375,11901.279687435817,inf,win
R8_1,random,8,84,114.878923006,116.00352882,0.009789487789167984,0.03318651987885445,0.03318651987885445,False,0.0,0.984375,23004.765625,inf,-3.25289118153932e-12,-3.25289118153932e-12,True,0.015625,0.953125,12225.754687506196,3.5750828548027456,loss
R8_2,random,8,84,137.99810212,142.212737071,0.03054125300458874,0.011415726577385129,0.011415726577385129,False,0.0,0.984375,24683.356249999997,inf,0.04972465962862615,0.04972465962862615,False,0.015625,0.96875,11374.781249969601,3.326239276292321,win
R8_3,random,8,84,123.746465315,124.056748496,0.002507410455807108,0.10906814959638263,0.10906814959638263,False,0.015625,1.0,24413.878125000003,7.13916149431058,0.03846951750577162,0.03846951750577162,False,0.0,1.0,12241.496875049052,inf,loss
R8_4,random,8,84,113.075871427,118.840248212,0.050977955882669464,0.058722383398006756,0.058722383398006756,False,0.03125,0.984375,25928.574999999997,3.760957358693357,0.05641942157301761,0.05641942157301761,False,0.0,0.984375,10922.573437483152,inf,loss
R8_5,random,8,84,147.140863908,161.289479613,0.09615694328019193,0.015281036363941987,0.015281036363941987,False,0.0,0.984375,25375.7796875,inf,0.038046600670938895,0.038046600670938895,False,0.0,0.984375,11038.998437470582,inf,win
R8_6,random,8,84,115.886022864,115.886022864,0.0,0.07492685353599587,0.07492685353599587,False,0.0,0.9375,22967.85,inf,0.07492685353305208,0.07492685353305208,False,0.0,0.96875,12012.318749839324,inf,loss
R8_7,random,8,84,126.840136533,130.97114185,0.032568597211539894,0.04414843747462467,0.04414843747462467,False,0.0,0.984375,24805.729687499996,inf,0.043465482684792896,0.043465482684792896,False,0.0,1.0,11393.470312441423,inf,loss
R8_8,random,8,84,141.586042221,143.30583411,0.012146620260177831,0.14756883411139682,0.14756883411139682,False,0.0,1.0,24037.1859375,inf,0.027102108979531095,0.027102108979531095,False,0.015625,0.984375,11305.51250003009,3.3059835516673672,loss
R8_9,random,8,84,119.424252246,119.424252246,0.0,0.03949922504252488,0.03949922504252488,False,0.0,0.953125,23081.604687500003,inf,0.17285875597573244,0.17285875597573244,False,0.015625,0.984375,10326.90624992938,3.019817297250929,win
R9_0,random,9,120,130.784370776,133.488844874,0.02067887838549195,0.16136029110194455,0.16136029110194455,False,0.0,0.953125,35819.7609375,inf,0.046971222442150955,0.046971222442150955,False,0.0,0.921875,15555.746874952092,inf,loss
R9_1,random,9,120,138.208322891,139.776732452,0.011348155655118968,0.06929513599953864,0.06929513599953864,False,0.0,0.9375,36093.4640625,inf,0.11424972899057756,0.11424972899057756,False,0.0,0.984375,15707.153125049444,inf,win
R9_2,random,9,120,116.476880853,123.09403196,0.05681085429606579,0.06488595775961956,0.06488595775961956,False,0.0,0.953125,36557.6359375,inf,0.0568108542955774,0.0568108542955774,False,0.0,0.96875,17248.285937512264,inf,loss
R9_3,random,9,120,146.71537545,146.71537545,0.0,0.07042908708993117,0.07042908708993117,False,0.0,0.96875,41562.6828125,inf,0.12157784417865515,0.12157784417865515,False,0.015625,0.953125,18511.714062469764,5.413237321486457,win
R9_4,random,9,120,118.394164213,118.394164213,0.0,0.09298886017889674,0.09298886017889674,False,0.0,0.96875,37334.560937500006,inf,0.1571792356429509,0.1571792356429509,False,0.0,0.96875,19231.539062502634,inf,win
R9_5,random,9,120,125.011793443,125.011793443,0.0,0.10314310010182492,0.10314310010182492,False,0.0,0.953125,38400.45625,inf,0.13095041608622787,0.13095041608622787,False,0.0,0.984375,17611.57968758198,inf,win
R9_6,random,9,120,130.276208593,135.757713263,0.04207602239273737,0.09179396999002443,0.09179396999002443,False,0.0,0.96875,36376.265625,inf,0.04399555976856269,0.04399555976856269,False,0.015625,0.984375,19027.70937499554,5.5641258385654595,loss
R9_7,random,9,120,133.426113769,133.426113769,0.0,0.14454131770178827,0.14454131770178827,False,0.0,0.90625,39062.920312500006,inf,0.12412693459714622,0.12412693459714622,False,0.0,0.96875,16853.30468740176,inf,loss
R9_8,random,9,120,109.212068944,109.212068944,0.0,0.005300474321174395,0.005300474321174395,False,0.015625,0.96875,37122.9609375,10.855580253282506,0.18249611584089737,0.18249611584089737,False,0.0,0.953125,16733.292187382176,inf,win
R9_9,random,9,120,109.147906568,109.147906568,0.0,0.08436028727004036,0.08436028727004036,False,0.0,0.96875,37623.2515625,inf,0.12595221300723014,0.12595221300723014,False,0.0,0.984375,19023.337500129855,inf,win
R10_0,random,10,165,128.963741459,144.881974477,0.12343184865693975,0.19726134034415943,0.19726134034415943,False,0.0,0.890625,58510.784375,inf,0.1378196303032142,0.1378196303032142,False,0.0,0.890625,23714.998437526447,inf,loss
R10_1,random,10,165,148.483300919,148.483300919,0.0,0.15256292341828812,0.15256292341828812,False,0.0,0.875,54959.74375,inf,inf,0.10531380789559333,False,0.0,0.859375,24573.17031257844,inf,win
R10_2,random,10,165,119.410315981,119.410315981,0.0,0.09273806745274858,0.09273806745274858,False,0.015625,0.875,55838.0546875,16.328290323281372,0.10897799813368014,0.10897799813368014,False,0.0,0.90625,22666.332812377732,inf,win
R10_3,random,10,165,140.023714919,167.538609191,0.19650167321954445,0.10936250584308763,0.10936250584308763,False,0.0,0.921875,55696.59062499999,inf,0.11675306504390025,0.11675306504390025,False,0.0,0.9375,23617.62343753071,inf,win
R10_4,random,10,165,148.897924056,174.644210322,0.17291232520016134,0.19904070709443691,0.19904070709443691,False,0.0,0.65625,55212.240625,inf,0.2702508462710741,0.2702508462710741,False,0.0,0.796875,23727.351562456533,inf,win
R10_5,random,10,165,132.52271534,132.52271534,0.0,0.29891041537573754,0.29891041537573754,False,0.015625,0.90625,58131.712499999994,16.999006931772865,0.27896762554009313,0.27896762554009313,False,0.0,0.984375,26076.58437500504,inf,loss
R10_6,random,10,165,108.767769941,108.767769941,0.0,0.11703804810841706,0.11703804810841706,False,0.0,0.890625,57896.60625,inf,0.042952358716858256,0.042952358716858256,False,0.0,0.859375,25731.251562547186,inf,loss
R10_7,random,10,165,131.696822064,137.056215202,0.04069493138866727,0.15245028194562796,0.15245028194562796,False,0.0,0.921875,55294.56093749999,inf,0.11838219873193033,0.11838219873193033,False,0.0,0.9375,24292.324999805714,inf,loss
R10_8,random,10,165,129.828351356,143.298509989,0.10375359844217462,0.14415538437117387,0.14415538437117387,False,0.0,0.78125,58380.925,inf,0.09910073182762914,0.09910073182762914,False,0.0,0.84375,23078.06875001006,inf,loss
R10_9,random,10,165,141.457329096,159.288907802,0.12605623773582364,0.1263151130605171,0.1263151130605171,False,0.0,0.875,59509.92812499999,inf,0.2630250963747347,0.2630250963747347,False,0.0,0.875,22525.656250081738,inf,win
R11_0,random,11,220,127.526169046,127.526169046,0.0,0.18819724622436443,0.18819724622436443,False,0.0,0.65625,82831.23125,inf,0.19621569014750623,0.19621569014750623,False,0.0,0.53125,34683.52656250318,inf,win
R11_1,random,11,220,118.89705526,123.304944807,0.0370731599479985,0.17945557473514845,0.17945557473514845,False,0.0,0.75,81979.95468750001,inf,0.32063071718961084,0.32063071718961084,False,0.0,0.734375,38564.72500001473,inf,win
R11_2,random,11,220,140.273781351,141.765516211,0.010634452465976628,0.3608174314653505,0.3608174314653505,False,0.0,0.75,81222.30781249999,inf,0.3086562751047525,0.3086562751047525,False,0.0,0.765625,34706.16562481155,inf,loss
R11_3,random,11,220,132.29079734,140.555709706,0.06247533866439976,0.1843713843020669,0.1843713843020669,False,0.0,0.59375,80506.04531249999,inf,0.09502346424122132,0.09502346424122132,False,0.0,0.6875,34174.46562502847,inf,loss
R11_4,random,11,220,113.40348436,113.40348436,0.0,0.3016151929549055,0.3016151929549055,False,0.0,0.640625,81709.6015625,inf,0.1103207189372126,0.1103207189372126,False,0.0,0.71875,35462.26250000473,inf,loss
R11_5,random,11,220,132.684906932,163.607651209,0.233053969679066,0.15359567477742234,0.15359567477742234,False,0.0,0.453125,84129.9484375,inf,0.19024884511255297,0.19024884511255297,False,0.0,0.53125,33481.70625008607,inf,win
R11_6,random,11,220,150.953653073,173.490472547,0.14929628409258416,0.2000867387249891,0.2000867387249891,False,0.0,0.796875,79591.50156249998,inf,0.14165047609072956,0.14165047609072956,False,0.0,0.734375,33741.367187531076,inf,loss
R11_7,random,11,220,122.94192786,122.94192786,0.0,0.3065082794855077,0.3065082794855077,False,0.0,0.75,80927.16718749999,inf,0.1209654962392853,0.1209654962392853,False,0.0,0.734375,35535.048437395744,inf,loss
R11_8,random,11,220,111.735100611,116.157784177,0.03958186408581981,0.5082142842802403,0.5082142842802403,False,0.0,0.609375,82422.1296875,inf,0.20723056547175825,0.20723056547175825,False,0.015625,0.671875,34549.1359373682,10.102936521714977,loss
R11_9,random,11,220,136.941239709,161.272350081,0.17767555211055192,0.06803386916751936,0.06803386916751936,False,0.0,0.75,81502.509375,inf,0.10463511209187144,0.10463511209187144,False,0.0,0.75,31706.28593738912,inf,win
R12_0,random,12,286,155.732308291,160.402858414,0.029990887403226887,0.4255501827158747,0.4255501827158747,False,0.0,0.671875,113865.2734375,inf,0.18968887627124412,0.18968887627124412,False,0.0,0.734375,47810.40312491314,inf,loss
R12_1,random,12,286,134.414911825,137.233593036,0.020970003794443304,0.2547288815066707,0.2547288815066707,False,0.0,0.59375,112961.08906249997,inf,0.3525870317363425,0.3525870317363425,False,0.0,0.671875,46491.20625003888,inf,win
R12_2,random,12,286,141.759153682,151.173277853,0.06640928593661155,0.3261942840793884,0.3261942840793884,False,0.0,0.375,108072.3015625,inf,0.18461771181715236,0.18461771181715236,False,0.0,0.4375,48301.05625001125,inf,loss
R12_3,random,12,286,143.041307112,168.175654252,0.17571390843289786,0.19296988871464507,0.19296988871464507,False,0.0,0.46875,115815.62187500001,inf,0.17712789241741927,0.17712789241741927,False,0.0,0.328125,45494.200000121054,inf,loss
R12_4,random,12,286,121.045179608,124.923333952,0.03203889949652885,0.22798148793176848,0.22798148793176848,False,0.0,0.546875,116312.6640625,inf,0.07587584292181984,0.07587584292181984,False,0.0,0.578125,45520.88281252509,inf,loss
R12_5,random,12,286,110.089402836,111.278650337,0.010802561103647886,0.1807521726286711,0.1807521726286711,False,0.0,0.609375,115351.46406249999,inf,0.31173663876547336,0.31173663876547336,False,0.0,0.703125,49640.52187483502,inf,win
R12_6,random,12,286,140.466496981,158.816677056,0.13063741510890037,0.31032335153838236,0.31032335153838236,False,0.0,0.40625,110983.60781249999,inf,0.3242084530867997,0.3242084530867997,False,0.0,0.53125,47343.287500098086,inf,win
R12_7,random,12,286,136.55578543,137.162722836,0.0044446114391186835,0.19790173396829927,0.19790173396829927,False,0.0,0.578125,112917.82500000001,inf,0.16134343085932834,0.16134343085932834,False,0.0,0.609375,44707.74531250755,inf,loss
R12_8,random,12,286,125.524165839,129.370375439,0.030641188286669927,0.1190857466376061,0.1190857466376061,False,0.0,0.5,116815.10937499999,inf,0.19003822406692467,0.19003822406692467,False,0.0,0.546875,46304.7890625603,inf,win
R12_9,random,12,286,120.0298762,120.0298762,0.0,0.21150193214978924,0.21150193214978924,False,0.0,0.65625,111796.3234375,inf,0.3721180234305848,0.3721180234305848,False,0.0,0.671875,45942.098437535606,inf,win
