sensor,V,B,pipe,target,n,Z,AUC,loc_hits,med_dist,Zw,AUCw,locw_hits,med_wdist,net_photons_med,detected,localised,detected_w,localised_w
far,inf,1e+10,P1,person,8,0.19860150395447368,0.734375,0,4.1349,0.8512109641901215,0.734375,0,4.60815,230.57395,False,False,False,False
far,inf,1e+10,P1,vehicle,8,-0.18246234438111286,0.546875,0,4.6472999999999995,-0.6622140819332221,0.46875,0,2.4627499999999998,207.3617,False,False,False,False
far,inf,1e+10,P2,person,8,-0.04146039760661911,0.546875,0,3.50665,1.0580034186694875,0.640625,0,4.07785,230.57395,False,False,False,False
far,inf,1e+10,P2,vehicle,8,-0.13432475539340288,0.5,0,4.55455,0.6276979704160497,0.65625,0,1.7318500000000001,207.3617,False,False,False,False
far,inf,1e+11,P1,person,8,0.3252423104999893,0.5625,0,3.8933,-0.1545063296502465,0.46875,0,3.9508,2305.7394999999997,False,False,False,False
far,inf,1e+11,P1,vehicle,8,-0.06108563941546393,0.625,0,4.7057,1.4089091665544662,0.609375,1,2.26145,2073.617,False,False,False,False
far,inf,1e+11,P2,person,8,-0.4476501794669822,0.328125,0,3.64315,-0.38962952359734804,0.40625,0,3.49025,2305.7394999999997,False,False,False,False
far,inf,1e+11,P2,vehicle,8,-0.7291294873445173,0.359375,0,4.4226,-0.3559868021528211,0.4375,0,2.1581,2073.617,False,False,False,False
far,inf,1e+12,P1,person,8,0.40556343613891793,0.625,0,4.16615,-0.2862942322111902,0.453125,1,3.1896,23057.394999999997,False,False,False,False
far,inf,1e+12,P1,vehicle,8,0.8022396635053366,0.6875,0,4.5431,-0.2802605899092763,0.515625,0,2.18665,20736.17,False,False,False,False
far,inf,1e+12,P2,person,8,1.4086880846393934,0.734375,0,3.9097999999999997,-0.06584520406213352,0.5,0,2.3289999999999997,23057.394999999997,False,False,False,False
far,inf,1e+12,P2,vehicle,8,0.13470152633990756,0.53125,0,4.34605,0.3130297491862569,0.59375,2,2.80145,20736.17,False,False,False,False
far,inf,1e+13,P1,person,8,0.00700507016563152,0.5,0,4.0109,0.4446893797083078,0.59375,0,2.8229499999999996,230573.95,False,False,False,False
far,inf,1e+13,P1,vehicle,8,0.32293880229905636,0.671875,0,4.69315,-0.23890680025047928,0.453125,0,3.4491500000000004,207361.7,False,False,False,False
far,inf,1e+13,P2,person,8,-0.3069914274559347,0.484375,0,3.56875,-0.37020025858866695,0.515625,0,2.92285,230573.95,False,False,False,False
far,inf,1e+13,P2,vehicle,8,0.007435470396684552,0.453125,0,4.4715,0.2019176723186956,0.609375,2,2.06265,207361.7,False,False,False,False
far,50,1e+10,P1,person,8,-0.33107155824020756,0.5,0,3.5816,0.587771674119603,0.765625,0,4.8999500000000005,18.992385,False,False,False,False
far,50,1e+10,P1,vehicle,8,-0.11950246245830504,0.5,0,4.4163,0.839793567578037,0.796875,0,2.4613,14.92247,False,False,False,False
far,50,1e+10,P2,person,8,-0.6812886391953035,0.359375,0,3.4641,-0.4175048709692058,0.453125,0,4.532500000000001,18.992385,False,False,False,False
far,50,1e+10,P2,vehicle,8,-0.4869129404656795,0.40625,0,4.75985,-0.14291162128971777,0.515625,0,2.4099000000000004,14.92247,False,False,False,False
far,50,1e+11,P1,person,8,0.3127976787146009,0.640625,0,3.57195,-0.295929393315113,0.34375,0,4.9515,189.92385,False,False,False,False
far,50,1e+11,P1,vehicle,8,0.361579499012897,0.640625,0,4.48445,-0.1566061462492393,0.421875,0,1.051,149.22469999999998,False,False,False,False
far,50,1e+11,P2,person,8,0.3982689362183017,0.609375,0,3.22555,0.8589552779927069,0.75,0,3.03545,189.92385,False,False,False,False
far,50,1e+11,P2,vehicle,8,0.4831181479398653,0.671875,0,4.62845,2.0529965475890135,0.890625,0,1.803,149.22469999999998,False,False,False,False
far,50,1e+12,P1,person,8,0.1423630446876066,0.546875,0,3.7542,0.9436893236874657,0.78125,0,3.8217499999999998,1899.2385,False,False,False,False
far,50,1e+12,P1,vehicle,8,-0.1498759637421339,0.5625,0,4.425,1.0069589818130307,0.78125,0,3.0808999999999997,1492.2469999999998,False,False,False,False
far,50,1e+12,P2,person,8,0.3979221926804821,0.734375,0,3.9745999999999997,0.7105230605381333,0.640625,1,3.23725,1899.2385,False,False,False,False
far,50,1e+12,P2,vehicle,8,0.3134885540836832,0.625,0,4.721299999999999,0.7889248475098476,0.703125,0,2.84335,1492.2469999999998,False,False,False,False
far,50,1e+13,P1,person,8,1.1733406856333515,0.8125,0,3.96355,-1.2248900049788962,0.171875,0,3.2099,18992.385000000002,False,False,False,False
far,50,1e+13,P1,vehicle,8,0.6210444132385534,0.71875,0,4.57305,-0.5068956333964796,0.25,0,2.5567,14922.470000000001,False,False,False,False
far,50,1e+13,P2,person,8,-0.8337396077874032,0.28125,0,3.89315,-0.40705737240823103,0.4375,0,3.5802500000000004,18992.385000000002,False,False,False,False
far,50,1e+13,P2,vehicle,8,-1.0605879283468564,0.234375,0,4.2316,-0.47077156190640285,0.453125,1,2.62745,14922.470000000001,False,False,False,False
far,30,1e+10,P1,person,8,-0.5457224438475888,0.421875,0,3.8701,0.22300072333599857,0.5625,0,4.1192,3.5551615,False,False,False,False
far,30,1e+10,P1,vehicle,8,0.25725215788919975,0.671875,0,4.4023,-0.2322762307162716,0.484375,2,0.89655,2.5618605,False,False,False,False
far,30,1e+10,P2,person,8,0.32309096119665537,0.53125,0,3.96655,0.008860589134090087,0.53125,0,3.6456,3.5551615,False,False,False,False
far,30,1e+10,P2,vehicle,8,0.39761476793553424,0.671875,0,4.4933499999999995,-0.20978624792729034,0.4375,0,1.59195,2.5618605,False,False,False,False
far,30,1e+11,P1,person,8,0.8378870438710592,0.65625,0,4.3275500000000005,0.0735896317644622,0.671875,0,5.5356000000000005,35.551615,False,False,False,False
far,30,1e+11,P1,vehicle,8,0.1221229578388158,0.546875,0,4.3994,0.46647968057305994,0.765625,1,2.14095,25.618605000000002,False,False,False,False
far,30,1e+11,P2,person,8,-0.4236528252064973,0.4375,0,4.01495,-0.67853450905917,0.421875,0,4.08645,35.551615,False,False,False,False
far,30,1e+11,P2,vehicle,8,-0.2854273279468551,0.5,0,4.1561,-0.8921197194382553,0.3125,1,2.504,25.618605000000002,False,False,False,False
far,30,1e+12,P1,person,8,0.11313073591023048,0.546875,0,3.6588000000000003,0.554124710798026,0.703125,0,4.1226,355.51615000000004,False,False,False,False
far,30,1e+12,P1,vehicle,8,0.5778138418144741,0.59375,0,4.7011,0.2585870041269376,0.609375,0,2.3465,256.18605,False,False,False,False
far,30,1e+12,P2,person,8,-0.28836759349421515,0.375,0,3.9010999999999996,-0.7134030905272185,0.3125,0,3.26785,355.51615000000004,False,False,False,False
far,30,1e+12,P2,vehicle,8,0.053145535467324374,0.5,0,4.66225,0.12457502294880915,0.5,0,2.18455,256.18605,False,False,False,False
far,30,1e+13,P1,person,8,-0.8459592586168655,0.296875,0,3.94055,-0.2543297193982937,0.53125,0,2.9396500000000003,3555.1615,False,False,False,False
far,30,1e+13,P1,vehicle,8,-0.12875965620708538,0.46875,0,4.64785,0.2601314179970488,0.65625,1,1.71445,2561.8605,False,False,False,False
far,30,1e+13,P2,person,8,-0.5545696889165185,0.359375,0,3.8518499999999998,-0.3547094242114498,0.5,0,2.7996499999999997,3555.1615,False,False,False,False
far,30,1e+13,P2,vehicle,8,0.17182956171170358,0.515625,0,4.51985,-0.30510122138219464,0.5,1,1.8521,2561.8605,False,False,False,False
far,20,1e+10,P1,person,8,1.252391709067957,0.640625,0,4.07715,-0.04381596519899337,0.546875,0,3.70775,0.4368187,False,False,False,False
far,20,1e+10,P1,vehicle,8,0.5603806229481236,0.578125,0,4.32855,-0.538602365235592,0.34375,2,1.7536,0.28244749999999996,False,False,False,False
far,20,1e+10,P2,person,8,-0.9032951462539145,0.28125,0,3.88715,-0.23409423736455195,0.421875,0,3.7178,0.4368187,False,False,False,False
far,20,1e+10,P2,vehicle,8,-0.21407436213981645,0.546875,0,4.5845,-0.13096743019959864,0.484375,1,1.7857500000000002,0.28244749999999996,False,False,False,False
far,20,1e+11,P1,person,8,0.8014400709303188,0.796875,0,3.80735,-0.28056250821488105,0.4375,0,3.9798999999999998,4.368187,False,False,False,False
far,20,1e+11,P1,vehicle,8,0.7404151306807314,0.734375,0,4.6000499999999995,-0.12198045483273126,0.4375,1,2.7102500000000003,2.824475,False,False,False,False
far,20,1e+11,P2,person,8,0.707396130256379,0.671875,0,4.2040500000000005,-0.03113428398361627,0.609375,1,4.04495,4.368187,False,False,False,False
far,20,1e+11,P2,vehicle,8,1.1364698267306492,0.734375,0,4.52825,-0.5839374089430781,0.359375,0,1.7976,2.824475,False,False,False,False
far,20,1e+12,P1,person,8,-0.28775309453927006,0.40625,0,3.8365,-0.4424463797064223,0.453125,0,2.8072999999999997,43.68187,False,False,False,False
far,20,1e+12,P1,vehicle,8,0.09310011484260212,0.484375,0,4.55865,0.20384271223766778,0.5625,0,1.8188499999999999,28.24475,False,False,False,False
far,20,1e+12,P2,person,8,-0.303029612532892,0.484375,0,3.94185,-0.6758104404311104,0.34375,0,3.62115,43.68187,False,False,False,False
far,20,1e+12,P2,vehicle,8,-0.48139291618044233,0.40625,0,4.23425,-0.5529656656867857,0.40625,1,2.1561000000000003,28.24475,False,False,False,False
far,20,1e+13,P1,person,8,1.2258721524885268,0.78125,0,3.9652,0.39143867854356224,0.59375,0,3.23495,436.8187,False,False,False,False
far,20,1e+13,P1,vehicle,8,0.022478596160890377,0.453125,0,4.596550000000001,-0.7144331594938249,0.421875,0,2.0749,282.4475,False,False,False,False
far,20,1e+13,P2,person,8,-0.4451746775855371,0.359375,0,3.8560499999999998,-0.2473453660595021,0.484375,0,2.6960499999999996,436.8187,False,False,False,False
far,20,1e+13,P2,vehicle,8,-0.4257283314261264,0.421875,0,4.5184,0.160246220818509,0.578125,1,2.1686,282.4475,False,False,False,False
far,15,1e+10,P1,person,8,-0.607147296612975,0.296875,0,3.4057,-0.11397462437956439,0.421875,0,4.11935,0.0536503,False,False,False,False
far,15,1e+10,P1,vehicle,8,-0.24023792095800256,0.453125,0,4.27355,-0.22299851833711126,0.421875,0,2.1256,0.031159765,False,False,False,False
far,15,1e+10,P2,person,8,-0.5841725387807061,0.28125,0,3.64955,-0.3274770893412939,0.453125,0,4.277,0.0536503,False,False,False,False
far,15,1e+10,P2,vehicle,8,-0.34254352808478855,0.53125,0,4.1431000000000004,-0.48186988296675076,0.328125,1,1.70805,0.031159765,False,False,False,False
far,15,1e+11,P1,person,8,-0.8232354167464547,0.28125,0,3.70945,-0.024035301260865526,0.75,0,2.79185,0.536503,False,False,False,False
far,15,1e+11,P1,vehicle,8,-0.31402941738495715,0.484375,0,4.5423,-0.5168791950694017,0.453125,1,2.17535,0.31159765,False,False,False,False
far,15,1e+11,P2,person,8,0.3357559322962606,0.59375,0,4.0226500000000005,-0.6850672253272504,0.3125,0,3.65515,0.536503,False,False,False,False
far,15,1e+11,P2,vehicle,8,0.3791823842607975,0.6875,0,4.58955,-0.8605891001248421,0.34375,0,2.01985,0.31159765,False,False,False,False
far,15,1e+12,P1,person,8,0.1482657880420361,0.59375,0,4.0939,1.2792091065656999,0.734375,0,2.9977,5.36503,False,False,False,False
far,15,1e+12,P1,vehicle,8,-0.4722866286442166,0.390625,0,4.2623,2.133622407307787,0.84375,1,2.23135,3.1159765,False,False,False,False
far,15,1e+12,P2,person,8,-0.0022110993832714088,0.5,0,3.8836,0.0051611011499472,0.46875,0,2.58785,5.36503,False,False,False,False
far,15,1e+12,P2,vehicle,8,0.12919137825128502,0.59375,0,4.512499999999999,-0.6463724341671301,0.390625,2,1.7174,3.1159765,False,False,False,False
far,15,1e+13,P1,person,8,-0.6137151061575964,0.4375,0,3.70235,-0.2999945917399924,0.5,0,2.61115,53.6503,False,False,False,False
far,15,1e+13,P1,vehicle,8,0.2373059888094349,0.546875,0,4.61485,0.0626884781924427,0.53125,2,1.56545,31.159765,False,False,False,False
far,15,1e+13,P2,person,8,0.7983463542158187,0.671875,0,3.9406,-0.7018469344892763,0.296875,1,2.90555,53.6503,False,False,False,False
far,15,1e+13,P2,vehicle,8,0.17775176352237634,0.546875,0,4.15115,-0.4324667969585452,0.3125,0,1.79385,31.159765,False,False,False,False
far,10,1e+10,P1,person,8,0.31685006144345945,0.59375,0,3.2280499999999996,0.36515309148098596,0.59375,0,3.2280499999999996,0.0008112593,False,False,False,False
far,10,1e+10,P1,vehicle,8,0.4287622674456901,0.625,1,2.2184,0.3505450686205071,0.625,1,2.2184,0.0003759147,False,False,False,False
far,10,1e+10,P2,person,8,0.5330998093634132,0.65625,0,2.2548500000000002,0.5300482144845994,0.640625,0,2.2548500000000002,0.0008112593,False,False,False,False
far,10,1e+10,P2,vehicle,8,-0.07683862161899296,0.578125,1,1.3769,-0.042978947965847114,0.578125,1,1.4907,0.0003759147,False,False,False,False
far,10,1e+11,P1,person,8,-0.09138370831138294,0.5,0,2.9068,-0.03770919181422944,0.5,0,2.9068,0.008112593,False,False,False,False
far,10,1e+11,P1,vehicle,8,-0.21158330312749576,0.4375,1,1.73905,-0.12444116486853285,0.453125,2,1.1673,0.003759147,False,False,False,False
far,10,1e+11,P2,person,8,-0.38534430048447826,0.390625,0,2.76175,-0.32120326401255483,0.453125,0,2.76175,0.008112593,False,False,False,False
far,10,1e+11,P2,vehicle,8,0.5006669596193535,0.578125,0,1.9255999999999998,1.109843938189158,0.640625,0,1.9255999999999998,0.003759147,False,False,False,False
far,10,1e+12,P1,person,8,-0.4979577320187388,0.390625,0,2.9844,-0.538722764748455,0.390625,0,2.9844,0.08112593,False,False,False,False
far,10,1e+12,P1,vehicle,8,-0.07199132920484887,0.53125,1,2.4126,-0.056697551977867945,0.578125,1,2.4126,0.03759147,False,False,False,False
far,10,1e+12,P2,person,8,-0.1897612723612108,0.453125,0,3.1451000000000002,-0.1284416399823499,0.4375,0,2.28435,0.08112593,False,False,False,False
far,10,1e+12,P2,vehicle,8,-0.9708799182814623,0.375,0,1.0425,-0.9391169666183518,0.359375,0,1.0425,0.03759147,False,False,False,False
far,10,1e+13,P1,person,8,0.26420878122320635,0.578125,0,3.20055,0.563725894463277,0.65625,0,3.20055,0.8112593,False,False,False,False
far,10,1e+13,P1,vehicle,8,-0.36609351658989536,0.484375,0,2.8067,-0.36646077669346433,0.515625,0,2.4665,0.37591470000000005,False,False,False,False
far,10,1e+13,P2,person,8,-1.086968020530069,0.375,0,2.77325,-0.5725359246485181,0.4375,0,2.7789,0.8112593,False,False,False,False
far,10,1e+13,P2,vehicle,8,0.706030207196147,0.578125,1,1.3919000000000001,0.9252732906923925,0.578125,1,1.3919000000000001,0.37591470000000005,False,False,False,False
far,5,1e+10,P1,person,8,0.7343275077629928,0.703125,1,3.1447000000000003,0.7275864141356594,0.703125,1,3.1447000000000003,2.7082105000000003e-09,False,False,False,False
far,5,1e+10,P1,vehicle,8,-0.5799644186403392,0.296875,0,2.66295,-0.6367456205231884,0.28125,0,2.8735,7.096551499999999e-10,False,False,False,False
far,5,1e+10,P2,person,8,-0.08771379175025605,0.515625,0,3.7794499999999998,-0.10073580197120108,0.5,0,3.7794499999999998,2.7082105000000003e-09,False,False,False,False
far,5,1e+10,P2,vehicle,8,0.4318467185783259,0.671875,1,1.65375,0.3880695329581241,0.65625,1,1.65375,7.096551499999999e-10,False,False,False,False
far,5,1e+11,P1,person,8,0.2118427456015272,0.5625,0,3.1963,0.11930777785478774,0.5625,0,2.8775,2.7082105e-08,False,False,False,False
far,5,1e+11,P1,vehicle,8,-0.5710308840188845,0.390625,1,1.8844500000000002,-0.595980317459411,0.40625,1,1.8844500000000002,7.0965515e-09,False,False,False,False
far,5,1e+11,P2,person,8,0.5536151882893792,0.640625,0,3.2782,0.6458175370600859,0.671875,0,3.2782,2.7082105e-08,False,False,False,False
far,5,1e+11,P2,vehicle,8,-0.31623201259975137,0.4375,1,2.0497,-0.3101083902344437,0.40625,1,2.0497,7.0965515e-09,False,False,False,False
far,5,1e+12,P1,person,8,-0.11804690642686656,0.515625,0,2.614,-0.17219485725818098,0.53125,0,2.614,2.7082105e-07,False,False,False,False
far,5,1e+12,P1,vehicle,8,-0.0639909307938503,0.53125,1,2.9728,-0.06573274607830203,0.546875,1,2.9728,7.0965515e-08,False,False,False,False
far,5,1e+12,P2,person,8,0.776464745057349,0.734375,0,2.31305,0.7630860895712346,0.71875,0,2.31305,2.7082105e-07,False,False,False,False
far,5,1e+12,P2,vehicle,8,0.06922014829390827,0.546875,0,2.23285,0.019078053167367565,0.515625,0,2.23285,7.0965515e-08,False,False,False,False
far,5,1e+13,P1,person,8,-0.3806075299136861,0.4375,2,1.48015,-0.4295537995735847,0.421875,2,1.48015,2.7082105e-06,False,False,False,False
far,5,1e+13,P1,vehicle,8,-0.3564774206204412,0.453125,1,2.5345,-0.3831234816248776,0.46875,2,2.5297,7.0965515e-07,False,False,False,False
far,5,1e+13,P2,person,8,-0.41461202476957876,0.421875,0,3.4400000000000004,-0.36430249677635357,0.484375,0,3.4400000000000004,2.7082105e-06,False,False,False,False
far,5,1e+13,P2,vehicle,8,-0.2560555256450387,0.453125,2,1.7345,-0.2940969187852686,0.46875,2,1.7345,7.0965515e-07,False,False,False,False
near,inf,1e+10,P1,person,8,-0.21873276152216295,0.546875,0,3.7846,-0.1043238985930807,0.484375,0,4.07665,230.57395,False,False,False,False
near,inf,1e+10,P1,vehicle,8,-0.43616089964514543,0.40625,0,4.34675,-0.36629612302830333,0.515625,0,2.87115,207.3617,False,False,False,False
near,inf,1e+10,P2,person,8,-0.5363485163496314,0.375,0,4.415699999999999,0.32138473335056855,0.5625,0,4.06895,230.57395,False,False,False,False
near,inf,1e+10,P2,vehicle,8,-0.23606361929714256,0.421875,0,4.53395,-0.7032425575238834,0.359375,2,1.43055,207.3617,False,False,False,False
near,inf,1e+11,P1,person,8,1.5484447041056464,0.84375,0,4.0031,-0.3149103586947395,0.59375,0,3.1263,2305.7394999999997,False,False,False,False
near,inf,1e+11,P1,vehicle,8,0.24757404098089825,0.578125,0,4.1747,0.7469830225475472,0.671875,2,1.37825,2073.617,False,False,False,False
near,inf,1e+11,P2,person,8,-0.10378567209138113,0.484375,0,3.605,0.390294551842277,0.609375,1,2.44025,2305.7394999999997,False,False,False,False
near,inf,1e+11,P2,vehicle,8,-0.28856631280286676,0.484375,0,4.6768,0.33856549352843734,0.625,1,2.2722,2073.617,False,False,False,False
near,inf,1e+12,P1,person,8,0.2970286879171014,0.625,0,4.0286,-0.7155504805947129,0.34375,0,3.1630000000000003,23057.394999999997,False,False,False,False
near,inf,1e+12,P1,vehicle,8,0.23289582630260083,0.546875,0,4.3431,-0.24565514158822624,0.5,1,1.17005,20736.17,False,False,False,False
near,inf,1e+12,P2,person,8,-0.026785347941946216,0.453125,0,3.8706,-0.9269888368910673,0.25,0,3.21205,23057.394999999997,False,False,False,False
near,inf,1e+12,P2,vehicle,8,0.6103314211524454,0.65625,0,4.1352,0.06562480174750106,0.515625,0,2.4477,20736.17,False,False,False,False
near,inf,1e+13,P1,person,8,0.7690632366474391,0.71875,0,3.96975,-0.04885873477556894,0.484375,0,3.4023,230573.95,False,False,False,False
near,inf,1e+13,P1,vehicle,8,0.2442182731215777,0.5625,0,4.5547,0.6790468556180933,0.65625,1,2.9198500000000003,207361.7,False,False,False,False
near,inf,1e+13,P2,person,8,-0.16223182262295233,0.46875,0,4.38225,-0.3751598005058486,0.421875,0,3.1924,230573.95,False,False,False,False
near,inf,1e+13,P2,vehicle,8,-0.1429134256520756,0.40625,0,4.54115,-0.7967785679686891,0.296875,0,2.6858,207361.7,False,False,False,False
near,50,1e+10,P1,person,8,0.2582509619743498,0.671875,0,4.11725,-0.3444705662818057,0.453125,0,5.47555,51.105095,False,False,False,False
near,50,1e+10,P1,vehicle,8,0.5599187876426153,0.640625,0,4.37645,-0.12824981350615208,0.515625,0,2.1971,40.332584999999995,False,False,False,False
near,50,1e+10,P2,person,8,0.05429656256217388,0.453125,0,3.7483000000000004,0.7893280522054501,0.671875,0,5.1352,51.105095,False,False,False,False
near,50,1e+10,P2,vehicle,8,0.30610984433612154,0.609375,0,4.650499999999999,0.14544272384212978,0.59375,1,2.2406,40.332584999999995,False,False,False,False
near,50,1e+11,P1,person,8,-0.801632408597154,0.3125,0,4.0466999999999995,-0.2687401228023267,0.46875,0,4.58975,511.05095,False,False,False,False
near,50,1e+11,P1,vehicle,8,0.0629802775499824,0.578125,0,4.3665,0.7565859751242175,0.671875,1,2.29645,403.32585,False,False,False,False
near,50,1e+11,P2,person,8,-0.2566357857460753,0.390625,0,3.99625,0.3605709802215885,0.78125,0,3.5905,511.05095,False,False,False,False
near,50,1e+11,P2,vehicle,8,-0.43979826478878037,0.5,0,4.77585,0.545828246971972,0.625,0,1.40445,403.32585,False,False,False,False
near,50,1e+12,P1,person,8,0.2540709815572737,0.5625,0,4.02665,-0.15089883593077294,0.453125,0,3.83125,5110.5095,False,False,False,False
near,50,1e+12,P1,vehicle,8,-1.0287547739690144,0.265625,0,4.34135,0.18322065596557022,0.578125,3,1.771,4033.2585,False,False,False,False
near,50,1e+12,P2,person,8,-1.219741888409344,0.234375,0,3.7340999999999998,1.2688945007371089,0.75,0,2.3345,5110.5095,False,False,False,False
near,50,1e+12,P2,vehicle,8,-0.5406736845990022,0.34375,0,4.4008,0.8069141701442631,0.625,1,2.0472,4033.2585,False,False,False,False
near,50,1e+13,P1,person,8,-0.9265865580471861,0.375,0,3.7817,-1.0189872743183594,0.3125,0,2.4465000000000003,51105.095,False,False,False,False
near,50,1e+13,P1,vehicle,8,-0.007758248146917253,0.515625,0,4.6389499999999995,0.10836376304826156,0.515625,2,2.01695,40332.585,False,False,False,False
near,50,1e+13,P2,person,8,0.2144628032550008,0.5625,0,3.5956,0.426002275464806,0.625,0,2.5698999999999996,51105.095,False,False,False,False
near,50,1e+13,P2,vehicle,8,-1.2786726659555814,0.203125,0,4.7593499999999995,0.5405967272078094,0.703125,0,2.40955,40332.585,False,False,False,False
near,30,1e+10,P1,person,8,-0.2952105395626169,0.390625,0,3.93135,-0.438877598945814,0.28125,0,4.613849999999999,18.488995,False,False,False,False
near,30,1e+10,P1,vehicle,8,-0.23663920780317133,0.515625,0,4.62615,-0.24539179811353065,0.34375,1,1.7522,13.414915,False,False,False,False
near,30,1e+10,P2,person,8,0.3060288174587391,0.484375,0,3.67475,-0.3668873942051277,0.421875,0,4.774100000000001,18.488995,False,False,False,False
near,30,1e+10,P2,vehicle,8,0.1713759640424843,0.515625,0,4.4572,0.7644791984471451,0.671875,0,1.9609999999999999,13.414915,False,False,False,False
near,30,1e+11,P1,person,8,0.4375658916773933,0.65625,0,3.6648,-0.3305840743749104,0.453125,0,3.954,184.88995,False,False,False,False
near,30,1e+11,P1,vehicle,8,0.549248971768469,0.640625,0,4.56235,0.36538510851255823,0.609375,0,2.32575,134.14915,False,False,False,False
near,30,1e+11,P2,person,8,-1.0539658553197162,0.265625,0,3.9213,-0.8507043302348,0.359375,0,3.5583,184.88995,False,False,False,False
near,30,1e+11,P2,vehicle,8,-0.7503864509145515,0.359375,0,4.519299999999999,0.0918128232322374,0.53125,0,1.98935,134.14915,False,False,False,False
near,30,1e+12,P1,person,8,-0.150566250668708,0.53125,0,3.6558,0.3440427123869866,0.59375,0,3.4524999999999997,1848.8995,False,False,False,False
near,30,1e+12,P1,vehicle,8,0.6483324266184429,0.65625,0,4.2088,1.0434029451511695,0.640625,0,2.50375,1341.4915,False,False,False,False
near,30,1e+12,P2,person,8,0.23975462745194653,0.703125,0,4.01435,-0.019920059747822922,0.53125,0,3.1973000000000003,1848.8995,False,False,False,False
near,30,1e+12,P2,vehicle,8,-0.16684894775259748,0.5625,0,4.44365,0.8646716200271669,0.71875,1,1.9764000000000002,1341.4915,False,False,False,False
near,30,1e+13,P1,person,8,-1.0282996178012227,0.25,0,4.375,-0.34503724690064697,0.40625,0,3.05505,18488.995000000003,False,False,False,False
near,30,1e+13,P1,vehicle,8,-0.7283982230917603,0.25,0,4.53115,-1.0083474098760872,0.203125,1,1.33895,13414.915,False,False,False,False
near,30,1e+13,P2,person,8,0.7752397030147258,0.75,0,3.74,0.15969322395663874,0.515625,0,2.1832000000000003,18488.995000000003,False,False,False,False
near,30,1e+13,P2,vehicle,8,0.26334242730565177,0.625,0,4.7349,0.021903286507333246,0.578125,0,2.30795,13414.915,False,False,False,False
near,20,1e+10,P1,person,8,-0.24211271021871597,0.53125,0,4.099600000000001,-1.0178098926284478,0.3125,0,4.645,5.1718165,False,False,False,False
near,20,1e+10,P1,vehicle,8,0.08010132018463814,0.53125,0,4.6633,-0.6948728696847717,0.34375,0,2.3983999999999996,3.375585,False,False,False,False
near,20,1e+10,P2,person,8,-0.21922464519451806,0.40625,0,3.9239,-0.9848064182012737,0.296875,0,4.80285,5.1718165,False,False,False,False
near,20,1e+10,P2,vehicle,8,-0.38368536176071116,0.421875,0,4.3948,-0.642212565276715,0.34375,2,1.52705,3.375585,False,False,False,False
near,20,1e+11,P1,person,8,1.1756333231046583,0.734375,0,3.7154,-0.817834226642596,0.390625,0,5.148149999999999,51.718165,False,False,False,False
near,20,1e+11,P1,vehicle,8,0.5511001311886847,0.609375,0,4.69365,-0.3217842288895722,0.5,0,2.026,33.755849999999995,False,False,False,False
near,20,1e+11,P2,person,8,-0.4578002056985354,0.359375,0,4.267799999999999,0.8299709942738758,0.828125,0,4.78225,51.718165,False,False,False,False
near,20,1e+11,P2,vehicle,8,-0.2595334662846337,0.484375,0,4.5394000000000005,-0.22802179270919679,0.5,3,1.2098499999999999,33.755849999999995,False,False,False,False
near,20,1e+12,P1,person,8,0.23373957953563193,0.5,0,3.73675,0.3745227443679653,0.59375,0,3.07435,517.18165,False,False,False,False
near,20,1e+12,P1,vehicle,8,-0.13398801132037358,0.375,0,4.56925,-0.2481400144533611,0.46875,0,2.50945,337.5585,False,False,False,False
near,20,1e+12,P2,person,8,-0.19026647894732088,0.515625,0,3.65055,-0.8683690409650813,0.234375,0,2.7817,517.18165,False,False,False,False
near,20,1e+12,P2,vehicle,8,0.5232827953033596,0.53125,0,4.4475,-0.8446395677857793,0.28125,2,1.6194,337.5585,False,False,False,False
near,20,1e+13,P1,person,8,-0.03141885808538547,0.46875,0,4.0318000000000005,0.1472491986772245,0.515625,0,2.8274,5171.8165,False,False,False,False
near,20,1e+13,P1,vehicle,8,-0.5129896059829525,0.390625,0,4.444100000000001,0.9535710455117689,0.75,0,2.4334,3375.585,False,False,False,False
near,20,1e+13,P2,person,8,0.48486263878830954,0.578125,0,3.8922999999999996,0.12566010275064976,0.4375,0,3.96495,5171.8165,False,False,False,False
near,20,1e+13,P2,vehicle,8,1.7909010772662126,0.90625,0,4.5685,-0.7535731151688391,0.3125,3,1.1975500000000001,3375.585,False,False,False,False
near,15,1e+10,P1,person,8,-0.8329229709967314,0.21875,0,3.70725,1.145344823767275,0.703125,0,3.8787,1.444709,False,False,False,False
near,15,1e+10,P1,vehicle,8,-0.23271345724774756,0.484375,0,4.4808,1.1793656941717245,0.625,2,1.19535,0.84867795,False,False,False,False
near,15,1e+10,P2,person,8,-0.8888956203544613,0.328125,0,4.0957,-0.34827933496766117,0.34375,0,3.5765000000000002,1.444709,False,False,False,False
near,15,1e+10,P2,vehicle,8,-0.5805110392575258,0.234375,0,4.49045,0.5325815731258398,0.578125,0,2.5868,0.84867795,False,False,False,False
near,15,1e+11,P1,person,8,0.34665862629627153,0.59375,0,3.8186999999999998,0.4748338026243761,0.578125,0,4.2812,14.44709,False,False,False,False
near,15,1e+11,P1,vehicle,8,-0.07152647522520447,0.5625,0,4.520250000000001,0.05846477644253196,0.5,2,1.604,8.4867795,False,False,False,False
near,15,1e+11,P2,person,8,-1.3760174439406705,0.25,0,3.7427,1.4472748346016215,0.640625,0,4.1412,14.44709,False,False,False,False
near,15,1e+11,P2,vehicle,8,0.3586424086565833,0.625,0,4.4774,-0.35010177253875235,0.515625,0,2.0199,8.4867795,False,False,False,False
near,15,1e+12,P1,person,8,-0.5930898759115688,0.359375,0,3.6142000000000003,-0.004251308709992518,0.53125,0,2.8485,144.4709,False,False,False,False
near,15,1e+12,P1,vehicle,8,-0.33762407574684516,0.453125,0,4.5107,0.46739096306496214,0.6875,0,1.58765,84.867795,False,False,False,False
near,15,1e+12,P2,person,8,-0.7540680344090915,0.328125,0,3.9848,-0.73853970723254,0.25,0,3.0313,144.4709,False,False,False,False
near,15,1e+12,P2,vehicle,8,-0.10496880901790744,0.5625,0,4.640499999999999,-0.9072448604233856,0.25,1,2.5008,84.867795,False,False,False,False
near,15,1e+13,P1,person,8,0.7753050614778716,0.6875,0,3.7729,-1.0366608577762206,0.265625,0,2.97865,1444.709,False,False,False,False
near,15,1e+13,P1,vehicle,8,-0.02085745786337761,0.5625,0,4.67365,-0.16124138294359203,0.421875,0,2.56355,848.67795,False,False,False,False
near,15,1e+13,P2,person,8,-1.0887151793884946,0.25,0,3.86355,-0.3116431327645793,0.46875,0,3.1727999999999996,1444.709,False,False,False,False
near,15,1e+13,P2,vehicle,8,-0.046178541039728876,0.53125,0,4.502800000000001,-0.0665740298991938,0.53125,0,2.1632,848.67795,False,False,False,False
near,10,1e+10,P1,person,8,0.6713312676201018,0.6875,0,3.8399,0.40471138032430065,0.578125,0,4.8149,0.11268325,False,False,False,False
near,10,1e+10,P1,vehicle,8,1.1727276505290607,0.65625,0,4.2143999999999995,-0.24654170097843237,0.515625,1,1.49315,0.05345632,False,False,False,False
near,10,1e+10,P2,person,8,-0.4761523886671394,0.34375,0,3.92755,0.05270685572091124,0.53125,0,3.12265,0.11268325,False,False,False,False
near,10,1e+10,P2,vehicle,8,0.29380753790521524,0.609375,0,4.53425,-0.5404042143185407,0.328125,0,2.12595,0.05345632,False,False,False,False
near,10,1e+11,P1,person,8,2.559915738199234,0.671875,0,3.79375,-0.005932766645129728,0.5,0,3.1134500000000003,1.1268325,False,False,False,False
near,10,1e+11,P1,vehicle,8,0.5360738448110985,0.578125,0,4.446400000000001,0.40996896600942406,0.5625,0,1.4154,0.5345632,False,False,False,False
near,10,1e+11,P2,person,8,-0.1523120760903903,0.46875,0,3.6628999999999996,1.3791064072445574,0.8125,1,3.1887499999999998,1.1268325,False,False,False,False
near,10,1e+11,P2,vehicle,8,-0.027415749384901822,0.5,0,4.6091999999999995,-0.25011387894973003,0.390625,0,1.70335,0.5345632,False,False,False,False
near,10,1e+12,P1,person,8,0.032115496660734516,0.515625,0,3.8931,-0.6123816985458249,0.34375,0,4.2318999999999996,11.268325,False,False,False,False
near,10,1e+12,P1,vehicle,8,-0.3985389091150674,0.421875,0,4.4956,-0.47196762727842895,0.34375,0,2.2343,5.345632,False,False,False,False
near,10,1e+12,P2,person,8,0.137494545228265,0.5,0,3.9718,1.7812786608409974,0.75,0,3.03125,11.268325,False,False,False,False
near,10,1e+12,P2,vehicle,8,-0.6758289945327438,0.3125,0,4.6164,0.40477217902243445,0.609375,0,2.20635,5.345632,False,False,False,False
near,10,1e+13,P1,person,8,0.23886393446529958,0.515625,0,3.8076499999999998,-1.0079428576566036,0.1875,0,3.1122,112.68325,False,False,False,False
near,10,1e+13,P1,vehicle,8,0.24668780522909095,0.578125,0,4.7078,-0.6855570813818417,0.265625,1,1.66025,53.45632,False,False,False,False
near,10,1e+13,P2,person,8,-0.16419408913242522,0.484375,0,3.76455,-0.7456707093893467,0.296875,0,2.98985,112.68325,False,False,False,False
near,10,1e+13,P2,vehicle,8,-0.1613184730405697,0.34375,0,4.57825,-0.5121493943317901,0.390625,1,2.55565,53.45632,False,False,False,False
near,5,1e+10,P1,person,8,-1.1048726724212703,0.234375,1,2.05485,-1.1276008313390027,0.203125,1,2.05485,4.4853955000000005e-05,False,False,False,False
near,5,1e+10,P1,vehicle,8,-0.8910108952042795,0.28125,1,3.3076,-0.923162681598255,0.28125,1,3.3076,1.750272e-05,False,False,False,False
near,5,1e+10,P2,person,8,0.14805365217123437,0.578125,0,2.3386,0.18613483150828417,0.5625,0,3.1083,4.4853955000000005e-05,False,False,False,False
near,5,1e+10,P2,vehicle,8,0.5015830479836253,0.640625,1,1.8388,0.5623148901447754,0.671875,1,1.8388,1.750272e-05,False,False,False,False
near,5,1e+11,P1,person,8,0.0429285130891984,0.546875,0,3.2849,-0.2645845257533394,0.4921875,0,2.95045,0.00044853955,False,False,False,False
near,5,1e+11,P1,vehicle,8,-0.21125297368962864,0.515625,3,1.1021,-0.14800944534026664,0.546875,3,1.1021,0.0001750272,False,False,False,False
near,5,1e+11,P2,person,8,0.263982691471167,0.59375,1,2.9539999999999997,0.5511348352454855,0.640625,1,2.9539999999999997,0.00044853955,False,False,False,False
near,5,1e+11,P2,vehicle,8,-0.34008030367163294,0.421875,0,2.40855,-0.3573738533073298,0.421875,0,1.9224,0.0001750272,False,False,False,False
near,5,1e+12,P1,person,8,-1.1895617620824672,0.203125,1,2.90425,-1.1653554305279632,0.25,1,2.64435,0.0044853955,False,False,False,False
near,5,1e+12,P1,vehicle,8,-0.4477721200437293,0.390625,1,2.7996499999999997,-0.627982838019422,0.3125,1,1.7742,0.001750272,False,False,False,False
near,5,1e+12,P2,person,8,0.3535994099611082,0.65625,0,3.8406,0.035998197720734884,0.53125,0,3.8406,0.0044853955,False,False,False,False
near,5,1e+12,P2,vehicle,8,-0.3679787383340926,0.46875,1,2.95915,-1.1700162662517894,0.359375,1,2.95915,0.001750272,False,False,False,False
near,5,1e+13,P1,person,8,-0.32601567083963817,0.40625,0,3.4274,-0.5687257901421687,0.34375,0,3.68605,0.044853955,False,False,False,False
near,5,1e+13,P1,vehicle,8,0.022830681881012727,0.5,1,3.6376,-0.5304845134425097,0.359375,2,2.10015,0.01750272,False,False,False,False
near,5,1e+13,P2,person,8,-1.326136051727947,0.3125,0,4.3616,-1.2927359966936196,0.203125,0,4.44365,0.044853955,False,False,False,False
near,5,1e+13,P2,vehicle,8,-0.6902700179668769,0.265625,1,2.0945,-0.8517518919156445,0.28125,0,2.0945,0.01750272,False,False,False,False
