seed,scene,cx,cz,lo_x,lo_y,lo_z,hi_x,hi_y,hi_z
1,person,7.8794,3.4431,7.6544,0.0000,3.2931,8.1044,1.7000,3.5931
1,vehicle,10.2019,3.8000,8.9519,0.3000,3.0500,11.4519,1.8000,4.5500
2,person,8.4117,3.2599,8.1867,0.0000,3.1099,8.6367,1.7000,3.4099
2,vehicle,9.6294,3.9570,8.3794,0.3000,3.2070,10.8794,1.8000,4.7070
3,person,8.0132,3.0989,7.7882,0.0000,2.9489,8.2382,1.7000,3.2489
3,vehicle,10.2132,3.8141,8.9632,0.3000,3.0641,11.4632,1.8000,4.5641
4,person,7.5526,3.2251,7.3276,0.0000,3.0751,7.7776,1.7000,3.3751
4,vehicle,9.7639,3.8010,8.5139,0.3000,3.0510,11.0139,1.8000,4.5510
5,person,7.8463,3.3319,7.6213,0.0000,3.1819,8.0713,1.7000,3.4819
5,vehicle,10.2050,3.1367,8.9550,0.3000,2.3867,11.4550,1.8000,3.8867
6,person,7.5372,3.3936,7.3122,0.0000,3.2436,7.7622,1.7000,3.5436
6,vehicle,9.9470,3.2430,8.6970,0.3000,2.4930,11.1970,1.8000,3.9930
7,person,7.7496,3.7133,7.5246,0.0000,3.5633,7.9746,1.7000,3.8633
7,vehicle,9.9302,3.2623,8.6802,0.3000,2.5123,11.1802,1.8000,4.0123
8,person,8.0157,3.0023,7.7907,0.0000,2.8523,8.2407,1.7000,3.1523
8,vehicle,9.9889,3.9069,8.7389,0.3000,3.1569,11.2389,1.8000,4.6569
