id,n_states,max_abs_diff
MP_P507-A,1000,6.846e-07
MP_P507-B,1000,6.846e-07
R4_0,1000,3.423e-07
R4_1,1000,3.423e-07
R4_2,1000,3.423e-07
R4_3,1000,3.423e-07
R4_4,1000,3.423e-07
R4_5,1000,3.423e-07
R4_6,1000,3.423e-07
R4_7,1000,3.423e-07
R4_8,1000,3.423e-07
R4_9,1000,3.423e-07
R5_0,1000,6.846e-07
R5_1,1000,6.846e-07
R5_2,1000,6.846e-07
R5_3,1000,6.846e-07
R5_4,1000,6.846e-07
R5_5,1000,6.846e-07
R5_6,1000,6.846e-07
R5_7,1000,6.846e-07
R5_8,1000,6.846e-07
R5_9,1000,6.846e-07
R6_0,1000,1.643e-06
R6_1,1000,1.643e-06
R6_2,1000,1.643e-06
R6_3,1000,1.643e-06
R6_4,1000,1.643e-06
R6_5,1000,1.643e-06
R6_6,1000,1.643e-06
R6_7,1000,1.643e-06
R6_8,1000,1.643e-06
R6_9,1000,1.643e-06
R7_0,1000,2.670e-06
R7_1,1000,2.670e-06
R7_2,1000,2.670e-06
R7_3,1000,2.670e-06
R7_4,1000,2.670e-06
R7_5,1000,2.670e-06
R7_6,1000,2.670e-06
R7_7,1000,2.670e-06
R7_8,1000,2.670e-06
R7_9,1000,2.670e-06
R8_0,1000,3.902e-06
R8_1,1000,3.902e-06
R8_2,1000,3.902e-06
R8_3,1000,3.902e-06
R8_4,1000,3.902e-06
R8_5,1000,3.902e-06
R8_6,1000,3.902e-06
R8_7,1000,3.902e-06
R8_8,1000,3.902e-06
R8_9,1000,3.902e-06
R9_0,1000,6.777e-06
R9_1,1000,6.777e-06
R9_2,1000,6.777e-06
R9_3,1000,6.777e-06
R9_4,1000,6.777e-06
R9_5,1000,6.777e-06
R9_6,1000,6.777e-06
R9_7,1000,6.777e-06
R9_8,1000,6.777e-06
R9_9,1000,6.777e-06
R10_0,1000,1.061e-05
R10_1,1000,1.061e-05
R10_2,1000,1.061e-05
R10_3,1000,1.061e-05
R10_4,1000,1.061e-05
R10_5,1000,1.061e-05
R10_6,1000,1.061e-05
R10_7,1000,1.061e-05
R10_8,1000,1.061e-05
R10_9,1000,1.061e-05
R11_0,1000,1.568e-05
R11_1,1000,1.568e-05
R11_2,1000,1.568e-05
R11_3,1000,1.568e-05
R11_4,1000,1.568e-05
R11_5,1000,1.568e-05
R11_6,1000,1.568e-05
R11_7,1000,1.568e-05
R11_8,1000,1.568e-05
R11_9,1000,1.568e-05
R12_0,1000,2.184e-05
R12_1,1000,2.184e-05
R12_2,1000,2.184e-05
R12_3,1000,2.184e-05
R12_4,1000,2.184e-05
R12_5,1000,2.184e-05
R12_6,1000,2.184e-05
R12_7,1000,2.184e-05
R12_8,1000,2.184e-05
R12_9,1000,2.184e-05
