seed,sweep,energy
1,0,13.09454377
1,1,21.36462399
1,2,11.96739675
1,3,15.175104
1,4,14.0646303
1,5,10.76708509
1,6,5.779553259
1,7,15.22462887
1,8,12.50967656
1,9,11.64080131
1,10,12.167056
1,11,8.620121713
1,12,15.34020744
1,13,11.9687371
1,14,12.01795794
1,15,6.549545867
1,16,15.22475426
1,17,11.72411613
1,18,7.026159613
1,19,11.26293045
1,20,7.671989331
1,21,8.643304913
1,22,9.54901881
1,23,6.043104107
1,24,7.242613074
1,25,7.049405452
1,26,7.938511575
1,27,4.95445815
1,28,10.7632718
1,29,13.13835849
1,30,9.207866042
1,31,7.628592029
1,32,11.46570135
1,33,10.2513458
1,34,6.969781519
1,35,5.695519464
1,36,17.34426955
1,37,3.76083443
1,38,13.64576814
1,39,8.148398678
1,40,9.573111589
1,41,1.870913994
1,42,6.212219432
1,43,7.187632426
1,44,4.827207783
1,45,7.103460952
1,46,6.402090707
1,47,5.671197771
1,48,6.678446568
1,49,7.362943701
1,50,3.796131487
1,51,9.827240319
1,52,7.896537607
1,53,2.279841279
1,54,16.97791729
1,55,9.480079772
1,56,5.366121408
1,57,3.358611016
1,58,4.919464213
1,59,4.69024394
1,60,5.260333636
1,61,4.980396058
1,62,9.364545694
1,63,5.71683197
1,64,8.119633539
1,65,6.362173686
1,66,6.76432045
1,67,5.41243882
1,68,5.207819258
1,69,7.709441265
1,70,2.036323675
1,71,5.826483763
1,72,5.142664657
1,73,1.517232684
1,74,3.422200652
1,75,2.605286979
1,76,3.934111456
1,77,4.225446339
1,78,8.423205608
1,79,4.279468418
1,80,3.238622013
1,81,2.600903764
1,82,5.12856318
1,83,2.056067097
1,84,6.134760655
1,85,4.054259535
1,86,4.312299978
1,87,3.098353259
1,88,2.43699076
1,89,7.238685534
1,90,3.363681161
1,91,5.828057794
1,92,5.501927365
1,93,1.08057851
1,94,1.08057851
1,95,3.11744953
1,96,3.123635729
1,97,4.244127524
1,98,3.29981518
1,99,3.663739777
1,100,3.22506176
1,101,5.366669743
1,102,4.154887364
1,103,8.298906381
1,104,5.313933798
1,105,4.436469142
1,106,3.639190457
1,107,4.684101042
1,108,3.458870214
1,109,1.23694941
1,110,3.648993053
1,111,1.870913994
1,112,1.870913994
1,113,4.058974421
1,114,3.475029556
1,115,1
1,116,1.253108752
1,117,1
1,118,1.405010854
1,119,2.141724095
1,120,1.517232684
1,121,1.517232684
1,122,2.628617273
1,123,1
1,124,1.216950359
1,125,1
1,126,1.744111979
1,127,0.9075170835
1,128,0.9075170835
1,129,0.9075170835
1,130,0.9075170835
1,131,0.9075170835
1,132,0.9075170835
1,133,0.9075170835
1,134,0.9075170835
1,135,0.9075170835
1,136,0.9075170835
1,137,0.9075170835
1,138,0.9075170835
1,139,0.9075170835
1,140,0.9075170835
1,141,0.9075170835
1,142,0.9075170835
1,143,0.9075170835
1,144,0.9075170835
1,145,0.9075170835
1,146,0.9075170835
1,147,0.9075170835
1,148,0.9075170835
1,149,0.9075170835
1,150,0.9075170835
1,151,0.9075170835
1,152,0.9075170835
1,153,0.9075170835
1,154,0.9075170835
1,155,0.9075170835
1,156,0.9075170835
1,157,0.9075170835
1,158,0.9075170835
1,159,0.9075170835
1,160,0.9075170835
1,161,0.9075170835
1,162,0.9075170835
1,163,0.9075170835
1,164,0.9075170835
1,165,0.9075170835
1,166,0.9075170835
1,167,0.9075170835
1,168,0.9075170835
1,169,0.9075170835
1,170,0.9075170835
1,171,0.9075170835
1,172,0.9075170835
1,173,0.9075170835
1,174,0.9075170835
1,175,0.9075170835
1,176,0.9075170835
1,177,0.9075170835
1,178,0.9075170835
1,179,0.9075170835
1,180,0.9075170835
1,181,0.9075170835
1,182,0.9075170835
1,183,0.9075170835
1,184,0.9075170835
1,185,0.9075170835
1,186,0.9075170835
1,187,0.9075170835
1,188,0.9075170835
1,189,0.9075170835
1,190,0.9075170835
1,191,0.9075170835
1,192,0.9075170835
1,193,0.9075170835
1,194,0.9075170835
1,195,0.9075170835
1,196,0.9075170835
1,197,0.9075170835
1,198,0.9075170835
1,199,0.9075170835
1,200,0.9075170835
1,201,0.9075170835
1,202,0.9075170835
1,203,0.9075170835
1,204,0.9075170835
1,205,0.9075170835
1,206,0.9075170835
1,207,0.9075170835
1,208,0.9075170835
1,209,0.9075170835
1,210,0.9075170835
1,211,0.9075170835
1,212,0.9075170835
1,213,0.9075170835
1,214,0.9075170835
1,215,0.9075170835
1,216,0.9075170835
1,217,0.9075170835
1,218,0.9075170835
1,219,0.9075170835
1,220,0.9075170835
1,221,0.9075170835
1,222,0.9075170835
1,223,0.9075170835
1,224,0.9075170835
1,225,0.9075170835
1,226,0.9075170835
1,227,0.9075170835
1,228,0.9075170835
1,229,0.9075170835
1,230,0.9075170835
1,231,0.9075170835
1,232,0.9075170835
1,233,0.9075170835
1,234,0.9075170835
1,235,0.9075170835
1,236,0.9075170835
1,237,0.9075170835
1,238,0.9075170835
1,239,0.9075170835
1,240,0.9075170835
1,241,0.9075170835
1,242,0.9075170835
1,243,0.9075170835
1,244,0.9075170835
1,245,0.9075170835
1,246,0.9075170835
1,247,0.9075170835
1,248,0.9075170835
1,249,0.9075170835
1,250,0.9075170835
1,251,0.9075170835
1,252,0.9075170835
1,253,0.9075170835
1,254,0.9075170835
1,255,0.9075170835
1,256,0.9075170835
1,257,0.9075170835
1,258,0.9075170835
1,259,0.9075170835
1,260,0.9075170835
1,261,0.9075170835
1,262,0.9075170835
1,263,0.9075170835
1,264,0.9075170835
1,265,0.9075170835
1,266,0.9075170835
1,267,0.9075170835
1,268,0.9075170835
1,269,0.9075170835
1,270,0.9075170835
1,271,0.9075170835
1,272,0.9075170835
1,273,0.9075170835
1,274,0.9075170835
1,275,0.9075170835
1,276,0.9075170835
1,277,0.9075170835
1,278,0.9075170835
1,279,0.9075170835
1,280,0.9075170835
1,281,0.9075170835
1,282,0.9075170835
1,283,0.9075170835
1,284,0.9075170835
1,285,0.9075170835
1,286,0.9075170835
1,287,0.9075170835
1,288,0.9075170835
1,289,0.9075170835
1,290,0.9075170835
1,291,0.9075170835
1,292,0.9075170835
1,293,0.9075170835
1,294,0.9075170835
1,295,0.9075170835
1,296,0.9075170835
1,297,0.9075170835
1,298,0.9075170835
1,299,0.9075170835
1,300,0.9075170835
1,301,0.9075170835
1,302,0.9075170835
1,303,0.9075170835
1,304,0.9075170835
1,305,0.9075170835
1,306,0.9075170835
1,307,0.9075170835
1,308,0.9075170835
1,309,0.9075170835
1,310,0.9075170835
1,311,0.9075170835
1,312,0.9075170835
1,313,0.9075170835
1,314,0.9075170835
1,315,0.9075170835
1,316,0.9075170835
1,317,0.9075170835
1,318,0.9075170835
1,319,0.9075170835
1,320,0.9075170835
1,321,0.9075170835
1,322,0.9075170835
1,323,0.9075170835
1,324,0.9075170835
1,325,0.9075170835
1,326,0.9075170835
1,327,0.9075170835
1,328,0.9075170835
1,329,0.9075170835
1,330,0.9075170835
1,331,0.9075170835
1,332,0.9075170835
1,333,0.9075170835
1,334,0.9075170835
1,335,0.9075170835
1,336,0.9075170835
1,337,0.9075170835
1,338,0.9075170835
1,339,0.9075170835
1,340,0.9075170835
1,341,0.9075170835
1,342,0.9075170835
1,343,0.9075170835
1,344,0.9075170835
1,345,0.9075170835
1,346,0.9075170835
1,347,0.9075170835
1,348,0.9075170835
1,349,0.9075170835
1,350,0.9075170835
1,351,0.9075170835
1,352,0.9075170835
1,353,0.9075170835
1,354,0.9075170835
1,355,0.9075170835
1,356,0.9075170835
1,357,0.9075170835
1,358,0.9075170835
1,359,0.9075170835
1,360,0.9075170835
1,361,0.9075170835
1,362,0.9075170835
1,363,0.9075170835
1,364,0.9075170835
1,365,0.9075170835
1,366,0.9075170835
1,367,0.9075170835
1,368,0.9075170835
1,369,0.9075170835
1,370,0.9075170835
1,371,0.9075170835
1,372,0.9075170835
1,373,0.9075170835
1,374,0.9075170835
1,375,0.9075170835
1,376,0.9075170835
1,377,0.9075170835
1,378,0.9075170835
1,379,0.9075170835
1,380,0.9075170835
1,381,0.9075170835
1,382,0.9075170835
1,383,0.9075170835
1,384,0.9075170835
1,385,0.9075170835
1,386,0.9075170835
1,387,0.9075170835
1,388,0.9075170835
1,389,0.9075170835
1,390,0.9075170835
1,391,0.9075170835
1,392,0.9075170835
1,393,0.9075170835
1,394,0.9075170835
1,395,0.9075170835
1,396,0.9075170835
1,397,0.9075170835
1,398,0.9075170835
1,399,0.9075170835
1,400,0.9075170835
1,401,0.9075170835
1,402,0.9075170835
1,403,0.9075170835
1,404,0.9075170835
1,405,0.9075170835
1,406,0.9075170835
1,407,0.9075170835
1,408,0.9075170835
1,409,0.9075170835
1,410,0.9075170835
1,411,0.9075170835
1,412,0.9075170835
1,413,0.9075170835
1,414,0.9075170835
1,415,0.9075170835
1,416,0.9075170835
1,417,0.9075170835
1,418,0.9075170835
1,419,0.9075170835
2,0,15.54527272
2,1,4.029916784
2,2,22.21861681
2,3,5.21057502
2,4,8.750653722
2,5,20.32370378
2,6,12.47399086
2,7,13.86943133
2,8,14.78379906
2,9,11.06378413
2,10,6.320390526
2,11,11.46774918
2,12,5.791657779
2,13,7.416302115
2,14,14.17646951
2,15,8.794404542
2,16,5.810670865
2,17,15.40772532
2,18,7.297259766
2,19,11.0846479
2,20,8.369905519
2,21,17.43503397
2,22,8.13796384
2,23,14.25170003
2,24,8.033855166
2,25,9.586301185
2,26,1.08057851
2,27,8.289163132
2,28,9.616373079
2,29,11.12172316
2,30,18.73296309
2,31,7.212558277
2,32,12.38371403
2,33,9.525354513
2,34,4.885493383
2,35,6.618727382
2,36,9.797781966
2,37,6.029778629
2,38,12.14984362
2,39,11.06306145
2,40,10.51605272
2,41,11.36175386
2,42,6.407126149
2,43,6.905849932
2,44,6.737998572
2,45,6.782253808
2,46,6.062393384
2,47,7.133656551
2,48,7.743001518
2,49,6.168464622
2,50,6.658389947
2,51,3.31972214
2,52,7.722332191
2,53,5.896408319
2,54,3.712049391
2,55,4.954223443
2,56,3.62844272
2,57,1.690834655
2,58,5.071175968
2,59,6.778508807
2,60,6.014579263
2,61,3.98106132
2,62,3.888615274
2,63,5.582077522
2,64,5.155842983
2,65,4.205159947
2,66,3.81721591
2,67,2.39344445
2,68,7.285025589
2,69,2.417226484
2,70,5.012253856
2,71,6.517438888
2,72,1.85112727
2,73,2.95604091
2,74,2.283025604
2,75,5.429654947
2,76,5.202972315
2,77,5.495741234
2,78,6.101436325
2,79,6.109202592
2,80,3.035691249
2,81,3.368852393
2,82,7.524712311
2,83,4.34294085
2,84,0.9090911145
2,85,5.965201377
2,86,6.499356339
2,87,3.225395175
2,88,4.831175176
2,89,3.288405741
2,90,6.65134924
2,91,4.86971993
2,92,3.225296534
2,93,2.892931703
2,94,1.23694941
2,95,1.23694941
2,96,1.23694941
2,97,2.073544305
2,98,5.637315497
2,99,1.870913994
2,100,3.694107499
2,101,2.163405036
2,102,3.358611016
2,103,4.113457722
2,104,1.579875265
2,105,1.467653435
2,106,1.23694941
2,107,2.263681936
2,108,2.437225534
2,109,2.02502041
2,110,1.23694941
2,111,2.073544305
2,112,1.23694941
2,113,2.02502041
2,114,2.073544305
2,115,1.06305627
2,116,1.06305627
2,117,2.261758364
2,118,1.061482239
2,119,1.061482239
2,120,1.061482239
2,121,1.061482239
2,122,2.163405036
2,123,2.02502041
2,124,1.23694941
2,125,1.23694941
2,126,1.23694941
2,127,1.23694941
2,128,3.051752936
2,129,2.437225534
2,130,1.23694941
2,131,1.23694941
2,132,1.23694941
2,133,2.02502041
2,134,1.23694941
2,135,1.23694941
2,136,1.23694941
2,137,1.23694941
2,138,1.23694941
2,139,1.23694941
2,140,1
2,141,1.405010854
2,142,1.253108752
2,143,1
2,144,1.253108752
2,145,1
2,146,1.216950359
2,147,1
2,148,1.216950359
2,149,1
2,150,1.253108752
2,151,1
2,152,1.405010854
2,153,1.253108752
2,154,1
2,155,1
2,156,1
2,157,1.253108752
2,158,1
2,159,1
2,160,1
2,161,1
2,162,1.216950359
2,163,1
2,164,1
2,165,1.216950359
2,166,1.467653435
2,167,1
2,168,1
2,169,1
2,170,1
2,171,1
2,172,1.253108752
2,173,1.216950359
2,174,1
2,175,1
2,176,1
2,177,1.216950359
2,178,1.467653435
2,179,1
2,180,1
2,181,1
2,182,1
2,183,1
2,184,1
2,185,1
2,186,1
2,187,1
2,188,1
2,189,1.216950359
2,190,1
2,191,1
2,192,1
2,193,1
2,194,1
2,195,1
2,196,1.405010854
2,197,1.253108752
2,198,1
2,199,1
2,200,1
2,201,1
2,202,1
2,203,1
2,204,1
2,205,1
2,206,1
2,207,1
2,208,1
2,209,1
2,210,1
2,211,1
2,212,1
2,213,1
2,214,1
2,215,1
2,216,1
2,217,1
2,218,1
2,219,1
2,220,1
2,221,1
2,222,1
2,223,1
2,224,1
2,225,1
2,226,1
2,227,1
2,228,1
2,229,1
2,230,1
2,231,1
2,232,1
2,233,1
2,234,1
2,235,1
2,236,1
2,237,1
2,238,1
2,239,1
2,240,1
2,241,1
2,242,1
2,243,1
2,244,1
2,245,1
2,246,1
2,247,1
2,248,1
2,249,1
2,250,1
2,251,1
2,252,1
2,253,1
2,254,1
2,255,1
2,256,1
2,257,1
2,258,1
2,259,1
2,260,1
2,261,1
2,262,1
2,263,1
2,264,1
2,265,1
2,266,1
2,267,1
2,268,1
2,269,1
2,270,1
2,271,1
2,272,1
2,273,1
2,274,1
2,275,1
2,276,1
2,277,1
2,278,1
2,279,1
2,280,1
2,281,1
2,282,1
2,283,1
2,284,1
2,285,1
2,286,1
2,287,1
2,288,1
2,289,1
2,290,1
2,291,1
2,292,1
2,293,1
2,294,1
2,295,1
2,296,1
2,297,1
2,298,1
2,299,1
2,300,1
2,301,1
2,302,1
2,303,1
2,304,1
2,305,1
2,306,1
2,307,1
2,308,1
2,309,1
2,310,1
2,311,1
2,312,1
2,313,1
2,314,1
2,315,1
2,316,1
2,317,1
2,318,1
2,319,1
2,320,1
2,321,1
2,322,1
2,323,1
2,324,1
2,325,1
2,326,1
2,327,1
2,328,1
2,329,1
2,330,1
2,331,1
2,332,1
2,333,1
2,334,1
2,335,1
2,336,1
2,337,1
2,338,1
2,339,1
2,340,1
2,341,1
2,342,1
2,343,1
2,344,1
2,345,1
2,346,1
2,347,1
2,348,1
2,349,1
2,350,1
2,351,1
2,352,1
2,353,1
2,354,1
2,355,1
2,356,1
2,357,1
2,358,1
2,359,1
2,360,1
2,361,1
2,362,1
2,363,1
2,364,1
2,365,1
2,366,1
2,367,1
2,368,1
2,369,1
2,370,1
2,371,1
2,372,1
2,373,1
2,374,1
2,375,1
2,376,1
2,377,1
2,378,1
2,379,1
2,380,1
2,381,1
2,382,1
2,383,1
2,384,1
2,385,1
2,386,1
2,387,1
2,388,1
2,389,1
2,390,1
2,391,1
2,392,1
2,393,1
2,394,1
2,395,1
2,396,1
2,397,1
2,398,1
2,399,1
2,400,1
2,401,1
2,402,1
2,403,1
2,404,1
2,405,1
2,406,1
2,407,1
2,408,1
2,409,1
2,410,1
2,411,1
2,412,1
2,413,1
2,414,1
2,415,1
2,416,1
2,417,1
2,418,1
2,419,1
3,0,11.48687189
3,1,8.059211397
3,2,8.70981158
3,3,10.6916141
3,4,13.81978846
3,5,7.673667036
3,6,8.511626002
3,7,22.04976813
3,8,8.092111465
3,9,16.35391195
3,10,14.6825118
3,11,18.65367747
3,12,8.210690051
3,13,15.95330523
3,14,7.459937786
3,15,9.159908586
3,16,14.01453536
3,17,12.95932395
3,18,19.5782618
3,19,24.47589476
3,20,17.14838995
3,21,8.039359038
3,22,7.055180193
3,23,4.691716844
3,24,11.65887825
3,25,10.85868448
3,26,10.54776323
3,27,14.0037395
3,28,11.08751819
3,29,2.863628083
3,30,9.104848916
3,31,7.949511342
3,32,2.243682886
3,33,12.19488803
3,34,6.375001862
3,35,11.5215806
3,36,9.685240314
3,37,4.946122572
3,38,9.583942418
3,39,3.455706101
3,40,8.832091537
3,41,5.862876931
3,42,9.679247761
3,43,5.463723286
3,44,6.567047154
3,45,9.218694718
3,46,4.287040765
3,47,11.85259443
3,48,7.281183969
3,49,7.513968846
3,50,4.720868019
3,51,7.656203186
3,52,10.75200506
3,53,3.265829753
3,54,6.311221769
3,55,3.639657533
3,56,4.582581497
3,57,1.405010854
3,58,7.951905987
3,59,6.313284891
3,60,7.748967028
3,61,5.929264513
3,62,9.283363392
3,63,3.238288598
3,64,5.7571637
3,65,6.613797118
3,66,4.833890076
3,67,2.612925006
3,68,9.535922615
3,69,4.463220217
3,70,3.706330199
3,71,6.332031551
3,72,1.870913994
3,73,4.759529268
3,74,4.597346578
3,75,6.552501239
3,76,1.517232684
3,77,2.453384877
3,78,8.223756461
3,79,4.246247962
3,80,4.362256502
3,81,2.044668456
3,82,6.343825618
3,83,3.431575618
3,84,7.08679386
3,85,2.026693081
3,86,3.437498659
3,87,3.639151011
3,88,3.412205056
3,89,1.85112727
3,90,4.287026683
3,91,1.061482239
3,92,3.950097513
3,93,3.173704
3,94,4.442655273
3,95,2.679582367
3,96,3.574210614
3,97,4.071474043
3,98,3.238288598
3,99,4.10146568
3,100,1.690834655
3,101,1.690834655
3,102,1.690834655
3,103,4.488869595
3,104,2.871358622
3,105,2.107311037
3,106,5.037171612
3,107,1.744111979
3,108,0.9075170835
3,109,0.9075170835
3,110,2.119446015
3,111,3.972938785
3,112,1.517232684
3,113,2.850538146
3,114,1.216950359
3,115,1.467653435
3,116,2.02502041
3,117,1.23694941
3,118,1.23694941
3,119,2.263681936
3,120,2.073544305
3,121,1
3,122,1.405010854
3,123,1.253108752
3,124,1.898077134
3,125,1.061482239
3,126,1.061482239
3,127,1.061482239
3,128,1.061482239
3,129,1.061482239
3,130,1.061482239
3,131,1.061482239
3,132,1.061482239
3,133,1.061482239
3,134,1.061482239
3,135,1.061482239
3,136,1.061482239
3,137,1.061482239
3,138,1.061482239
3,139,1.061482239
3,140,1.061482239
3,141,1.061482239
3,142,1.061482239
3,143,1.061482239
3,144,1.849553239
3,145,1.061482239
3,146,1.061482239
3,147,1.061482239
3,148,1.061482239
3,149,1.061482239
3,150,1.061482239
3,151,1.061482239
3,152,1.061482239
3,153,1.061482239
3,154,1.061482239
3,155,1.061482239
3,156,1.061482239
3,157,1.061482239
3,158,1.061482239
3,159,1.061482239
3,160,1.061482239
3,161,1.061482239
3,162,1.061482239
3,163,1.061482239
3,164,1.061482239
3,165,1.061482239
3,166,1.061482239
3,167,1.061482239
3,168,1.061482239
3,169,1.061482239
3,170,1.061482239
3,171,1.061482239
3,172,1.061482239
3,173,1.061482239
3,174,1.061482239
3,175,1.061482239
3,176,1.061482239
3,177,1.061482239
3,178,1.061482239
3,179,1.061482239
3,180,1.061482239
3,181,1.061482239
3,182,1.061482239
3,183,1.061482239
3,184,1.061482239
3,185,1.061482239
3,186,1.061482239
3,187,1.061482239
3,188,1.061482239
3,189,1.061482239
3,190,1.061482239
3,191,1.061482239
3,192,1.061482239
3,193,1.061482239
3,194,1.061482239
3,195,1.061482239
3,196,1.061482239
3,197,1.061482239
3,198,1.061482239
3,199,1.061482239
3,200,1.061482239
3,201,1.061482239
3,202,1.061482239
3,203,1.061482239
3,204,1.061482239
3,205,1.061482239
3,206,1.061482239
3,207,1.061482239
3,208,1.061482239
3,209,1.061482239
3,210,1.061482239
3,211,1.061482239
3,212,1.061482239
3,213,1.061482239
3,214,1.061482239
3,215,1.061482239
3,216,1.061482239
3,217,1.061482239
3,218,1.061482239
3,219,1.061482239
3,220,1.061482239
3,221,1.061482239
3,222,1.061482239
3,223,1.061482239
3,224,1.061482239
3,225,1.061482239
3,226,1.061482239
3,227,1.061482239
3,228,1.061482239
3,229,1.061482239
3,230,1.061482239
3,231,1.061482239
3,232,1.061482239
3,233,1.061482239
3,234,1.061482239
3,235,1.061482239
3,236,1.061482239
3,237,1.061482239
3,238,1.061482239
3,239,1.061482239
3,240,1.061482239
3,241,1.061482239
3,242,1.061482239
3,243,1.061482239
3,244,1.061482239
3,245,1.061482239
3,246,1.061482239
3,247,1.061482239
3,248,1.061482239
3,249,1.061482239
3,250,1.061482239
3,251,1.061482239
3,252,1.061482239
3,253,1.061482239
3,254,1.061482239
3,255,1.061482239
3,256,1.061482239
3,257,1.061482239
3,258,1.061482239
3,259,1.061482239
3,260,1.061482239
3,261,1.061482239
3,262,1.061482239
3,263,1.061482239
3,264,1.061482239
3,265,1.061482239
3,266,1.061482239
3,267,1.061482239
3,268,1.061482239
3,269,1.061482239
3,270,1.061482239
3,271,1.061482239
3,272,1.061482239
3,273,1.061482239
3,274,1.061482239
3,275,1.061482239
3,276,1.061482239
3,277,1.061482239
3,278,1.061482239
3,279,1.061482239
3,280,1.061482239
3,281,1.061482239
3,282,1.061482239
3,283,1.061482239
3,284,1.061482239
3,285,1.061482239
3,286,1.061482239
3,287,1.061482239
3,288,1.061482239
3,289,1.061482239
3,290,1.061482239
3,291,1.061482239
3,292,1.061482239
3,293,1.061482239
3,294,1.061482239
3,295,1.061482239
3,296,1.061482239
3,297,1.061482239
3,298,1.061482239
3,299,1.061482239
3,300,1.061482239
3,301,1.061482239
3,302,1.061482239
3,303,1.061482239
3,304,1.061482239
3,305,1.061482239
3,306,1.061482239
3,307,1.061482239
3,308,1.061482239
3,309,1.061482239
3,310,1.061482239
3,311,1.061482239
3,312,1.061482239
3,313,1.061482239
3,314,1.061482239
3,315,1.061482239
3,316,1.061482239
3,317,1.061482239
3,318,1.061482239
3,319,1.061482239
3,320,1.061482239
3,321,1.061482239
3,322,1.061482239
3,323,1.061482239
3,324,1.061482239
3,325,1.061482239
3,326,1.061482239
3,327,1.061482239
3,328,1.061482239
3,329,1.061482239
3,330,1.061482239
3,331,1.061482239
3,332,1.061482239
3,333,1.061482239
3,334,1.061482239
3,335,1.061482239
3,336,1.061482239
3,337,1.061482239
3,338,1.061482239
3,339,1.061482239
3,340,1.061482239
3,341,1.061482239
3,342,1.061482239
3,343,1.061482239
3,344,1.061482239
3,345,1.061482239
3,346,1.061482239
3,347,1.061482239
3,348,1.061482239
3,349,1.061482239
3,350,1.061482239
3,351,1.061482239
3,352,1.061482239
3,353,1.061482239
3,354,1.061482239
3,355,1.061482239
3,356,1.061482239
3,357,1.061482239
3,358,1.061482239
3,359,1.061482239
3,360,1.061482239
3,361,1.061482239
3,362,1.061482239
3,363,1.061482239
3,364,1.061482239
3,365,1.061482239
3,366,1.061482239
3,367,1.061482239
3,368,1.061482239
3,369,1.061482239
3,370,1.061482239
3,371,1.061482239
3,372,1.061482239
3,373,1.061482239
3,374,1.061482239
3,375,1.061482239
3,376,1.061482239
3,377,1.061482239
3,378,1.061482239
3,379,1.061482239
3,380,1.061482239
3,381,1.061482239
3,382,1.061482239
3,383,1.061482239
3,384,1.061482239
3,385,1.061482239
3,386,1.061482239
3,387,1.061482239
3,388,1.061482239
3,389,1.061482239
3,390,1.061482239
3,391,1.061482239
3,392,1.061482239
3,393,1.061482239
3,394,1.061482239
3,395,1.061482239
3,396,1.061482239
3,397,1.061482239
3,398,1.061482239
3,399,1.061482239
3,400,1.061482239
3,401,1.061482239
3,402,1.061482239
3,403,1.061482239
3,404,1.061482239
3,405,1.061482239
3,406,1.061482239
3,407,1.061482239
3,408,1.061482239
3,409,1.061482239
3,410,1.061482239
3,411,1.061482239
3,412,1.061482239
3,413,1.061482239
3,414,1.061482239
3,415,1.061482239
3,416,1.061482239
3,417,1.061482239
3,418,1.061482239
3,419,1.061482239
4,0,19.64745944
4,1,8.495878481
4,2,9.696838658
4,3,6.664403722
4,4,8.149745048
4,5,20.59189903
4,6,8.170132395
4,7,12.17901758
4,8,12.8886337
4,9,8.648778917
4,10,11.23079335
4,11,13.80705629
4,12,9.195496358
4,13,15.48701829
4,14,12.89343545
4,15,11.87475202
4,16,6.636822188
4,17,16.91858889
4,18,6.259293646
4,19,9.973970863
4,20,5.285532921
4,21,5.30837183
4,22,11.66429193
4,23,12.63181195
4,24,5.169011062
4,25,7.6539643
4,26,7.117529969
4,27,9.811759873
4,28,8.68383698
4,29,14.65238472
4,30,12.57478007
4,31,11.90951686
4,32,11.41590165
4,33,4.571575773
4,34,7.242114993
4,35,16.76281599
4,36,4.441600291
4,37,7.899276094
4,38,7.260290266
4,39,8.138412289
4,40,2.834378803
4,41,8.756757014
4,42,6.047628637
4,43,5.983975559
4,44,7.754052332
4,45,5.659458909
4,46,10.55592277
4,47,6.99999144
4,48,7.170359927
4,49,9.940049481
4,50,6.556845965
4,51,7.595661583
4,52,6.546028195
4,53,6.947050675
4,54,8.290073555
4,55,4.462180169
4,56,5.12728487
4,57,9.128872764
4,58,9.486191151
4,59,5.677394838
4,60,3.045763555
4,61,7.181150851
4,62,3.035296989
4,63,4.631472092
4,64,9.754481029
4,65,9.787309193
4,66,7.795723786
4,67,7.268225656
4,68,1.862780077
4,69,3.442384979
4,70,6.603370627
4,71,5.516765471
4,72,1.23694941
4,73,3.100276832
4,74,6.30082033
4,75,4.421272076
4,76,3.966032783
4,77,5.489952743
4,78,6.442576296
4,79,5.477287885
4,80,2.273484532
4,81,3.22543462
4,82,2.650851077
4,83,2.211928932
4,84,3.483301729
4,85,4.362778488
4,86,4.029172774
4,87,8.491203572
4,88,4.113677102
4,89,3.146178542
4,90,2.072496151
4,91,5.83200924
4,92,2.22986486
4,93,5.455473965
4,94,8.999990763
4,95,2.78015139
4,96,1.467653435
4,97,1
4,98,1.40220167
4,99,1.40220167
4,100,2.453384877
4,101,3.633753068
4,102,4.30308792
4,103,1.061482239
4,104,2.871358622
4,105,2.456087031
4,106,4.13909421
4,107,1.467653435
4,108,3.363681161
4,109,2.02502041
4,110,1.23694941
4,111,1.23694941
4,112,1.23694941
4,113,1.23694941
4,114,2.073544305
4,115,1.23694941
4,116,3.349171171
4,117,2.61245793
4,118,3.458870214
4,119,1
4,120,0.9090911145
4,121,0.9090911145
4,122,0.9090911145
4,123,0.9090911145
4,124,0.9090911145
4,125,0.9090911145
4,126,0.9090911145
4,127,0.9090911145
4,128,0.9090911145
4,129,1.882358519
4,130,1.744111979
4,131,0.9075170835
4,132,0.9075170835
4,133,0.9075170835
4,134,0.9075170835
4,135,0.9075170835
4,136,0.9075170835
4,137,0.9075170835
4,138,0.9075170835
4,139,0.9075170835
4,140,0.9075170835
4,141,0.9075170835
4,142,0.9075170835
4,143,0.9075170835
4,144,0.9075170835
4,145,1.93424961
4,146,0.9090911145
4,147,0.9090911145
4,148,0.9090911145
4,149,0.9090911145
4,150,0.9090911145
4,151,0.9090911145
4,152,0.9090911145
4,153,0.9090911145
4,154,0.9090911145
4,155,0.9090911145
4,156,0.9090911145
4,157,0.9090911145
4,158,0.9090911145
4,159,0.9090911145
4,160,0.9090911145
4,161,0.9090911145
4,162,0.9090911145
4,163,0.9090911145
4,164,0.9090911145
4,165,0.9090911145
4,166,0.9090911145
4,167,0.9090911145
4,168,0.9090911145
4,169,0.9090911145
4,170,0.9090911145
4,171,0.9090911145
4,172,0.9090911145
4,173,0.9090911145
4,174,0.9090911145
4,175,0.9090911145
4,176,0.9090911145
4,177,0.9090911145
4,178,0.9090911145
4,179,0.9090911145
4,180,0.9090911145
4,181,0.9090911145
4,182,0.9090911145
4,183,0.9090911145
4,184,0.9090911145
4,185,0.9090911145
4,186,0.9090911145
4,187,0.9090911145
4,188,0.9090911145
4,189,0.9090911145
4,190,0.9090911145
4,191,0.9090911145
4,192,0.9090911145
4,193,0.9090911145
4,194,0.9090911145
4,195,0.9090911145
4,196,0.9090911145
4,197,0.9090911145
4,198,0.9090911145
4,199,0.9090911145
4,200,0.9090911145
4,201,0.9090911145
4,202,0.9090911145
4,203,0.9090911145
4,204,0.9090911145
4,205,0.9090911145
4,206,0.9090911145
4,207,0.9090911145
4,208,0.9090911145
4,209,0.9090911145
4,210,0.9090911145
4,211,0.9090911145
4,212,0.9090911145
4,213,0.9090911145
4,214,0.9090911145
4,215,0.9090911145
4,216,0.9090911145
4,217,0.9090911145
4,218,0.9090911145
4,219,0.9090911145
4,220,0.9090911145
4,221,0.9090911145
4,222,0.9090911145
4,223,0.9090911145
4,224,0.9090911145
4,225,0.9090911145
4,226,0.9090911145
4,227,0.9090911145
4,228,0.9090911145
4,229,0.9090911145
4,230,0.9090911145
4,231,0.9090911145
4,232,0.9090911145
4,233,0.9090911145
4,234,0.9090911145
4,235,0.9090911145
4,236,0.9090911145
4,237,0.9090911145
4,238,0.9090911145
4,239,0.9090911145
4,240,0.9090911145
4,241,0.9090911145
4,242,0.9090911145
4,243,0.9090911145
4,244,0.9090911145
4,245,0.9090911145
4,246,0.9090911145
4,247,0.9090911145
4,248,0.9090911145
4,249,0.9090911145
4,250,0.9090911145
4,251,0.9090911145
4,252,0.9090911145
4,253,0.9090911145
4,254,0.9090911145
4,255,0.9090911145
4,256,0.9090911145
4,257,0.9090911145
4,258,0.9090911145
4,259,0.9090911145
4,260,0.9090911145
4,261,0.9090911145
4,262,0.9090911145
4,263,0.9090911145
4,264,0.9090911145
4,265,0.9090911145
4,266,0.9090911145
4,267,0.9090911145
4,268,0.9090911145
4,269,0.9090911145
4,270,0.9090911145
4,271,0.9090911145
4,272,0.9090911145
4,273,0.9090911145
4,274,0.9090911145
4,275,0.9090911145
4,276,0.9090911145
4,277,0.9090911145
4,278,0.9090911145
4,279,0.9090911145
4,280,0.9090911145
4,281,0.9090911145
4,282,0.9090911145
4,283,0.9090911145
4,284,0.9090911145
4,285,0.9090911145
4,286,0.9090911145
4,287,0.9090911145
4,288,0.9090911145
4,289,0.9090911145
4,290,0.9090911145
4,291,0.9090911145
4,292,0.9090911145
4,293,0.9090911145
4,294,0.9090911145
4,295,0.9090911145
4,296,0.9090911145
4,297,0.9090911145
4,298,0.9090911145
4,299,0.9090911145
4,300,0.9090911145
4,301,0.9090911145
4,302,0.9090911145
4,303,0.9090911145
4,304,0.9090911145
4,305,0.9090911145
4,306,0.9090911145
4,307,0.9090911145
4,308,0.9090911145
4,309,0.9090911145
4,310,0.9090911145
4,311,0.9090911145
4,312,0.9090911145
4,313,0.9090911145
4,314,0.9090911145
4,315,0.9090911145
4,316,0.9090911145
4,317,0.9090911145
4,318,0.9090911145
4,319,0.9090911145
4,320,0.9090911145
4,321,0.9090911145
4,322,0.9090911145
4,323,0.9090911145
4,324,0.9090911145
4,325,0.9090911145
4,326,0.9090911145
4,327,0.9090911145
4,328,0.9090911145
4,329,0.9090911145
4,330,0.9090911145
4,331,0.9090911145
4,332,0.9090911145
4,333,0.9090911145
4,334,0.9090911145
4,335,0.9090911145
4,336,0.9090911145
4,337,0.9090911145
4,338,0.9090911145
4,339,0.9090911145
4,340,0.9090911145
4,341,0.9090911145
4,342,0.9090911145
4,343,0.9090911145
4,344,0.9090911145
4,345,0.9090911145
4,346,0.9090911145
4,347,0.9090911145
4,348,0.9090911145
4,349,0.9090911145
4,350,0.9090911145
4,351,0.9090911145
4,352,0.9090911145
4,353,0.9090911145
4,354,0.9090911145
4,355,0.9090911145
4,356,0.9090911145
4,357,0.9090911145
4,358,0.9090911145
4,359,0.9090911145
4,360,0.9090911145
4,361,0.9090911145
4,362,0.9090911145
4,363,0.9090911145
4,364,0.9090911145
4,365,0.9090911145
4,366,0.9090911145
4,367,0.9090911145
4,368,0.9090911145
4,369,0.9090911145
4,370,0.9090911145
4,371,0.9090911145
4,372,0.9090911145
4,373,0.9090911145
4,374,0.9090911145
4,375,0.9090911145
4,376,0.9090911145
4,377,0.9090911145
4,378,0.9090911145
4,379,0.9090911145
4,380,0.9090911145
4,381,0.9090911145
4,382,0.9090911145
4,383,0.9090911145
4,384,0.9090911145
4,385,0.9090911145
4,386,0.9090911145
4,387,0.9090911145
4,388,0.9090911145
4,389,0.9090911145
4,390,0.9090911145
4,391,0.9090911145
4,392,0.9090911145
4,393,0.9090911145
4,394,0.9090911145
4,395,0.9090911145
4,396,0.9090911145
4,397,0.9090911145
4,398,0.9090911145
4,399,0.9090911145
4,400,0.9090911145
4,401,0.9090911145
4,402,0.9090911145
4,403,0.9090911145
4,404,0.9090911145
4,405,0.9090911145
4,406,0.9090911145
4,407,0.9090911145
4,408,0.9090911145
4,409,0.9090911145
4,410,0.9090911145
4,411,0.9090911145
4,412,0.9090911145
4,413,0.9090911145
4,414,0.9090911145
4,415,0.9090911145
4,416,0.9090911145
4,417,0.9090911145
4,418,0.9090911145
4,419,0.9090911145
5,0,19.12814539
5,1,3.787603856
5,2,13.27444283
5,3,8.96208875
5,4,12.42364069
5,5,9.160346216
5,6,8.163946264
5,7,10.7513557
5,8,11.66768298
5,9,10.20482346
5,10,16.70910786
5,11,3.313759278
5,12,9.393423528
5,13,10.99541847
5,14,23.05122377
5,15,7.221995225
5,16,7.605727147
5,17,7.636234748
5,18,12.33838434
5,19,13.98971441
5,20,1.690834655
5,21,18.38745774
5,22,9.532413604
5,23,16.32039816
5,24,7.224998795
5,25,8.191801685
5,26,7.706997318
5,27,3.129102337
5,28,10.83569957
5,29,12.54009955
5,30,7.835705463
5,31,10.6172158
5,32,20.88681057
5,33,4.370149023
5,34,7.941667953
5,35,7.039110143
5,36,12.84518957
5,37,15.30943893
5,38,4.725243388
5,39,7.325624961
5,40,6.969187821
5,41,7.917966471
5,42,11.31077338
5,43,6.039354368
5,44,14.43734798
5,45,12.36386374
5,46,10.74629438
5,47,6.8891376
5,48,7.279171259
5,49,4.739150236
5,50,5.568024414
5,51,4.685689588
5,52,8.616119393
5,53,4.782542982
5,54,5.74252915
5,55,5.132220743
5,56,6.915819425
5,57,2.679582367
5,58,2.764827108
5,59,6.104869701
5,60,9.898226875
5,61,6.051489797
5,62,2.615365322
5,63,3.637113321
5,64,3.342000219
5,65,7.306845797
5,66,7.318867039
5,67,7.30514799
5,68,9.198369851
5,69,4.338917774
5,70,1.061482239
5,71,3.932396165
5,72,5.490383909
5,73,2.944388104
5,74,3.770297092
5,75,4.12690394
5,76,4.541101052
5,77,3.250703008
5,78,1.405010854
5,79,5.01263802
5,80,6.445081238
5,81,5.928008069
5,82,6.094857112
5,83,2.679582367
5,84,3.22543462
5,85,5.021312807
5,86,3.975664351
5,87,7.297942352
5,88,3.129102337
5,89,3.14909285
5,90,4.468915061
5,91,2.522016121
5,92,2.989669556
5,93,1
5,94,1.405010854
5,95,2.39344445
5,96,3.239856733
5,97,1.017935929
5,98,1.017935929
5,99,1.017935929
5,100,2.675981276
5,101,5.566867961
5,102,2.438564791
5,103,1.06305627
5,104,4.071634747
5,105,2.654408263
5,106,0.9075170835
5,107,0.9075170835
5,108,3.531679004
5,109,2.872219958
5,110,1.253108752
5,111,1.216950359
5,112,2.107311037
5,113,2.280854635
5,114,1.08057851
5,115,1.08057851
5,116,3.573155699
5,117,2.666355529
5,118,2.654408263
5,119,1.708814921
5,120,2.279841279
5,121,3.066672598
5,122,4.986305949
5,123,1.23694941
5,124,1.23694941
5,125,1.23694941
5,126,1.23694941
5,127,1.23694941
5,128,1.23694941
5,129,1.23694941
5,130,2.073544305
5,131,2.263681936
5,132,3.225296534
5,133,1.23694941
5,134,1.23694941
5,135,1.23694941
5,136,1.23694941
5,137,1.23694941
5,138,1.23694941
5,139,1.23694941
5,140,2.263681936
5,141,2.437225534
5,142,1.23694941
5,143,1.23694941
5,144,1.23694941
5,145,1.23694941
5,146,1.23694941
5,147,1.23694941
5,148,1.23694941
5,149,2.073544305
5,150,1.23694941
5,151,1.23694941
5,152,1.23694941
5,153,1.23694941
5,154,1.23694941
5,155,1.23694941
5,156,1.23694941
5,157,1.23694941
5,158,1.23694941
5,159,1.23694941
5,160,1.23694941
5,161,1.23694941
5,162,1.23694941
5,163,1.23694941
5,164,1.23694941
5,165,1.23694941
5,166,1.23694941
5,167,1.23694941
5,168,1.23694941
5,169,1.23694941
5,170,1.23694941
5,171,1.23694941
5,172,1.23694941
5,173,1.23694941
5,174,1.23694941
5,175,1.23694941
5,176,1.23694941
5,177,1.23694941
5,178,1.23694941
5,179,1.23694941
5,180,1.23694941
5,181,1.23694941
5,182,1.23694941
5,183,1.23694941
5,184,1.23694941
5,185,1.23694941
5,186,1.23694941
5,187,1.23694941
5,188,1.23694941
5,189,1.23694941
5,190,1.23694941
5,191,1.23694941
5,192,1.23694941
5,193,1.23694941
5,194,1.23694941
5,195,1.23694941
5,196,1.23694941
5,197,1.23694941
5,198,1.23694941
5,199,1.23694941
5,200,1.23694941
5,201,1.23694941
5,202,1.23694941
5,203,1.23694941
5,204,1.23694941
5,205,1.23694941
5,206,1.23694941
5,207,1.23694941
5,208,1.23694941
5,209,1.23694941
5,210,1.23694941
5,211,1.23694941
5,212,1.23694941
5,213,1.23694941
5,214,1.23694941
5,215,1.23694941
5,216,1.23694941
5,217,1.23694941
5,218,1.23694941
5,219,1.23694941
5,220,1.23694941
5,221,1.23694941
5,222,1.23694941
5,223,1.23694941
5,224,1.23694941
5,225,1.23694941
5,226,1.23694941
5,227,1.23694941
5,228,1.23694941
5,229,1.23694941
5,230,1.23694941
5,231,1.23694941
5,232,1.23694941
5,233,1.23694941
5,234,1.23694941
5,235,1.23694941
5,236,1.23694941
5,237,1.23694941
5,238,1.23694941
5,239,1.23694941
5,240,1.23694941
5,241,1.23694941
5,242,1.23694941
5,243,1.23694941
5,244,1.23694941
5,245,1.23694941
5,246,1.23694941
5,247,1.23694941
5,248,1.23694941
5,249,1.23694941
5,250,1.23694941
5,251,1.23694941
5,252,1.23694941
5,253,1.23694941
5,254,1.23694941
5,255,1.23694941
5,256,1.23694941
5,257,1.23694941
5,258,1.23694941
5,259,1.23694941
5,260,1.23694941
5,261,1.23694941
5,262,1.23694941
5,263,1.23694941
5,264,1.23694941
5,265,1.23694941
5,266,1.23694941
5,267,1.23694941
5,268,1.23694941
5,269,1.23694941
5,270,1.23694941
5,271,1.23694941
5,272,1.23694941
5,273,1.23694941
5,274,1.23694941
5,275,1.23694941
5,276,1.23694941
5,277,1.23694941
5,278,1.23694941
5,279,1.23694941
5,280,1.23694941
5,281,1.23694941
5,282,1.23694941
5,283,1.23694941
5,284,1.23694941
5,285,1.23694941
5,286,1.23694941
5,287,1.23694941
5,288,1.23694941
5,289,1.23694941
5,290,1.23694941
5,291,1.23694941
5,292,1.23694941
5,293,1.23694941
5,294,1.23694941
5,295,1.23694941
5,296,1.23694941
5,297,1.23694941
5,298,1.23694941
5,299,1.23694941
5,300,1.23694941
5,301,1.23694941
5,302,1.23694941
5,303,1.23694941
5,304,1.23694941
5,305,1.23694941
5,306,1.23694941
5,307,1.23694941
5,308,1.23694941
5,309,1.23694941
5,310,1.23694941
5,311,1.23694941
5,312,1.23694941
5,313,1.23694941
5,314,1.23694941
5,315,1.23694941
5,316,1.23694941
5,317,1.23694941
5,318,1.23694941
5,319,1.23694941
5,320,1.23694941
5,321,1.23694941
5,322,1.23694941
5,323,1.23694941
5,324,1.23694941
5,325,1.23694941
5,326,1.23694941
5,327,1.23694941
5,328,1.23694941
5,329,1.23694941
5,330,1.23694941
5,331,1.23694941
5,332,1.23694941
5,333,1.23694941
5,334,1.23694941
5,335,1.23694941
5,336,1.23694941
5,337,1.23694941
5,338,1.23694941
5,339,1.23694941
5,340,1.23694941
5,341,1.23694941
5,342,1.23694941
5,343,1.23694941
5,344,1.23694941
5,345,1.23694941
5,346,1.23694941
5,347,1.23694941
5,348,1.23694941
5,349,1.23694941
5,350,1.23694941
5,351,1.23694941
5,352,1.23694941
5,353,1.23694941
5,354,1.23694941
5,355,1.23694941
5,356,1.23694941
5,357,1.23694941
5,358,1.23694941
5,359,1.23694941
5,360,1.23694941
5,361,1.23694941
5,362,1.23694941
5,363,1.23694941
5,364,1.23694941
5,365,1.23694941
5,366,1.23694941
5,367,1.23694941
5,368,1.23694941
5,369,1.23694941
5,370,1.23694941
5,371,1.23694941
5,372,1.23694941
5,373,1.23694941
5,374,1.23694941
5,375,1.23694941
5,376,1.23694941
5,377,1.23694941
5,378,1.23694941
5,379,1.23694941
5,380,1.23694941
5,381,1.23694941
5,382,1.23694941
5,383,1.23694941
5,384,1.23694941
5,385,1.23694941
5,386,1.23694941
5,387,1.23694941
5,388,1.23694941
5,389,1.23694941
5,390,1.23694941
5,391,1.23694941
5,392,1.23694941
5,393,1.23694941
5,394,1.23694941
5,395,1.23694941
5,396,1.23694941
5,397,1.23694941
5,398,1.23694941
5,399,1.23694941
5,400,1.23694941
5,401,1.23694941
5,402,1.23694941
5,403,1.23694941
5,404,1.23694941
5,405,1.23694941
5,406,1.23694941
5,407,1.23694941
5,408,1.23694941
5,409,1.23694941
5,410,1.23694941
5,411,1.23694941
5,412,1.23694941
5,413,1.23694941
5,414,1.23694941
5,415,1.23694941
5,416,1.23694941
5,417,1.23694941
5,418,1.23694941
5,419,1.23694941
6,0,17.7107557
6,1,6.478817504
6,2,14.02152645
6,3,6.462180101
6,4,13.48952274
6,5,17.31879401
6,6,10.2886107
6,7,6.007616593
6,8,9.409183888
6,9,11.33403526
6,10,8.922792141
6,11,10.09185334
6,12,8.371576296
6,13,19.46005248
6,14,5.351023141
6,15,11.16214754
6,16,15.47398989
6,17,4.243643371
6,18,11.22513821
6,19,9.421987818
6,20,13.40384232
6,21,12.70054598
6,22,18.03350805
6,23,23.9032806
6,24,3.733945052
6,25,10.78966823
6,26,12.47386543
6,27,7.373740711
6,28,6.848926475
6,29,6.131392712
6,30,8.302814081
6,31,9.424843008
6,32,8.697528756
6,33,10.73098173
6,34,3.966752585
6,35,13.44649064
6,36,6.557113408
6,37,5.568024414
6,38,8.566803349
6,39,7.645630387
6,40,1.467653435
6,41,10.3506453
6,42,6.704806713
6,43,4.27592478
6,44,5.595783628
6,45,10.15187042
6,46,2.163405036
6,47,12.12709849
6,48,7.122185633
6,49,4.323987175
6,50,4.007543134
6,51,5.5305121
6,52,3.552529673
6,53,9.330958146
6,54,4.27860153
6,55,4.014655877
6,56,5.464052276
6,57,7.293138848
6,58,3.340426188
6,59,5.101891317
6,60,8.089819609
6,61,3.021312876
6,62,4.211765346
6,63,3.715445806
6,64,7.575419978
6,65,7.975296229
6,66,5.595744182
6,67,2.141724095
6,68,3.827319367
6,69,7.541763985
6,70,3.809358325
6,71,0.9090911145
6,72,4.214369179
6,73,3.168456621
6,74,7.087518398
6,75,1.253108752
6,76,5.553995593
6,77,6.481280495
6,78,5.198258199
6,79,6.703307056
6,80,4.797158104
6,81,3.707953517
6,82,6.287121341
6,83,2.506520508
6,84,1.216950359
6,85,3.801796069
6,86,6.541559398
6,87,4.129096442
6,88,2.849255163
6,89,2.999532856
6,90,5.641730228
6,91,2.743280301
6,92,1.467653435
6,93,3.402241047
6,94,5.294547535
6,95,3.478731102
6,96,4.182053592
6,97,6.365163994
6,98,2.95604091
6,99,5.793323105
6,100,6.81584257
6,101,5.57407246
6,102,1.23694941
6,103,1.23694941
6,104,1.23694941
6,105,1.23694941
6,106,2.861615305
6,107,3.485413464
6,108,1.870913994
6,109,1.870913994
6,110,3.694107499
6,111,3.190137563
6,112,3.858232302
6,113,4.277027066
6,114,3.797705518
6,115,1.882358519
6,116,1.744111979
6,117,0.9075170835
6,118,0.9075170835
6,119,1.708814921
6,120,1.405010854
6,121,1.253108752
6,122,1.216950359
6,123,1
6,124,1
6,125,0.9090911145
6,126,0.9090911145
6,127,0.9090911145
6,128,0.9090911145
6,129,0.9090911145
6,130,0.9090911145
6,131,0.9090911145
6,132,0.9090911145
6,133,0.9090911145
6,134,0.9090911145
6,135,2.107793208
6,136,0.9075170835
6,137,0.9075170835
6,138,0.9075170835
6,139,0.9075170835
6,140,0.9075170835
6,141,0.9075170835
6,142,0.9075170835
6,143,0.9075170835
6,144,0.9075170835
6,145,2.283025604
6,146,0.9075170835
6,147,0.9075170835
6,148,0.9075170835
6,149,0.9075170835
6,150,0.9075170835
6,151,0.9075170835
6,152,0.9075170835
6,153,0.9075170835
6,154,0.9075170835
6,155,0.9075170835
6,156,0.9075170835
6,157,0.9075170835
6,158,0.9075170835
6,159,0.9075170835
6,160,0.9075170835
6,161,0.9075170835
6,162,0.9075170835
6,163,0.9075170835
6,164,0.9075170835
6,165,0.9075170835
6,166,0.9075170835
6,167,0.9075170835
6,168,0.9075170835
6,169,0.9075170835
6,170,0.9075170835
6,171,0.9075170835
6,172,0.9075170835
6,173,0.9075170835
6,174,0.9075170835
6,175,0.9075170835
6,176,0.9075170835
6,177,0.9075170835
6,178,0.9075170835
6,179,0.9075170835
6,180,0.9075170835
6,181,0.9075170835
6,182,0.9075170835
6,183,0.9075170835
6,184,0.9075170835
6,185,0.9075170835
6,186,0.9075170835
6,187,0.9075170835
6,188,0.9075170835
6,189,0.9075170835
6,190,0.9075170835
6,191,0.9075170835
6,192,0.9075170835
6,193,0.9075170835
6,194,0.9075170835
6,195,0.9075170835
6,196,0.9075170835
6,197,0.9075170835
6,198,0.9075170835
6,199,0.9075170835
6,200,0.9075170835
6,201,0.9075170835
6,202,0.9075170835
6,203,0.9075170835
6,204,0.9075170835
6,205,0.9075170835
6,206,0.9075170835
6,207,0.9075170835
6,208,0.9075170835
6,209,0.9075170835
6,210,0.9075170835
6,211,0.9075170835
6,212,0.9075170835
6,213,0.9075170835
6,214,0.9075170835
6,215,0.9075170835
6,216,0.9075170835
6,217,0.9075170835
6,218,0.9075170835
6,219,0.9075170835
6,220,0.9075170835
6,221,0.9075170835
6,222,0.9075170835
6,223,0.9075170835
6,224,0.9075170835
6,225,0.9075170835
6,226,0.9075170835
6,227,0.9075170835
6,228,0.9075170835
6,229,0.9075170835
6,230,0.9075170835
6,231,0.9075170835
6,232,0.9075170835
6,233,0.9075170835
6,234,0.9075170835
6,235,0.9075170835
6,236,0.9075170835
6,237,0.9075170835
6,238,0.9075170835
6,239,0.9075170835
6,240,0.9075170835
6,241,0.9075170835
6,242,0.9075170835
6,243,0.9075170835
6,244,0.9075170835
6,245,0.9075170835
6,246,0.9075170835
6,247,0.9075170835
6,248,0.9075170835
6,249,0.9075170835
6,250,0.9075170835
6,251,0.9075170835
6,252,0.9075170835
6,253,0.9075170835
6,254,0.9075170835
6,255,0.9075170835
6,256,0.9075170835
6,257,0.9075170835
6,258,0.9075170835
6,259,0.9075170835
6,260,0.9075170835
6,261,0.9075170835
6,262,0.9075170835
6,263,0.9075170835
6,264,0.9075170835
6,265,0.9075170835
6,266,0.9075170835
6,267,0.9075170835
6,268,0.9075170835
6,269,0.9075170835
6,270,0.9075170835
6,271,0.9075170835
6,272,0.9075170835
6,273,0.9075170835
6,274,0.9075170835
6,275,0.9075170835
6,276,0.9075170835
6,277,0.9075170835
6,278,0.9075170835
6,279,0.9075170835
6,280,0.9075170835
6,281,0.9075170835
6,282,0.9075170835
6,283,0.9075170835
6,284,0.9075170835
6,285,0.9075170835
6,286,0.9075170835
6,287,0.9075170835
6,288,0.9075170835
6,289,0.9075170835
6,290,0.9075170835
6,291,0.9075170835
6,292,0.9075170835
6,293,0.9075170835
6,294,0.9075170835
6,295,0.9075170835
6,296,0.9075170835
6,297,0.9075170835
6,298,0.9075170835
6,299,0.9075170835
6,300,0.9075170835
6,301,0.9075170835
6,302,0.9075170835
6,303,0.9075170835
6,304,0.9075170835
6,305,0.9075170835
6,306,0.9075170835
6,307,0.9075170835
6,308,0.9075170835
6,309,0.9075170835
6,310,0.9075170835
6,311,0.9075170835
6,312,0.9075170835
6,313,0.9075170835
6,314,0.9075170835
6,315,0.9075170835
6,316,0.9075170835
6,317,0.9075170835
6,318,0.9075170835
6,319,0.9075170835
6,320,0.9075170835
6,321,0.9075170835
6,322,0.9075170835
6,323,0.9075170835
6,324,0.9075170835
6,325,0.9075170835
6,326,0.9075170835
6,327,0.9075170835
6,328,0.9075170835
6,329,0.9075170835
6,330,0.9075170835
6,331,0.9075170835
6,332,0.9075170835
6,333,0.9075170835
6,334,0.9075170835
6,335,0.9075170835
6,336,0.9075170835
6,337,0.9075170835
6,338,0.9075170835
6,339,0.9075170835
6,340,0.9075170835
6,341,0.9075170835
6,342,0.9075170835
6,343,0.9075170835
6,344,0.9075170835
6,345,0.9075170835
6,346,0.9075170835
6,347,0.9075170835
6,348,0.9075170835
6,349,0.9075170835
6,350,0.9075170835
6,351,0.9075170835
6,352,0.9075170835
6,353,0.9075170835
6,354,0.9075170835
6,355,0.9075170835
6,356,0.9075170835
6,357,0.9075170835
6,358,0.9075170835
6,359,0.9075170835
6,360,0.9075170835
6,361,0.9075170835
6,362,0.9075170835
6,363,0.9075170835
6,364,0.9075170835
6,365,0.9075170835
6,366,0.9075170835
6,367,0.9075170835
6,368,0.9075170835
6,369,0.9075170835
6,370,0.9075170835
6,371,0.9075170835
6,372,0.9075170835
6,373,0.9075170835
6,374,0.9075170835
6,375,0.9075170835
6,376,0.9075170835
6,377,0.9075170835
6,378,0.9075170835
6,379,0.9075170835
6,380,0.9075170835
6,381,0.9075170835
6,382,0.9075170835
6,383,0.9075170835
6,384,0.9075170835
6,385,0.9075170835
6,386,0.9075170835
6,387,0.9075170835
6,388,0.9075170835
6,389,0.9075170835
6,390,0.9075170835
6,391,0.9075170835
6,392,0.9075170835
6,393,0.9075170835
6,394,0.9075170835
6,395,0.9075170835
6,396,0.9075170835
6,397,0.9075170835
6,398,0.9075170835
6,399,0.9075170835
6,400,0.9075170835
6,401,0.9075170835
6,402,0.9075170835
6,403,0.9075170835
6,404,0.9075170835
6,405,0.9075170835
6,406,0.9075170835
6,407,0.9075170835
6,408,0.9075170835
6,409,0.9075170835
6,410,0.9075170835
6,411,0.9075170835
6,412,0.9075170835
6,413,0.9075170835
6,414,0.9075170835
6,415,0.9075170835
6,416,0.9075170835
6,417,0.9075170835
6,418,0.9075170835
6,419,0.9075170835
7,0,19.14083598
7,1,4.237123826
7,2,9.698797235
7,3,10.70356224
7,4,7.486375427
7,5,21.70734256
7,6,10.78965489
7,7,21.25795221
7,8,14.76908771
7,9,16.02131711
7,10,10.7613815
7,11,7.630260275
7,12,10.03456954
7,13,17.46014633
7,14,6.33638179
7,15,8.94959632
7,16,6.467204161
7,17,8.569933191
7,18,11.97866366
7,19,9.93271848
7,20,11.09944815
7,21,10.89912769
7,22,10.31773236
7,23,8.455139462
7,24,7.69509569
7,25,7.532747087
7,26,13.15579366
7,27,5.88401889
7,28,3.707370247
7,29,12.03914184
7,30,6.172725937
7,31,7.34801252
7,32,6.002115295
7,33,3.159794122
7,34,4.320190961
7,35,7.63722737
7,36,7.423319959
7,37,2.902763587
7,38,9.140101534
7,39,11.64090553
7,40,12.03622949
7,41,10.81092884
7,42,10.07076949
7,43,5.424246537
7,44,11.61186887
7,45,7.415463316
7,46,3.508939087
7,47,5.150755204
7,48,5.50321873
7,49,6.937812212
7,50,8.898282396
7,51,8.683124832
7,52,6.697775441
7,53,4.006566992
7,54,6.929641952
7,55,7.082426626
7,56,6.659284356
7,57,16.18581176
7,58,5.708720501
7,59,7.765078109
7,60,5.887234613
7,61,3.862760852
7,62,5.716737254
7,63,3.151902034
7,64,2.107793208
7,65,3.59835167
7,66,6.898803718
7,67,7.372342223
7,68,5.009605094
7,69,7.939612567
7,70,3.449519902
7,71,2.056067097
7,72,6.469605446
7,73,5.945901848
7,74,5.080538927
7,75,4.319414453
7,76,4.151387699
7,77,4.721475189
7,78,7.508471874
7,79,5.217281109
7,80,1.517232684
7,81,5.588250008
7,82,6.097889566
7,83,4.091480165
7,84,5.22809726
7,85,3.923359536
7,86,4.213080836
7,87,5.074805931
7,88,3.917587026
7,89,1.06305627
7,90,1.06305627
7,91,3.049829364
7,92,2.717464533
7,93,1.061482239
7,94,4.555868133
7,95,2.226461306
7,96,7.881428564
7,97,3.273107734
7,98,4.330354534
7,99,9.019235649
7,100,2.375469075
7,101,2.279841279
7,102,2.093405193
7,103,1.690834655
7,104,3.288593471
7,105,1.216950359
7,106,1
7,107,1.744111979
7,108,0.9075170835
7,109,0.9075170835
7,110,0.9075170835
7,111,0.9075170835
7,112,0.9075170835
7,113,0.9075170835
7,114,1.93424961
7,115,0.9075170835
7,116,1.93424961
7,117,0.9075170835
7,118,0.9075170835
7,119,0.9075170835
7,120,0.9075170835
7,121,0.9075170835
7,122,1.708814921
7,123,1.405010854
7,124,1.253108752
7,125,1
7,126,0.9090911145
7,127,0.9090911145
7,128,0.9090911145
7,129,0.9090911145
7,130,0.9090911145
7,131,0.9090911145
7,132,0.9090911145
7,133,0.9090911145
7,134,0.9090911145
7,135,0.9090911145
7,136,0.9090911145
7,137,0.9090911145
7,138,0.9090911145
7,139,0.9090911145
7,140,0.9090911145
7,141,0.9090911145
7,142,0.9090911145
7,143,0.9090911145
7,144,0.9090911145
7,145,0.9090911145
7,146,0.9090911145
7,147,0.9090911145
7,148,0.9090911145
7,149,0.9090911145
7,150,0.9090911145
7,151,0.9090911145
7,152,0.9090911145
7,153,0.9090911145
7,154,0.9090911145
7,155,0.9090911145
7,156,0.9090911145
7,157,0.9090911145
7,158,0.9090911145
7,159,0.9090911145
7,160,0.9090911145
7,161,0.9090911145
7,162,0.9090911145
7,163,0.9090911145
7,164,0.9090911145
7,165,0.9090911145
7,166,0.9090911145
7,167,0.9090911145
7,168,0.9090911145
7,169,0.9090911145
7,170,0.9090911145
7,171,0.9090911145
7,172,0.9090911145
7,173,0.9090911145
7,174,0.9090911145
7,175,0.9090911145
7,176,0.9090911145
7,177,0.9090911145
7,178,0.9090911145
7,179,0.9090911145
7,180,0.9090911145
7,181,0.9090911145
7,182,0.9090911145
7,183,0.9090911145
7,184,0.9090911145
7,185,0.9090911145
7,186,0.9090911145
7,187,0.9090911145
7,188,0.9090911145
7,189,0.9090911145
7,190,0.9090911145
7,191,0.9090911145
7,192,0.9090911145
7,193,0.9090911145
7,194,0.9090911145
7,195,0.9090911145
7,196,0.9090911145
7,197,0.9090911145
7,198,0.9090911145
7,199,0.9090911145
7,200,0.9090911145
7,201,0.9090911145
7,202,0.9090911145
7,203,0.9090911145
7,204,0.9090911145
7,205,0.9090911145
7,206,0.9090911145
7,207,0.9090911145
7,208,0.9090911145
7,209,0.9090911145
7,210,0.9090911145
7,211,0.9090911145
7,212,0.9090911145
7,213,0.9090911145
7,214,0.9090911145
7,215,0.9090911145
7,216,0.9090911145
7,217,0.9090911145
7,218,0.9090911145
7,219,0.9090911145
7,220,0.9090911145
7,221,0.9090911145
7,222,0.9090911145
7,223,0.9090911145
7,224,0.9090911145
7,225,0.9090911145
7,226,0.9090911145
7,227,0.9090911145
7,228,0.9090911145
7,229,0.9090911145
7,230,0.9090911145
7,231,0.9090911145
7,232,0.9090911145
7,233,0.9090911145
7,234,0.9090911145
7,235,0.9090911145
7,236,0.9090911145
7,237,0.9090911145
7,238,0.9090911145
7,239,0.9090911145
7,240,0.9090911145
7,241,0.9090911145
7,242,0.9090911145
7,243,0.9090911145
7,244,0.9090911145
7,245,0.9090911145
7,246,0.9090911145
7,247,0.9090911145
7,248,0.9090911145
7,249,0.9090911145
7,250,0.9090911145
7,251,0.9090911145
7,252,0.9090911145
7,253,0.9090911145
7,254,0.9090911145
7,255,0.9090911145
7,256,0.9090911145
7,257,0.9090911145
7,258,0.9090911145
7,259,0.9090911145
7,260,0.9090911145
7,261,0.9090911145
7,262,0.9090911145
7,263,0.9090911145
7,264,0.9090911145
7,265,0.9090911145
7,266,0.9090911145
7,267,0.9090911145
7,268,0.9090911145
7,269,0.9090911145
7,270,0.9090911145
7,271,0.9090911145
7,272,0.9090911145
7,273,0.9090911145
7,274,0.9090911145
7,275,0.9090911145
7,276,0.9090911145
7,277,0.9090911145
7,278,0.9090911145
7,279,0.9090911145
7,280,0.9090911145
7,281,0.9090911145
7,282,0.9090911145
7,283,0.9090911145
7,284,0.9090911145
7,285,0.9090911145
7,286,0.9090911145
7,287,0.9090911145
7,288,0.9090911145
7,289,0.9090911145
7,290,0.9090911145
7,291,0.9090911145
7,292,0.9090911145
7,293,0.9090911145
7,294,0.9090911145
7,295,0.9090911145
7,296,0.9090911145
7,297,0.9090911145
7,298,0.9090911145
7,299,0.9090911145
7,300,0.9090911145
7,301,0.9090911145
7,302,0.9090911145
7,303,0.9090911145
7,304,0.9090911145
7,305,0.9090911145
7,306,0.9090911145
7,307,0.9090911145
7,308,0.9090911145
7,309,0.9090911145
7,310,0.9090911145
7,311,0.9090911145
7,312,0.9090911145
7,313,0.9090911145
7,314,0.9090911145
7,315,0.9090911145
7,316,0.9090911145
7,317,0.9090911145
7,318,0.9090911145
7,319,0.9090911145
7,320,0.9090911145
7,321,0.9090911145
7,322,0.9090911145
7,323,0.9090911145
7,324,0.9090911145
7,325,0.9090911145
7,326,0.9090911145
7,327,0.9090911145
7,328,0.9090911145
7,329,0.9090911145
7,330,0.9090911145
7,331,0.9090911145
7,332,0.9090911145
7,333,0.9090911145
7,334,0.9090911145
7,335,0.9090911145
7,336,0.9090911145
7,337,0.9090911145
7,338,0.9090911145
7,339,0.9090911145
7,340,0.9090911145
7,341,0.9090911145
7,342,0.9090911145
7,343,0.9090911145
7,344,0.9090911145
7,345,0.9090911145
7,346,0.9090911145
7,347,0.9090911145
7,348,0.9090911145
7,349,0.9090911145
7,350,0.9090911145
7,351,0.9090911145
7,352,0.9090911145
7,353,0.9090911145
7,354,0.9090911145
7,355,0.9090911145
7,356,0.9090911145
7,357,0.9090911145
7,358,0.9090911145
7,359,0.9090911145
7,360,0.9090911145
7,361,0.9090911145
7,362,0.9090911145
7,363,0.9090911145
7,364,0.9090911145
7,365,0.9090911145
7,366,0.9090911145
7,367,0.9090911145
7,368,0.9090911145
7,369,0.9090911145
7,370,0.9090911145
7,371,0.9090911145
7,372,0.9090911145
7,373,0.9090911145
7,374,0.9090911145
7,375,0.9090911145
7,376,0.9090911145
7,377,0.9090911145
7,378,0.9090911145
7,379,0.9090911145
7,380,0.9090911145
7,381,0.9090911145
7,382,0.9090911145
7,383,0.9090911145
7,384,0.9090911145
7,385,0.9090911145
7,386,0.9090911145
7,387,0.9090911145
7,388,0.9090911145
7,389,0.9090911145
7,390,0.9090911145
7,391,0.9090911145
7,392,0.9090911145
7,393,0.9090911145
7,394,0.9090911145
7,395,0.9090911145
7,396,0.9090911145
7,397,0.9090911145
7,398,0.9090911145
7,399,0.9090911145
7,400,0.9090911145
7,401,0.9090911145
7,402,0.9090911145
7,403,0.9090911145
7,404,0.9090911145
7,405,0.9090911145
7,406,0.9090911145
7,407,0.9090911145
7,408,0.9090911145
7,409,0.9090911145
7,410,0.9090911145
7,411,0.9090911145
7,412,0.9090911145
7,413,0.9090911145
7,414,0.9090911145
7,415,0.9090911145
7,416,0.9090911145
7,417,0.9090911145
7,418,0.9090911145
7,419,0.9090911145
8,0,13.29302537
8,1,7.318919878
8,2,13.24334957
8,3,24.54934772
8,4,11.40886552
8,5,19.33439197
8,6,6.453588581
8,7,9.57637052
8,8,9.423568255
8,9,16.30811784
8,10,14.86469129
8,11,6.88342939
8,12,18.54228244
8,13,13.88916503
8,14,15.2518345
8,15,16.16975449
8,16,9.184006244
8,17,10.97240423
8,18,17.47112836
8,19,5.879145728
8,20,11.48050734
8,21,8.867908045
8,22,4.464399988
8,23,4.721896767
8,24,5.169469909
8,25,9.084399958
8,26,12.80436062
8,27,16.02035225
8,28,6.97181921
8,29,10.07872129
8,30,7.256198589
8,31,6.148779641
8,32,6.223522697
8,33,6.928347651
8,34,6.286947705
8,35,4.9072376
8,36,8.282562725
8,37,21.92724152
8,38,9.65908598
8,39,10.04124553
8,40,6.24722542
8,41,7.23862716
8,42,7.927505852
8,43,6.154930665
8,44,7.216621602
8,45,8.346347393
8,46,6.914750799
8,47,6.48667509
8,48,10.79976996
8,49,5.601969827
8,50,7.007923134
8,51,3.230039345
8,52,11.70554723
8,53,9.406656572
8,54,4.093192282
8,55,5.920743289
8,56,10.58537468
8,57,6.583964934
8,58,4.98787998
8,59,4.113404175
8,60,9.056584615
8,61,5.467613853
8,62,5.056511224
8,63,8.939231637
8,64,7.565432016
8,65,9.052491935
8,66,6.921754429
8,67,7.114852371
8,68,4.112069325
8,69,4.994640001
8,70,6.471798658
8,71,5.700091316
8,72,3.529135606
8,73,6.346619077
8,74,6.747155849
8,75,6.740404248
8,76,4.80275311
8,77,4.342086622
8,78,4.850494775
8,79,2.036323675
8,80,1.898077134
8,81,3.309758131
8,82,4.222843081
8,83,3.827463795
8,84,6.863121424
8,85,7.683245418
8,86,2.495405405
8,87,2.026732527
8,88,3.473760657
8,89,5.226679092
8,90,2.95604091
8,91,2.283025604
8,92,4.685542968
8,93,5.617722358
8,94,4.24131834
8,95,3.184784167
8,96,2.614130602
8,97,3.482780112
8,98,5.724463665
8,99,3.526896288
8,100,3.563054681
8,101,2.506520508
8,102,1.882358519
8,103,1.744111979
8,104,0.9075170835
8,105,2.735547448
8,106,2.026693081
8,107,3.437498659
8,108,0.9075170835
8,109,0.9075170835
8,110,0.9075170835
8,111,0.9075170835
8,112,1.708814921
8,113,2.451810846
8,114,1.849553239
8,115,1.061482239
8,116,1.061482239
8,117,1.061482239
8,118,1.849553239
8,119,2.658911632
8,120,1.061482239
8,121,1.862780077
8,122,3.273585655
8,123,3.685644159
8,124,2.226461306
8,125,2.827883378
8,126,3.08099213
8,127,2.675981276
8,128,3.931705711
8,129,3.948489735
8,130,3.159794122
8,131,0.9090911145
8,132,0.9090911145
8,133,2.107793208
8,134,0.9075170835
8,135,0.9075170835
8,136,0.9075170835
8,137,0.9075170835
8,138,0.9075170835
8,139,0.9075170835
8,140,0.9075170835
8,141,0.9075170835
8,142,0.9075170835
8,143,0.9075170835
8,144,1.708814921
8,145,1.253108752
8,146,1
8,147,1
8,148,1
8,149,1
8,150,1.253108752
8,151,1
8,152,1
8,153,0.9090911145
8,154,0.9090911145
8,155,0.9090911145
8,156,0.9090911145
8,157,0.9090911145
8,158,0.9090911145
8,159,0.9090911145
8,160,0.9090911145
8,161,0.9090911145
8,162,0.9090911145
8,163,0.9090911145
8,164,0.9090911145
8,165,0.9090911145
8,166,0.9090911145
8,167,0.9090911145
8,168,0.9090911145
8,169,0.9090911145
8,170,0.9090911145
8,171,0.9090911145
8,172,0.9090911145
8,173,0.9090911145
8,174,0.9090911145
8,175,0.9090911145
8,176,0.9090911145
8,177,0.9090911145
8,178,0.9090911145
8,179,0.9090911145
8,180,0.9090911145
8,181,0.9090911145
8,182,0.9090911145
8,183,0.9090911145
8,184,0.9090911145
8,185,0.9090911145
8,186,0.9090911145
8,187,0.9090911145
8,188,0.9090911145
8,189,0.9090911145
8,190,0.9090911145
8,191,0.9090911145
8,192,0.9090911145
8,193,0.9090911145
8,194,0.9090911145
8,195,0.9090911145
8,196,0.9090911145
8,197,0.9090911145
8,198,0.9090911145
8,199,0.9090911145
8,200,0.9090911145
8,201,0.9090911145
8,202,0.9090911145
8,203,0.9090911145
8,204,0.9090911145
8,205,0.9090911145
8,206,0.9090911145
8,207,0.9090911145
8,208,0.9090911145
8,209,0.9090911145
8,210,0.9090911145
8,211,0.9090911145
8,212,0.9090911145
8,213,0.9090911145
8,214,0.9090911145
8,215,0.9090911145
8,216,0.9090911145
8,217,0.9090911145
8,218,0.9090911145
8,219,0.9090911145
8,220,0.9090911145
8,221,0.9090911145
8,222,0.9090911145
8,223,0.9090911145
8,224,0.9090911145
8,225,0.9090911145
8,226,0.9090911145
8,227,0.9090911145
8,228,0.9090911145
8,229,0.9090911145
8,230,0.9090911145
8,231,0.9090911145
8,232,0.9090911145
8,233,0.9090911145
8,234,0.9090911145
8,235,0.9090911145
8,236,0.9090911145
8,237,0.9090911145
8,238,0.9090911145
8,239,0.9090911145
8,240,0.9090911145
8,241,0.9090911145
8,242,0.9090911145
8,243,0.9090911145
8,244,0.9090911145
8,245,0.9090911145
8,246,0.9090911145
8,247,0.9090911145
8,248,0.9090911145
8,249,0.9090911145
8,250,0.9090911145
8,251,0.9090911145
8,252,0.9090911145
8,253,0.9090911145
8,254,0.9090911145
8,255,0.9090911145
8,256,0.9090911145
8,257,0.9090911145
8,258,0.9090911145
8,259,0.9090911145
8,260,0.9090911145
8,261,0.9090911145
8,262,0.9090911145
8,263,0.9090911145
8,264,0.9090911145
8,265,0.9090911145
8,266,0.9090911145
8,267,0.9090911145
8,268,0.9090911145
8,269,0.9090911145
8,270,0.9090911145
8,271,0.9090911145
8,272,0.9090911145
8,273,0.9090911145
8,274,0.9090911145
8,275,0.9090911145
8,276,0.9090911145
8,277,0.9090911145
8,278,0.9090911145
8,279,0.9090911145
8,280,0.9090911145
8,281,0.9090911145
8,282,0.9090911145
8,283,0.9090911145
8,284,0.9090911145
8,285,0.9090911145
8,286,0.9090911145
8,287,0.9090911145
8,288,0.9090911145
8,289,0.9090911145
8,290,0.9090911145
8,291,0.9090911145
8,292,0.9090911145
8,293,0.9090911145
8,294,0.9090911145
8,295,0.9090911145
8,296,0.9090911145
8,297,0.9090911145
8,298,0.9090911145
8,299,0.9090911145
8,300,0.9090911145
8,301,0.9090911145
8,302,0.9090911145
8,303,0.9090911145
8,304,0.9090911145
8,305,0.9090911145
8,306,0.9090911145
8,307,0.9090911145
8,308,0.9090911145
8,309,0.9090911145
8,310,0.9090911145
8,311,0.9090911145
8,312,0.9090911145
8,313,0.9090911145
8,314,0.9090911145
8,315,0.9090911145
8,316,0.9090911145
8,317,0.9090911145
8,318,0.9090911145
8,319,0.9090911145
8,320,0.9090911145
8,321,0.9090911145
8,322,0.9090911145
8,323,0.9090911145
8,324,0.9090911145
8,325,0.9090911145
8,326,0.9090911145
8,327,0.9090911145
8,328,0.9090911145
8,329,0.9090911145
8,330,0.9090911145
8,331,0.9090911145
8,332,0.9090911145
8,333,0.9090911145
8,334,0.9090911145
8,335,0.9090911145
8,336,0.9090911145
8,337,0.9090911145
8,338,0.9090911145
8,339,0.9090911145
8,340,0.9090911145
8,341,0.9090911145
8,342,0.9090911145
8,343,0.9090911145
8,344,0.9090911145
8,345,0.9090911145
8,346,0.9090911145
8,347,0.9090911145
8,348,0.9090911145
8,349,0.9090911145
8,350,0.9090911145
8,351,0.9090911145
8,352,0.9090911145
8,353,0.9090911145
8,354,0.9090911145
8,355,0.9090911145
8,356,0.9090911145
8,357,0.9090911145
8,358,0.9090911145
8,359,0.9090911145
8,360,0.9090911145
8,361,0.9090911145
8,362,0.9090911145
8,363,0.9090911145
8,364,0.9090911145
8,365,0.9090911145
8,366,0.9090911145
8,367,0.9090911145
8,368,0.9090911145
8,369,0.9090911145
8,370,0.9090911145
8,371,0.9090911145
8,372,0.9090911145
8,373,0.9090911145
8,374,0.9090911145
8,375,0.9090911145
8,376,0.9090911145
8,377,0.9090911145
8,378,0.9090911145
8,379,0.9090911145
8,380,0.9090911145
8,381,0.9090911145
8,382,0.9090911145
8,383,0.9090911145
8,384,0.9090911145
8,385,0.9090911145
8,386,0.9090911145
8,387,0.9090911145
8,388,0.9090911145
8,389,0.9090911145
8,390,0.9090911145
8,391,0.9090911145
8,392,0.9090911145
8,393,0.9090911145
8,394,0.9090911145
8,395,0.9090911145
8,396,0.9090911145
8,397,0.9090911145
8,398,0.9090911145
8,399,0.9090911145
8,400,0.9090911145
8,401,0.9090911145
8,402,0.9090911145
8,403,0.9090911145
8,404,0.9090911145
8,405,0.9090911145
8,406,0.9090911145
8,407,0.9090911145
8,408,0.9090911145
8,409,0.9090911145
8,410,0.9090911145
8,411,0.9090911145
8,412,0.9090911145
8,413,0.9090911145
8,414,0.9090911145
8,415,0.9090911145
8,416,0.9090911145
8,417,0.9090911145
8,418,0.9090911145
8,419,0.9090911145
