seed,N,tau,method,psnr,ssim
1,100000.0,0,camera,18.685309050712313,0.6142990812194149
1,100000.0,0,camera_wiener,18.685309050712313,0.6142990812194148
1,100000.0,0,ghost,10.013877997156186,0.12241531517709865
1,100000.0,0,ghost_wiener,10.01387799715619,0.12241531517709875
2,100000.0,0,camera,18.86980631979029,0.6174762308474349
2,100000.0,0,camera_wiener,18.86980631979029,0.6174762308474351
2,100000.0,0,ghost,10.020419580116158,0.11389724704017515
2,100000.0,0,ghost_wiener,10.020419580116158,0.1138972470401751
3,100000.0,0,camera,18.623147095120068,0.6096877698726888
3,100000.0,0,camera_wiener,18.623147095120068,0.6096877698726889
3,100000.0,0,ghost,10.016382515811467,0.1181393549082132
3,100000.0,0,ghost_wiener,10.016382515811467,0.11813935490821345
4,100000.0,0,camera,18.75417890120523,0.6198996710308633
4,100000.0,0,camera_wiener,18.75417890120523,0.6198996710308633
4,100000.0,0,ghost,10.01188540350161,0.12685876696449241
4,100000.0,0,ghost_wiener,10.01188540350161,0.12685876696449255
5,100000.0,0,camera,18.68813496146093,0.6121168267086767
5,100000.0,0,camera_wiener,18.68813496146093,0.6121168267086767
5,100000.0,0,ghost,10.013694966188558,0.12274444249605843
5,100000.0,0,ghost_wiener,10.013694966188558,0.1227444424960584
6,100000.0,0,camera,18.843279592027308,0.6223855010305851
6,100000.0,0,camera_wiener,18.843279592027308,0.622385501030585
6,100000.0,0,ghost,10.017641983731702,0.11715758640466332
6,100000.0,0,ghost_wiener,10.017641983731702,0.11715758640466335
7,100000.0,0,camera,18.641307403301056,0.6114778173432519
7,100000.0,0,camera_wiener,18.641307403301056,0.6114778173432518
7,100000.0,0,ghost,10.021211193858015,0.11179731259177726
7,100000.0,0,ghost_wiener,10.021211193858013,0.11179731259177712
8,100000.0,0,camera,18.618991736843796,0.6155633871886569
8,100000.0,0,camera_wiener,18.618991736843796,0.615563387188657
8,100000.0,0,ghost,10.013812247232403,0.12370651467875082
8,100000.0,0,ghost_wiener,10.013812247232405,0.12370651467875077
1,10000000.0,0,camera,40.75626099793879,0.991147413684483
1,10000000.0,0,camera_wiener,40.75626099793879,0.9911474136844831
1,10000000.0,0,ghost,10.964109852461014,0.1791717020660711
1,10000000.0,0,ghost_wiener,10.964109852461018,0.17917170206607108
2,10000000.0,0,camera,40.50688533145536,0.9911842627137284
2,10000000.0,0,camera_wiener,40.50688533145536,0.9911842627137288
2,10000000.0,0,ghost,11.09436600816952,0.1841356656650698
2,10000000.0,0,ghost_wiener,11.09436600816952,0.18413566566506964
3,10000000.0,0,camera,40.82265751336929,0.9911744649815823
3,10000000.0,0,camera_wiener,40.8226575133693,0.991174464981583
3,10000000.0,0,ghost,11.127134364026237,0.19730280792517862
3,10000000.0,0,ghost_wiener,11.127134364026237,0.19730280792517865
4,10000000.0,0,camera,40.16159771822493,0.990257786105739
4,10000000.0,0,camera_wiener,40.16159771822493,0.9902577861057389
4,10000000.0,0,ghost,11.072208857118442,0.1878783642521714
4,10000000.0,0,ghost_wiener,11.072208857118442,0.18787836425217153
5,10000000.0,0,camera,40.90375185208223,0.9900070262257953
5,10000000.0,0,camera_wiener,40.90375185208223,0.990007026225795
5,10000000.0,0,ghost,10.985150543592692,0.17687809222926626
5,10000000.0,0,ghost_wiener,10.985150543592692,0.1768780922292663
6,10000000.0,0,camera,40.32119359081812,0.9909095839517503
6,10000000.0,0,camera_wiener,40.32119359081812,0.9909095839517498
6,10000000.0,0,ghost,11.009538406012885,0.17683381675890744
6,10000000.0,0,ghost_wiener,11.009538406012885,0.17683381675890736
7,10000000.0,0,camera,40.44710903780933,0.9909828075497462
7,10000000.0,0,camera_wiener,40.44710903780934,0.9909828075497461
7,10000000.0,0,ghost,11.000835089571401,0.17386326793207346
7,10000000.0,0,ghost_wiener,11.000835089571403,0.17386326793207338
8,10000000.0,0,camera,40.645914867212184,0.9908156550788871
8,10000000.0,0,camera_wiener,40.64591486721219,0.9908156550788876
8,10000000.0,0,ghost,11.00779659841341,0.17098094409417697
8,10000000.0,0,ghost_wiener,11.00779659841341,0.17098094409417697
1,1000000000.0,0,camera,60.49169721611796,0.9998838061095878
1,1000000000.0,0,camera_wiener,60.491697216118,0.999883806109588
1,1000000000.0,0,ghost,24.48977753543653,0.7349639832956321
1,1000000000.0,0,ghost_wiener,24.48977753543653,0.7349639832956321
2,1000000000.0,0,camera,60.41313363646231,0.9998983687920645
2,1000000000.0,0,camera_wiener,60.41313363646231,0.9998983687920644
2,1000000000.0,0,ghost,24.556925523346315,0.7332281046863343
2,1000000000.0,0,ghost_wiener,24.556925523346315,0.7332281046863343
3,1000000000.0,0,camera,60.31360472859235,0.9998715214704218
3,1000000000.0,0,camera_wiener,60.31360472859234,0.9998715214704219
3,1000000000.0,0,ghost,24.563462801040913,0.7399232187593578
3,1000000000.0,0,ghost_wiener,24.563462801040913,0.7399232187593582
4,1000000000.0,0,camera,60.17307807487285,0.999892559643666
4,1000000000.0,0,camera_wiener,60.17307807487285,0.9998925596436654
4,1000000000.0,0,ghost,24.50942304990255,0.7350061427844992
4,1000000000.0,0,ghost_wiener,24.50942304990255,0.7350061427844992
5,1000000000.0,0,camera,60.58357189643068,0.9999095640416998
5,1000000000.0,0,camera_wiener,60.58357189643069,0.9999095640416986
5,1000000000.0,0,ghost,24.59153066988982,0.7361913508539399
5,1000000000.0,0,ghost_wiener,24.59153066988982,0.7361913508539399
6,1000000000.0,0,camera,60.64382781968824,0.9999100256101623
6,1000000000.0,0,camera_wiener,60.64382781968828,0.9999100256101623
6,1000000000.0,0,ghost,24.473035474457472,0.7341339265386302
6,1000000000.0,0,ghost_wiener,24.473035474457472,0.7341339265386302
7,1000000000.0,0,camera,60.32731029916724,0.9998885654087639
7,1000000000.0,0,camera_wiener,60.32731029916725,0.9998885654087644
7,1000000000.0,0,ghost,24.562323822465835,0.7377363095001077
7,1000000000.0,0,ghost_wiener,24.562323822465835,0.7377363095001076
8,1000000000.0,0,camera,60.35198277690296,0.9998875768320618
8,1000000000.0,0,camera_wiener,60.35198277690298,0.9998875768320616
8,1000000000.0,0,ghost,24.60378081640342,0.7386108366016584
8,1000000000.0,0,ghost_wiener,24.60378081640342,0.7386108366016582
1,100000.0,0.5,camera,15.321068225378639,0.4665503960440145
1,100000.0,0.5,camera_wiener,14.747704693476827,0.4486855406492997
1,100000.0,0.5,ghost,10.013615402253524,0.12306014974137691
1,100000.0,0.5,ghost_wiener,10.01290705850801,0.12447384835963776
2,100000.0,0.5,camera,15.326687702151222,0.4641532509606576
2,100000.0,0.5,camera_wiener,14.752925102129526,0.44611894637867133
2,100000.0,0.5,ghost,10.013955698616783,0.12216567360218306
2,100000.0,0.5,ghost_wiener,10.013217850827097,0.1236053180808896
3,100000.0,0.5,camera,15.474581702118456,0.46709091826113036
3,100000.0,0.5,camera_wiener,14.897351078701512,0.4495791408810139
3,100000.0,0.5,ghost,10.02022636367573,0.1140683395668373
3,100000.0,0.5,ghost_wiener,10.018587158531865,0.11617393573313736
4,100000.0,0.5,camera,15.379542106359754,0.4618413706790614
4,100000.0,0.5,camera_wiener,14.80043915103799,0.44409810523177096
4,100000.0,0.5,ghost,10.012120369269784,0.12603310022206188
4,100000.0,0.5,ghost_wiener,10.011624951938035,0.12707253202817195
5,100000.0,0.5,camera,15.429354335423383,0.47040455712620377
5,100000.0,0.5,camera_wiener,14.84364017075774,0.45198480714496425
5,100000.0,0.5,ghost,10.01253308196221,0.12510452056447413
5,100000.0,0.5,ghost_wiener,10.01212329221964,0.12595877916906167
6,100000.0,0.5,camera,15.45609651677992,0.46604888957798773
6,100000.0,0.5,camera_wiener,14.888231739165935,0.4490647519442915
6,100000.0,0.5,ghost,10.012221221702246,0.1267631156380612
6,100000.0,0.5,ghost_wiener,10.012075338359857,0.12698940837875014
7,100000.0,0.5,camera,15.519637945074551,0.4674579444093659
7,100000.0,0.5,camera_wiener,14.938006406943066,0.4503320683060801
7,100000.0,0.5,ghost,10.011942139580798,0.127306982200426
7,100000.0,0.5,ghost_wiener,10.011878957540826,0.1273886266579422
8,100000.0,0.5,camera,15.338353305007503,0.46610711037095554
8,100000.0,0.5,camera_wiener,14.760042375828622,0.4479287741147454
8,100000.0,0.5,ghost,10.011223551756899,0.12840641735853148
8,100000.0,0.5,ghost_wiener,10.011206263838709,0.12842467571381344
1,10000000.0,0.5,camera,30.841962945026857,0.9639120062613465
1,10000000.0,0.5,camera_wiener,35.63731379093457,0.9682104520208406
1,10000000.0,0.5,ghost,10.523194999075617,0.11308713485139313
1,10000000.0,0.5,ghost_wiener,10.432410462817433,0.10565543688499596
2,10000000.0,0.5,camera,30.81590627042534,0.9632746045077822
2,10000000.0,0.5,camera_wiener,35.45542774512665,0.9683730852102937
2,10000000.0,0.5,ghost,10.54972941841176,0.10690710262479877
2,10000000.0,0.5,ghost_wiener,10.45070811929314,0.09907622488849732
3,10000000.0,0.5,camera,30.766956256616133,0.9622832709126642
3,10000000.0,0.5,camera_wiener,35.44711057961799,0.9663661224781747
3,10000000.0,0.5,ghost,10.452031377109268,0.10855867747085743
3,10000000.0,0.5,ghost_wiener,10.375768271399291,0.10199214189042909
4,10000000.0,0.5,camera,30.763796977620366,0.9627338441696266
4,10000000.0,0.5,camera_wiener,35.340722177551925,0.9667984214953544
4,10000000.0,0.5,ghost,10.481382661512324,0.11400881679836133
4,10000000.0,0.5,ghost_wiener,10.398583087328092,0.10671389100859072
5,10000000.0,0.5,camera,30.954024512700787,0.9647150106409395
5,10000000.0,0.5,camera_wiener,35.92344826635688,0.9692927763277985
5,10000000.0,0.5,ghost,10.51247984890104,0.11131696514194242
5,10000000.0,0.5,ghost_wiener,10.426680049717621,0.1042356070172843
6,10000000.0,0.5,camera,30.868247804860953,0.9628650939204275
6,10000000.0,0.5,camera_wiener,35.57201866143425,0.967521434938065
6,10000000.0,0.5,ghost,10.497033014206929,0.10846239145376871
6,10000000.0,0.5,ghost_wiener,10.4078749133604,0.10141803437662389
7,10000000.0,0.5,camera,30.807944389111583,0.9630451542338971
7,10000000.0,0.5,camera_wiener,35.59520705027501,0.9675158460121798
7,10000000.0,0.5,ghost,10.45306614279153,0.1128509093269404
7,10000000.0,0.5,ghost_wiener,10.376716514668448,0.10624920399828033
8,10000000.0,0.5,camera,30.77424386574456,0.9626224006843862
8,10000000.0,0.5,camera_wiener,35.509579037031024,0.967845904020393
8,10000000.0,0.5,ghost,10.464252570688595,0.1058343856349183
8,10000000.0,0.5,ghost_wiener,10.383272000383052,0.09937503069041664
1,1000000000.0,0.5,camera,32.048054254950664,0.986879730935124
1,1000000000.0,0.5,camera_wiener,55.370591492905554,0.9995987217696127
1,1000000000.0,0.5,ghost,20.73777546371479,0.6379726832837196
1,1000000000.0,0.5,ghost_wiener,20.183955893469765,0.6256553918358765
2,1000000000.0,0.5,camera,32.05446298967462,0.9869108479731458
2,1000000000.0,0.5,camera_wiener,55.63159721313532,0.9996144594867198
2,1000000000.0,0.5,ghost,20.871517283948275,0.642056089642743
2,1000000000.0,0.5,ghost_wiener,20.322614134520663,0.6293547438848656
3,1000000000.0,0.5,camera,32.041403246116914,0.9868480805033748
3,1000000000.0,0.5,camera_wiener,55.32923048076331,0.9996099330153275
3,1000000000.0,0.5,ghost,20.749525471353685,0.6419994731316538
3,1000000000.0,0.5,ghost_wiener,20.20609169639236,0.6295693867880331
4,1000000000.0,0.5,camera,32.04381225256049,0.9868788581374576
4,1000000000.0,0.5,camera_wiener,55.65034433463184,0.999623535886847
4,1000000000.0,0.5,ghost,20.69494161719819,0.6370112288345775
4,1000000000.0,0.5,ghost_wiener,20.153184248576224,0.6240459256821796
5,1000000000.0,0.5,camera,32.04202801510735,0.9868721802899652
5,1000000000.0,0.5,camera_wiener,55.560939857995415,0.999581387851342
5,1000000000.0,0.5,ghost,20.839619562108027,0.643161725161842
5,1000000000.0,0.5,ghost_wiener,20.311058537490965,0.631779196182548
6,1000000000.0,0.5,camera,32.03444029176675,0.9868842621387526
6,1000000000.0,0.5,camera_wiener,55.828868635895496,0.9995879102623166
6,1000000000.0,0.5,ghost,20.8480638245706,0.6446768932665357
6,1000000000.0,0.5,ghost_wiener,20.247289451023352,0.630745607640401
7,1000000000.0,0.5,camera,32.04926886251024,0.9868917583316017
7,1000000000.0,0.5,camera_wiener,55.576974662380664,0.9996037390844779
7,1000000000.0,0.5,ghost,20.83345188006961,0.6437620926023748
7,1000000000.0,0.5,ghost_wiener,20.24417623701341,0.6303595320131798
8,1000000000.0,0.5,camera,32.03622477506539,0.9868435427630899
8,1000000000.0,0.5,camera_wiener,55.63450365445719,0.9996122026823369
8,1000000000.0,0.5,ghost,20.975917008090626,0.6471915982092005
8,1000000000.0,0.5,ghost_wiener,20.428181733708804,0.6351416781906684
1,100000.0,1,camera,12.99127989883435,0.28735071653168165
1,100000.0,1,camera_wiener,12.455886427904801,0.2702175662735853
1,100000.0,1,ghost,10.010529317988963,0.12954367088146312
1,100000.0,1,ghost_wiener,10.010531893635232,0.12955502619166387
2,100000.0,1,camera,13.06432533134801,0.31386463565087214
2,100000.0,1,camera_wiener,12.5293820595102,0.29607830129985035
2,100000.0,1,ghost,10.013138739503075,0.12406670718023874
2,100000.0,1,ghost_wiener,10.012354623319231,0.1256512943853041
3,100000.0,1,camera,12.897142120781336,0.2998756354229718
3,100000.0,1,camera_wiener,12.375484286446095,0.28171058527765436
3,100000.0,1,ghost,10.01215387961826,0.12634635122537632
3,100000.0,1,ghost_wiener,10.01187568629484,0.1268903752594336
4,100000.0,1,camera,12.985626529612377,0.30918027592777075
4,100000.0,1,camera_wiener,12.45587389392885,0.2912768255944793
4,100000.0,1,ghost,10.010567045594026,0.12951176715064805
4,100000.0,1,ghost_wiener,10.010573567751333,0.1294931003089922
5,100000.0,1,camera,12.975386247540847,0.31073038924376795
5,100000.0,1,camera_wiener,12.443090859169317,0.2926747117986377
5,100000.0,1,ghost,10.010680255677835,0.12936967487088258
5,100000.0,1,ghost_wiener,10.010673314702302,0.12937595927537
6,100000.0,1,camera,12.889973654624141,0.29308646865860777
6,100000.0,1,camera_wiener,12.377314139655724,0.27633219435457823
6,100000.0,1,ghost,10.017720546633539,0.11588744891338455
6,100000.0,1,ghost_wiener,10.015526795530223,0.11955329528630787
7,100000.0,1,camera,13.218853816304055,0.3184451362460221
7,100000.0,1,camera_wiener,12.667581759671275,0.300647058248192
7,100000.0,1,ghost,10.011432996636165,0.12780728426380006
7,100000.0,1,ghost_wiener,10.011483194553783,0.12767482176781358
8,100000.0,1,camera,13.166582016876667,0.31496081571236767
8,100000.0,1,camera_wiener,12.614410775673377,0.296773708679586
8,100000.0,1,ghost,10.010592941936578,0.1293256389355429
8,100000.0,1,ghost_wiener,10.010569932318884,0.12939767932006468
1,10000000.0,1,camera,23.944508919032902,0.8708808219544139
1,10000000.0,1,camera_wiener,30.618932480972912,0.9083945528306545
1,10000000.0,1,ghost,10.275336141794318,0.07824921836338533
1,10000000.0,1,ghost_wiener,10.212138562263016,0.07644269878913595
2,10000000.0,1,camera,23.961787488637437,0.8700054574087914
2,10000000.0,1,camera_wiener,30.60023386079354,0.9071457959080444
2,10000000.0,1,ghost,10.23711933597581,0.06896156507373558
2,10000000.0,1,ghost_wiener,10.178070451318037,0.06872295734352905
3,10000000.0,1,camera,23.959210065000008,0.870603659565247
3,10000000.0,1,camera_wiener,30.848787350768827,0.9079756307080863
3,10000000.0,1,ghost,10.236614938361646,0.07561813308887458
3,10000000.0,1,ghost_wiener,10.18081133233608,0.07516344898392037
4,10000000.0,1,camera,23.82477251177052,0.8715795286470591
4,10000000.0,1,camera_wiener,30.64158554586578,0.9085638189855989
4,10000000.0,1,ghost,10.221376813624294,0.07419478709614208
4,10000000.0,1,ghost_wiener,10.170563496654776,0.07388999984846159
5,10000000.0,1,camera,23.91763714044565,0.8715620153275391
5,10000000.0,1,camera_wiener,30.73515295618992,0.9080692866101903
5,10000000.0,1,ghost,10.280257187904704,0.07470676667941839
5,10000000.0,1,ghost_wiener,10.213615177746911,0.07337265010070881
6,10000000.0,1,camera,23.947011285381215,0.8723099367600512
6,10000000.0,1,camera_wiener,30.734576383812193,0.9084277639014233
6,10000000.0,1,ghost,10.238174976641831,0.070872816451079
6,10000000.0,1,ghost_wiener,10.181864549893573,0.07048392101857462
7,10000000.0,1,camera,23.959734551046587,0.8725154692492039
7,10000000.0,1,camera_wiener,30.774431503432016,0.9096634365722838
7,10000000.0,1,ghost,10.197032092929676,0.06330390493594457
7,10000000.0,1,ghost_wiener,10.147723925314967,0.06522616941565848
8,10000000.0,1,camera,23.852975386260866,0.8696373398350006
8,10000000.0,1,camera_wiener,30.472439298040005,0.9054959836900729
8,10000000.0,1,ghost,10.236373705182611,0.07881890430970734
8,10000000.0,1,ghost_wiener,10.183961858780979,0.07784820489315117
1,1000000000.0,1,camera,24.339570041182096,0.9148423231408082
1,1000000000.0,1,camera_wiener,50.44032115830565,0.998461533418458
1,1000000000.0,1,ghost,17.68714197927718,0.5367673159160445
1,1000000000.0,1,ghost_wiener,17.13462084145952,0.5270012543251389
2,1000000000.0,1,camera,24.33156903101783,0.9148207303542566
2,1000000000.0,1,camera_wiener,50.47058987562891,0.9984291594158333
2,1000000000.0,1,ghost,17.50484136486654,0.523267937507834
2,1000000000.0,1,ghost_wiener,17.002319022823187,0.51542659381446
3,1000000000.0,1,camera,24.327236857424957,0.9146704589783017
3,1000000000.0,1,camera_wiener,50.4878377729458,0.998493141866554
3,1000000000.0,1,ghost,17.63314573958287,0.5296913236383525
3,1000000000.0,1,ghost_wiener,17.1119140446728,0.5204998671019176
4,1000000000.0,1,camera,24.33067578607828,0.9146202230796877
4,1000000000.0,1,camera_wiener,50.24907076808647,0.9983571278090086
4,1000000000.0,1,ghost,17.608192754031936,0.5302422624627704
4,1000000000.0,1,ghost_wiener,17.083450228355407,0.5201101402019723
5,1000000000.0,1,camera,24.332735877448748,0.914628535667987
5,1000000000.0,1,camera_wiener,50.26666145541107,0.99838694245747
5,1000000000.0,1,ghost,17.607928570473852,0.5294703086568213
5,1000000000.0,1,ghost_wiener,17.056007713569006,0.5205401865268269
6,1000000000.0,1,camera,24.326854611698483,0.9149264754254924
6,1000000000.0,1,camera_wiener,50.4055700229597,0.9983939123134661
6,1000000000.0,1,ghost,17.623995443499606,0.5333881615558915
6,1000000000.0,1,ghost_wiener,17.095854667101925,0.5247277232533145
7,1000000000.0,1,camera,24.337324141852108,0.9148677214752358
7,1000000000.0,1,camera_wiener,50.499340237925416,0.9983928330553281
7,1000000000.0,1,ghost,17.546769864356435,0.5225149994414384
7,1000000000.0,1,ghost_wiener,16.9984439724126,0.51402325780322
8,1000000000.0,1,camera,24.330461855636774,0.9148390021805533
8,1000000000.0,1,camera_wiener,50.2998394240972,0.9983832231044458
8,1000000000.0,1,ghost,17.797307956926762,0.5350722545249891
8,1000000000.0,1,ghost_wiener,17.27921222203133,0.5273978870913252
1,100000.0,2,camera,11.022672565221562,0.10700253145216337
1,100000.0,2,camera_wiener,11.363181839230467,0.12446038612991991
1,100000.0,2,ghost,10.011151689958977,0.12824624928694506
1,100000.0,2,ghost_wiener,10.01125439237967,0.12814412262287872
2,100000.0,2,camera,11.080989908945096,0.11602607069477716
2,100000.0,2,camera_wiener,11.43469128201695,0.1354274688871439
2,100000.0,2,ghost,10.011453223244601,0.12748663330513804
2,100000.0,2,ghost_wiener,10.01167261652715,0.12702132959780857
3,100000.0,2,camera,11.18467513559609,0.13212238583484567
3,100000.0,2,camera_wiener,11.549291143273537,0.1510659398419122
3,100000.0,2,ghost,10.010802904397105,0.12892183404416485
3,100000.0,2,ghost_wiener,10.010970960593365,0.12857267360590102
4,100000.0,2,camera,11.101074548950155,0.11487933733184177
4,100000.0,2,camera_wiener,11.454750226491822,0.1322929338302159
4,100000.0,2,ghost,10.01100435585043,0.12817410384052758
4,100000.0,2,ghost_wiener,10.011258332215345,0.12749180882801736
5,100000.0,2,camera,11.078399327806673,0.12418561784780908
5,100000.0,2,camera_wiener,11.431330608046679,0.14358059217542593
5,100000.0,2,ghost,10.013211852418118,0.12377586594496112
5,100000.0,2,ghost_wiener,10.01486117487261,0.1208428816244442
6,100000.0,2,camera,11.146159852190058,0.12704053737540452
6,100000.0,2,camera_wiener,11.511838729426461,0.14633485311510327
6,100000.0,2,ghost,10.012425788771884,0.1248405043774615
6,100000.0,2,ghost_wiener,10.01318285493624,0.12326570938186256
7,100000.0,2,camera,11.096565459503944,0.11516861824288394
7,100000.0,2,camera_wiener,11.452059337082805,0.13266730495220616
7,100000.0,2,ghost,10.014707091880467,0.12204230622928827
7,100000.0,2,ghost_wiener,10.016814249588958,0.11885376351601813
8,100000.0,2,camera,11.147301056702066,0.12291036087429633
8,100000.0,2,camera_wiener,11.509776277472119,0.14306271356604167
8,100000.0,2,ghost,10.01059543708079,0.1293749689281191
8,100000.0,2,ghost_wiener,10.010608459352683,0.12936241578418112
1,10000000.0,2,camera,17.490306042867086,0.5995220324602815
1,10000000.0,2,camera_wiener,22.003037974765377,0.7155059186964274
1,10000000.0,2,ghost,10.076764375979703,0.07226492803536194
1,10000000.0,2,ghost_wiener,10.10602331215076,0.06625212999404442
2,10000000.0,2,camera,17.497280357110466,0.6023143956894824
2,10000000.0,2,camera_wiener,21.9871656897649,0.7139740619537085
2,10000000.0,2,ghost,10.081078658832169,0.07249313198914642
2,10000000.0,2,ghost_wiener,10.11398889402092,0.06656342830125446
3,10000000.0,2,camera,17.402167654793026,0.5910838494269164
3,10000000.0,2,camera_wiener,21.746400189418598,0.7074782948967545
3,10000000.0,2,ghost,10.075269591308194,0.07130161957611619
3,10000000.0,2,ghost_wiener,10.105024847432293,0.06466904676694069
4,10000000.0,2,camera,17.467818423883703,0.596631546754997
4,10000000.0,2,camera_wiener,21.926587797583984,0.7135663925477652
4,10000000.0,2,ghost,10.069481081809526,0.07382110281395557
4,10000000.0,2,ghost_wiener,10.095336814356525,0.0661416600313709
5,10000000.0,2,camera,17.521331568258482,0.5946996019217408
5,10000000.0,2,camera_wiener,22.07557374183173,0.7197558501792491
5,10000000.0,2,ghost,10.076142338058355,0.07458890003405252
5,10000000.0,2,ghost_wiener,10.10446076082789,0.06922991746591753
6,10000000.0,2,camera,17.529355401969667,0.602660980012579
6,10000000.0,2,camera_wiener,22.068600904955815,0.7202911121942646
6,10000000.0,2,ghost,10.080464096113461,0.0747011609488003
6,10000000.0,2,ghost_wiener,10.109124154742924,0.06972335473340598
7,10000000.0,2,camera,17.490717193673426,0.5957677268026156
7,10000000.0,2,camera_wiener,21.815311700756883,0.7092308705215604
7,10000000.0,2,ghost,10.093708056631792,0.0684868081030382
7,10000000.0,2,ghost_wiener,10.130943288053839,0.06334581102595356
8,10000000.0,2,camera,17.48122865158949,0.599821200042795
8,10000000.0,2,camera_wiener,21.952156497959084,0.7155883849724222
8,10000000.0,2,ghost,10.062878367056891,0.0820850504134983
8,10000000.0,2,ghost_wiener,10.08458663575426,0.0765298853402574
1,1000000000.0,2,camera,17.683611414728453,0.6534579798401636
1,1000000000.0,2,camera_wiener,40.341934529473626,0.9817200777882052
1,1000000000.0,2,ghost,13.759915050266693,0.28883384129881406
1,1000000000.0,2,ghost_wiener,14.300220793325952,0.30973164307011114
2,1000000000.0,2,camera,17.67661401214581,0.6525215552500541
2,1000000000.0,2,camera_wiener,40.42387503248862,0.9820660373142798
2,1000000000.0,2,ghost,13.637314061107498,0.27226806615877475
2,1000000000.0,2,ghost_wiener,14.168505297781476,0.29200963442711453
3,1000000000.0,2,camera,17.692026489033324,0.6534847348168813
3,1000000000.0,2,camera_wiener,40.27765546017662,0.9813009398637341
3,1000000000.0,2,ghost,13.824866174822876,0.2883699764078404
3,1000000000.0,2,ghost_wiener,14.33924643095867,0.30547293293265054
4,1000000000.0,2,camera,17.679836522556688,0.6528684040908919
4,1000000000.0,2,camera_wiener,40.27695887633985,0.9810432400411631
4,1000000000.0,2,ghost,13.735607970411953,0.281654664658494
4,1000000000.0,2,ghost_wiener,14.273768461939905,0.3031419017273652
5,1000000000.0,2,camera,17.681791998841987,0.6539972782458601
5,1000000000.0,2,camera_wiener,40.47577186747358,0.9820053103330602
5,1000000000.0,2,ghost,13.741498698005186,0.27789683840951407
5,1000000000.0,2,ghost_wiener,14.252934327656162,0.29797526503199767
6,1000000000.0,2,camera,17.677627343339328,0.6531841974130108
6,1000000000.0,2,camera_wiener,40.287698573265814,0.9814973712485687
6,1000000000.0,2,ghost,13.692852229527261,0.27312501173087833
6,1000000000.0,2,ghost_wiener,14.201893179933577,0.2921055885619941
7,1000000000.0,2,camera,17.68306118830534,0.6525155309105395
7,1000000000.0,2,camera_wiener,40.48904518970855,0.9816340977791416
7,1000000000.0,2,ghost,13.70300972839059,0.2758082719715751
7,1000000000.0,2,ghost_wiener,14.221344738785277,0.2954941264038836
8,1000000000.0,2,camera,17.678978029119083,0.6533009789274246
8,1000000000.0,2,camera_wiener,40.2993535950562,0.980213692249398
8,1000000000.0,2,ghost,13.74227793323998,0.27327592687125846
8,1000000000.0,2,ghost_wiener,14.268544810024288,0.29333805291766013
1,100000.0,3,camera,10.566094872787303,0.051684414349047636
1,100000.0,3,camera_wiener,11.97279920988148,0.09211853488201036
1,100000.0,3,ghost,10.015713126390573,0.11957545551796049
1,100000.0,3,ghost_wiener,10.033926734099124,0.10217952385509525
2,100000.0,3,camera,10.667652631872418,0.06834982157708994
2,100000.0,3,camera_wiener,12.235944723765414,0.12208859228996374
2,100000.0,3,ghost,10.010552264196722,0.12952932110784643
2,100000.0,3,ghost_wiener,10.011900188797867,0.12716375156780874
3,100000.0,3,camera,10.657138213512951,0.07265678112640725
3,100000.0,3,camera_wiener,12.167813620732378,0.12243640397872499
3,100000.0,3,ghost,10.014811654759907,0.12136592020868181
3,100000.0,3,ghost_wiener,10.032533000677455,0.10196099007782274
4,100000.0,3,camera,10.670751301107915,0.0673695211632686
4,100000.0,3,camera_wiener,12.235509441144494,0.11852574301136568
4,100000.0,3,ghost,10.011313133293386,0.12786339256610765
4,100000.0,3,ghost_wiener,10.018793292480293,0.11636063786050249
5,100000.0,3,camera,10.52888594059986,0.05766514051839948
5,100000.0,3,camera_wiener,11.954175660887662,0.10424210382483942
5,100000.0,3,ghost,10.01070775552573,0.12913019098973705
5,100000.0,3,ghost_wiener,10.012869194740357,0.12514043456835988
6,100000.0,3,camera,10.525844044462403,0.07376065165280296
6,100000.0,3,camera_wiener,11.902076854652687,0.1181915393770416
6,100000.0,3,ghost,10.010762160444242,0.1291105248616038
6,100000.0,3,ghost_wiener,10.01092212611843,0.1287064024786745
7,100000.0,3,camera,10.56511005206067,0.06283246637257861
7,100000.0,3,camera_wiener,12.040666701617376,0.11097652818756656
7,100000.0,3,ghost,10.010535692242575,0.1295044010817625
7,100000.0,3,ghost_wiener,10.010748982394768,0.12890964941423277
8,100000.0,3,camera,10.623305188931937,0.07303832317636824
8,100000.0,3,camera_wiener,12.07164195176782,0.12006784057020314
8,100000.0,3,ghost,10.011525817330584,0.12730555501435184
8,100000.0,3,ghost_wiener,10.015084141737528,0.12122153045348039
1,10000000.0,3,camera,15.030137452571868,0.39380712496456016
1,10000000.0,3,camera_wiener,16.432147635930903,0.4668215712546
1,10000000.0,3,ghost,10.040160757826806,0.09034081479770584
1,10000000.0,3,ghost_wiener,10.180254581945993,0.05865544610679005
2,10000000.0,3,camera,15.021574607504311,0.3884219533753429
2,10000000.0,3,camera_wiener,16.40005672624345,0.4658257417434501
2,10000000.0,3,ghost,10.0576180382395,0.07900984361100588
2,10000000.0,3,ghost_wiener,10.253262880116768,0.057373848746091596
3,10000000.0,3,camera,15.017312010919376,0.39418177134146526
3,10000000.0,3,camera_wiener,16.434442641534478,0.4753663102025454
3,10000000.0,3,ghost,10.072012097139964,0.07350532157651037
3,10000000.0,3,ghost_wiener,10.321488809107372,0.05600262868302594
4,10000000.0,3,camera,15.022969033485245,0.38953522785796657
4,10000000.0,3,camera_wiener,16.40484221851359,0.4655961430186648
4,10000000.0,3,ghost,10.052863542797967,0.08106389318633173
4,10000000.0,3,ghost_wiener,10.247388826518433,0.05366398203858674
5,10000000.0,3,camera,14.99451136441543,0.3879970427352523
5,10000000.0,3,camera_wiener,16.367444546192672,0.4643581068481203
5,10000000.0,3,ghost,10.060089078679324,0.07702889994636994
5,10000000.0,3,ghost_wiener,10.308876951562585,0.050001642028237814
6,10000000.0,3,camera,14.994880620183086,0.3960239692427676
6,10000000.0,3,camera_wiener,16.343616678407923,0.4696117241961638
6,10000000.0,3,ghost,10.072941617581533,0.07630600090263044
6,10000000.0,3,ghost_wiener,10.285597054122672,0.05806135937516156
7,10000000.0,3,camera,15.008935511472647,0.38899535566464544
7,10000000.0,3,camera_wiener,16.38029146046083,0.46512287745297143
7,10000000.0,3,ghost,10.034549252053711,0.09529269075311239
7,10000000.0,3,ghost_wiener,10.138859593837417,0.06285992690842261
8,10000000.0,3,camera,15.070699591821109,0.39623856613150343
8,10000000.0,3,camera_wiener,16.500812725367943,0.4757572980387973
8,10000000.0,3,ghost,10.072533514300009,0.07793397709856563
8,10000000.0,3,ghost_wiener,10.298413368818796,0.067192347937432
1,1000000000.0,3,camera,15.162228166062118,0.45746829448327175
1,1000000000.0,3,camera_wiener,31.001074694981256,0.8966975849677679
1,1000000000.0,3,ghost,12.30813499749253,0.15600994867568602
1,1000000000.0,3,ghost_wiener,13.719222707244574,0.20433074158619796
2,1000000000.0,3,camera,15.166599607307642,0.45779741491592385
2,1000000000.0,3,camera_wiener,30.873719580990485,0.893966300569151
2,1000000000.0,3,ghost,12.262678100196904,0.13959627922466422
2,1000000000.0,3,ghost_wiener,13.636306196365613,0.19342104259404885
3,1000000000.0,3,camera,15.162347432323244,0.4580008985560904
3,1000000000.0,3,camera_wiener,31.14855671214842,0.8947810668795655
3,1000000000.0,3,ghost,12.241334997461745,0.13209064749895078
3,1000000000.0,3,ghost_wiener,13.678683651703967,0.19638124781349414
4,1000000000.0,3,camera,15.165021718925772,0.4579594155701244
4,1000000000.0,3,camera_wiener,31.286912500154965,0.8991105695713019
4,1000000000.0,3,ghost,12.365216697132889,0.14861655230469722
4,1000000000.0,3,ghost_wiener,13.765597514329997,0.2055448381839468
5,1000000000.0,3,camera,15.160550925268378,0.4582151667110227
5,1000000000.0,3,camera_wiener,31.09112025022653,0.8965728539839167
5,1000000000.0,3,ghost,12.377476511969656,0.14620660493578133
5,1000000000.0,3,ghost_wiener,13.745611250918026,0.1988247956666102
6,1000000000.0,3,camera,15.164860064346481,0.45779579204396936
6,1000000000.0,3,camera_wiener,30.973162577230127,0.897075317761465
6,1000000000.0,3,ghost,12.420616898110197,0.1617926753126046
6,1000000000.0,3,ghost_wiener,13.785032226578783,0.21567492484465273
7,1000000000.0,3,camera,15.155336634904113,0.45786468834122024
7,1000000000.0,3,camera_wiener,31.183058869239332,0.8974447559134917
7,1000000000.0,3,ghost,12.201713764567275,0.12913880062744262
7,1000000000.0,3,ghost_wiener,13.634658753231898,0.1888414890464985
8,1000000000.0,3,camera,15.165641946414643,0.4585775364567341
8,1000000000.0,3,camera_wiener,31.22497776338433,0.9002256610661847
8,1000000000.0,3,ghost,12.33422439123402,0.1461913038246356
8,1000000000.0,3,ghost_wiener,13.783560608476,0.2030393092759799
1,100000.0,4,camera,10.433275282817657,0.05378594901335636
1,100000.0,4,camera_wiener,12.705592529229989,0.12979750286493097
1,100000.0,4,ghost,10.010698547901807,0.129327779635493
1,100000.0,4,ghost_wiener,10.016271004769127,0.12256843952485882
2,100000.0,4,camera,10.41144997118556,0.05686610330423539
2,100000.0,4,camera_wiener,12.544030794776202,0.11635288969819264
2,100000.0,4,ghost,10.0107797215934,0.1289229363496321
2,100000.0,4,ghost_wiener,10.016647556269456,0.12284683968693912
3,100000.0,4,camera,10.454878987079127,0.05473266477889401
3,100000.0,4,camera_wiener,12.67582849546735,0.12807113683730686
3,100000.0,4,ghost,10.015375911113937,0.11944125368790684
3,100000.0,4,ghost_wiener,10.094884362077485,0.08789943026625202
4,100000.0,4,camera,10.400900067366937,0.051214170699425174
4,100000.0,4,camera_wiener,12.609708669548773,0.11835972382522808
4,100000.0,4,ghost,10.01089317527496,0.1289066609782505
4,100000.0,4,ghost_wiener,10.011062918658594,0.12857958513511683
5,100000.0,4,camera,10.334999218605756,0.045726521424351345
5,100000.0,4,camera_wiener,12.426930994399836,0.1065662131502077
5,100000.0,4,ghost,10.010741380631261,0.12883692436076521
5,100000.0,4,ghost_wiener,10.028603072437486,0.10904469455195401
6,100000.0,4,camera,10.498260423141144,0.0589820697306644
6,100000.0,4,camera_wiener,12.807033994108643,0.13634277071337494
6,100000.0,4,ghost,10.01107838278185,0.12840521071193078
6,100000.0,4,ghost_wiener,10.011120347334256,0.12834143330389114
7,100000.0,4,camera,10.420539228544271,0.05418510024354342
7,100000.0,4,camera_wiener,12.59318472208222,0.12187080596925656
7,100000.0,4,ghost,10.010595590782216,0.12927638707397437
7,100000.0,4,ghost_wiener,10.028115055720189,0.11317133308067154
8,100000.0,4,camera,10.426300897551318,0.051237728129779114
8,100000.0,4,camera_wiener,12.643445609783864,0.12258940457804232
8,100000.0,4,ghost,10.010552513456341,0.12945764757115313
8,100000.0,4,ghost_wiener,10.016621953063556,0.12228411936407976
1,10000000.0,4,camera,14.035292672041317,0.28451320140349606
1,10000000.0,4,camera_wiener,14.446824577821076,0.32803353406808805
1,10000000.0,4,ghost,10.039773775617913,0.09001138868356945
1,10000000.0,4,ghost_wiener,10.554160704814606,0.06316364841786584
2,10000000.0,4,camera,14.045026475498958,0.2860301860171355
2,10000000.0,4,camera_wiener,14.433781027646331,0.32672726976551075
2,10000000.0,4,ghost,10.036621408714762,0.09286769775102027
2,10000000.0,4,ghost_wiener,10.369979118639097,0.060674705396923864
3,10000000.0,4,camera,14.060214532625746,0.2903425236276266
3,10000000.0,4,camera_wiener,14.47408280515665,0.33147941301865114
3,10000000.0,4,ghost,10.046389130042527,0.0856280536503338
3,10000000.0,4,ghost_wiener,10.582645840448174,0.06611574063792498
4,10000000.0,4,camera,13.983814782309754,0.28267508179700745
4,10000000.0,4,camera_wiener,14.390549120066648,0.32212254795415485
4,10000000.0,4,ghost,10.037791376811276,0.09143129180062592
4,10000000.0,4,ghost_wiener,10.519463979261891,0.05782668409210765
5,10000000.0,4,camera,14.00315278903166,0.28809025885800443
5,10000000.0,4,camera_wiener,14.402734351452132,0.324137465268295
5,10000000.0,4,ghost,10.045431375824677,0.08858121385027293
5,10000000.0,4,ghost_wiener,10.558673409580607,0.06760768465395173
6,10000000.0,4,camera,14.01286977311499,0.28408758685639457
6,10000000.0,4,camera_wiener,14.404688094157649,0.32537427888187453
6,10000000.0,4,ghost,10.04679196157317,0.08898619221593768
6,10000000.0,4,ghost_wiener,10.570347365889761,0.0759506697419999
7,10000000.0,4,camera,14.02792234373472,0.29142882702085354
7,10000000.0,4,camera_wiener,14.41826487667434,0.3336842877391626
7,10000000.0,4,ghost,10.041623941030437,0.0864698219263246
7,10000000.0,4,ghost_wiener,10.540264338330624,0.05410439431402426
8,10000000.0,4,camera,13.95542467257696,0.2798791820893902
8,10000000.0,4,camera_wiener,14.347939014280485,0.3182375165595883
8,10000000.0,4,ghost,10.042451468241904,0.08678999013154581
8,10000000.0,4,ghost_wiener,10.55924587407441,0.059727830637636675
1,1000000000.0,4,camera,14.153987677635659,0.3562311503698572
1,1000000000.0,4,camera_wiener,22.799615491612293,0.7298903334945616
1,1000000000.0,4,ghost,11.763804657193436,0.08938080383758262
1,1000000000.0,4,ghost_wiener,13.460793224960636,0.21102068582448658
2,1000000000.0,4,camera,14.15288221032458,0.35616372967258364
2,1000000000.0,4,camera_wiener,22.644135056274386,0.7269026664227087
2,1000000000.0,4,ghost,11.784695175473903,0.08998556692243405
2,1000000000.0,4,ghost_wiener,13.509712637616015,0.20944444103726445
3,1000000000.0,4,camera,14.15518407454998,0.35691458147223487
3,1000000000.0,4,camera_wiener,22.882041998973975,0.7356596094270409
3,1000000000.0,4,ghost,11.788817406854808,0.09653335554668692
3,1000000000.0,4,ghost_wiener,13.485419833821675,0.2014574950925868
4,1000000000.0,4,camera,14.15361558274649,0.35672004368973775
4,1000000000.0,4,camera_wiener,22.75650918072437,0.7300506278044581
4,1000000000.0,4,ghost,11.72912754616154,0.0893246257729855
4,1000000000.0,4,ghost_wiener,13.489706279023997,0.20574315806538757
5,1000000000.0,4,camera,14.15251861596008,0.3568389011629526
5,1000000000.0,4,camera_wiener,22.791484375748105,0.7297362419127955
5,1000000000.0,4,ghost,11.756641184406487,0.08989854958665877
5,1000000000.0,4,ghost_wiener,13.482347449789678,0.1984734913095069
6,1000000000.0,4,camera,14.159604206637809,0.3567731332368401
6,1000000000.0,4,camera_wiener,22.805990164284697,0.7283052814071795
6,1000000000.0,4,ghost,11.749356545123888,0.09320254668726077
6,1000000000.0,4,ghost_wiener,13.489767861591439,0.21439437938951583
7,1000000000.0,4,camera,14.154280948478084,0.3565820053157514
7,1000000000.0,4,camera_wiener,22.8929899094031,0.7334795627804007
7,1000000000.0,4,ghost,11.672289292667076,0.07898676282764344
7,1000000000.0,4,ghost_wiener,13.455071197357382,0.18924186418023975
8,1000000000.0,4,camera,14.157840098939985,0.3566476627505676
8,1000000000.0,4,camera_wiener,22.945984189206552,0.7303002207241216
8,1000000000.0,4,ghost,11.80837420899647,0.09619155167700966
8,1000000000.0,4,ghost_wiener,13.43601368504406,0.212491315029234
1,100000.0,5,camera,10.321101806989954,0.049854021145555476
1,100000.0,5,camera_wiener,12.773469074734201,0.15289860413586123
1,100000.0,5,ghost,10.012498229435918,0.12643269907487836
1,100000.0,5,ghost_wiener,10.033757261766441,0.11801372868714127
2,100000.0,5,camera,10.390678021848451,0.04301917622365917
2,100000.0,5,camera_wiener,12.908074830623272,0.1559037069713914
2,100000.0,5,ghost,10.011294914042947,0.12758542682513818
2,100000.0,5,ghost_wiener,10.082908630421652,0.09551862652220874
3,100000.0,5,camera,10.318135307081608,0.04496946395383647
3,100000.0,5,camera_wiener,12.712872144814593,0.12764433314152518
3,100000.0,5,ghost,10.010552928820726,0.12945092200038724
3,100000.0,5,ghost_wiener,10.018436030421515,0.1237209699683452
4,100000.0,5,camera,10.38677219828126,0.05092280582495407
4,100000.0,5,camera_wiener,12.899899586476163,0.14399776092312092
4,100000.0,5,ghost,10.014665183159199,0.12102705216687791
4,100000.0,5,ghost_wiener,10.079023833052958,0.10587650959243805
5,100000.0,5,camera,10.420063001988943,0.056883671393692874
5,100000.0,5,camera_wiener,12.948991853525493,0.16768996311875234
5,100000.0,5,ghost,10.011412163186144,0.12769446028931664
5,100000.0,5,ghost_wiener,10.02415534226227,0.12230850582044614
6,100000.0,5,camera,10.33123466961445,0.03727151173660562
6,100000.0,5,camera_wiener,12.702879702460482,0.16257325572763515
6,100000.0,5,ghost,10.010854230585087,0.12897065741520397
6,100000.0,5,ghost_wiener,10.013804973826339,0.1274285041831516
7,100000.0,5,camera,10.298175444020535,0.04421160841589447
7,100000.0,5,camera_wiener,12.726331007830412,0.13231394344712327
7,100000.0,5,ghost,10.01060158253594,0.129442512582747
7,100000.0,5,ghost_wiener,10.029848485977034,0.11999890934294485
8,100000.0,5,camera,10.360091078486755,0.04942150008797408
8,100000.0,5,camera_wiener,12.793230986418278,0.13744491901249742
8,100000.0,5,ghost,10.01062941118889,0.1292744020319021
8,100000.0,5,ghost_wiener,10.01125528432144,0.12916286080265527
1,10000000.0,5,camera,13.51699563043521,0.22711967746315903
1,10000000.0,5,camera_wiener,13.824102705558882,0.27685464277257044
1,10000000.0,5,ghost,10.02228297718121,0.11068280088162846
1,10000000.0,5,ghost_wiener,10.31120911290449,0.07883833961858829
2,10000000.0,5,camera,13.569476944422243,0.232560633622406
2,10000000.0,5,camera_wiener,13.843440864193287,0.2920525305420619
2,10000000.0,5,ghost,10.033946391935462,0.09453052652834878
2,10000000.0,5,ghost_wiener,10.982264453829503,0.08288063761018419
3,10000000.0,5,camera,13.584360052905138,0.2388874731954425
3,10000000.0,5,camera_wiener,13.856710051264503,0.29957689289134637
3,10000000.0,5,ghost,10.035033689040844,0.0927585904358258
3,10000000.0,5,ghost_wiener,10.744647041093792,0.08163213540546557
4,10000000.0,5,camera,13.571608327581588,0.23236371340056217
4,10000000.0,5,camera_wiener,13.863041959523146,0.28530969840479065
4,10000000.0,5,ghost,10.031884209723854,0.09668188943981589
4,10000000.0,5,ghost_wiener,10.79808110229349,0.08036513161956235
5,10000000.0,5,camera,13.573978749486766,0.233745320468176
5,10000000.0,5,camera_wiener,13.837381213765497,0.29011880786453076
5,10000000.0,5,ghost,10.026457342769175,0.10447654387100382
5,10000000.0,5,ghost_wiener,10.606256293453642,0.07030097174584361
6,10000000.0,5,camera,13.538294933610413,0.23567681710667576
6,10000000.0,5,camera_wiener,13.834055347702485,0.2952563389586558
6,10000000.0,5,ghost,10.031230733540816,0.09860222645019545
6,10000000.0,5,ghost_wiener,10.641449231115178,0.08016889327171614
7,10000000.0,5,camera,13.583394996665778,0.23585572149571513
7,10000000.0,5,camera_wiener,13.886812169526618,0.2268300069395527
7,10000000.0,5,ghost,10.027102426458303,0.1031584772142984
7,10000000.0,5,ghost_wiener,10.594290500811834,0.07820710300939943
8,10000000.0,5,camera,13.59631349162826,0.2354380551248391
8,10000000.0,5,camera_wiener,13.866921974927696,0.2878524797989688
8,10000000.0,5,ghost,10.043500248419832,0.08456936979738748
8,10000000.0,5,ghost_wiener,10.93019464133543,0.07717842371409234
1,1000000000.0,5,camera,13.707436431678442,0.30605158129258164
1,1000000000.0,5,camera_wiener,17.004525322954287,0.5141636681470358
1,1000000000.0,5,ghost,11.503195805214954,0.06477436663800377
1,1000000000.0,5,ghost_wiener,13.35804998202547,0.23054535772138202
2,1000000000.0,5,camera,13.714946351781606,0.3065997207546593
2,1000000000.0,5,camera_wiener,17.182312964110665,0.5159220769662666
2,1000000000.0,5,ghost,11.528215466773355,0.07820359520725512
2,1000000000.0,5,ghost_wiener,13.306184306932106,0.22821305487472193
3,1000000000.0,5,camera,13.707066451291505,0.3051801981604325
3,1000000000.0,5,camera_wiener,16.99815822897657,0.5062170167514497
3,1000000000.0,5,ghost,11.474233559485896,0.06052303150237785
3,1000000000.0,5,ghost_wiener,13.352892931278797,0.20889363356198895
4,1000000000.0,5,camera,13.714956326232093,0.30651177756557124
4,1000000000.0,5,camera_wiener,17.179294667213696,0.5180742983943986
4,1000000000.0,5,ghost,11.468830110083474,0.07482374258287836
4,1000000000.0,5,ghost_wiener,13.304539370386891,0.22582755951335673
5,1000000000.0,5,camera,13.711303121424873,0.3062306087601937
5,1000000000.0,5,camera_wiener,17.16007425148294,0.5154278714254135
5,1000000000.0,5,ghost,11.490387578857861,0.07211793111461268
5,1000000000.0,5,ghost_wiener,13.286835698444087,0.20132203924223696
6,1000000000.0,5,camera,13.710637579333687,0.30571537565526175
6,1000000000.0,5,camera_wiener,17.077106689100386,0.5146131099317199
6,1000000000.0,5,ghost,11.53862156055241,0.07221103155494094
6,1000000000.0,5,ghost_wiener,13.365165424799486,0.22312450317514745
7,1000000000.0,5,camera,13.709496256590107,0.30650828310665756
7,1000000000.0,5,camera_wiener,17.03658558659971,0.5155239133294321
7,1000000000.0,5,ghost,11.475841815674759,0.06557452288511625
7,1000000000.0,5,ghost_wiener,13.313906515203044,0.2126057225154302
8,1000000000.0,5,camera,13.706599091622023,0.3055590458235083
8,1000000000.0,5,camera_wiener,17.06719379953687,0.51173793588881
8,1000000000.0,5,ghost,11.608834026390673,0.08326932641554609
8,1000000000.0,5,ghost_wiener,13.36036787894044,0.21828041558515868
1,100000.0,6,camera,10.389859684487082,0.05633670688363296
1,100000.0,6,camera_wiener,12.834970149596215,0.169619542619508
1,100000.0,6,ghost,10.010897101421104,0.12906625868904464
1,100000.0,6,ghost_wiener,10.019015344985885,0.12406285590060587
2,100000.0,6,camera,10.354051492718812,0.04557554259895308
2,100000.0,6,camera_wiener,12.930264811308083,0.17249198844602107
2,100000.0,6,ghost,10.013001160788903,0.12470700646009547
2,100000.0,6,ghost_wiener,10.041275115243192,0.12227918009545358
3,100000.0,6,camera,10.265409823789053,0.04473263038695392
3,100000.0,6,camera_wiener,12.757899235317547,0.15480142469930244
3,100000.0,6,ghost,10.01233980345219,0.12535082856639404
3,100000.0,6,ghost_wiener,10.057345888482898,0.1158407434095732
4,100000.0,6,camera,10.331647488094585,0.040711306526501054
4,100000.0,6,camera_wiener,12.888091809417801,0.1604846795845798
4,100000.0,6,ghost,10.013058646276939,0.12505014415525617
4,100000.0,6,ghost_wiener,10.027376281226372,0.12247182004971552
5,100000.0,6,camera,10.358072875138873,0.04426385071625563
5,100000.0,6,camera_wiener,12.76448093994816,0.13620638934772877
5,100000.0,6,ghost,10.010641065237342,0.1291175553334858
5,100000.0,6,ghost_wiener,10.053242425827047,0.11581514576599851
6,100000.0,6,camera,10.397947104546937,0.04604806418379244
6,100000.0,6,camera_wiener,12.989779503161504,0.15464042534633787
6,100000.0,6,ghost,10.010534763243175,0.1295133739369766
6,100000.0,6,ghost_wiener,10.046229777233599,0.11816524332381015
7,100000.0,6,camera,10.298359484148648,0.04530378474138067
7,100000.0,6,camera_wiener,12.683841507071241,0.1536534439251791
7,100000.0,6,ghost,10.010730767945631,0.1290483442694616
7,100000.0,6,ghost_wiener,10.019614058898775,0.12679213342563117
8,100000.0,6,camera,10.426104126479359,0.057786678002138644
8,100000.0,6,camera_wiener,12.880197737703538,0.15906946816823236
8,100000.0,6,ghost,10.01142789840143,0.1274057030149877
8,100000.0,6,ghost_wiener,10.036256350161255,0.11429658793029958
1,10000000.0,6,camera,13.326108156787164,0.20623268095361696
1,10000000.0,6,camera_wiener,13.790772540919466,0.22113530339174992
1,10000000.0,6,ghost,10.03423580552308,0.09523212123593017
1,10000000.0,6,ghost_wiener,10.996300012067152,0.0883213418441775
2,10000000.0,6,camera,13.33770194505978,0.20997374380861739
2,10000000.0,6,camera_wiener,13.777664934362539,0.22403898523366494
2,10000000.0,6,ghost,10.053412843212188,0.08048500472511078
2,10000000.0,6,ghost_wiener,11.254043698863914,0.08844940880923569
3,10000000.0,6,camera,13.343032864861295,0.20515794439332638
3,10000000.0,6,camera_wiener,13.845190514842255,0.22213469484958656
3,10000000.0,6,ghost,10.024436485817906,0.10268678016542425
3,10000000.0,6,ghost_wiener,10.699180354318061,0.09856828539587198
4,10000000.0,6,camera,13.358424227341919,0.20863893680547158
4,10000000.0,6,camera_wiener,13.824174981588879,0.22796343093772214
4,10000000.0,6,ghost,10.032495866708619,0.09783757297700359
4,10000000.0,6,ghost_wiener,10.848207420634813,0.11107380610807295
5,10000000.0,6,camera,13.38820767770811,0.2110025336967833
5,10000000.0,6,camera_wiener,13.854821612310275,0.2152250318437215
5,10000000.0,6,ghost,10.042457507727372,0.0910541568695486
5,10000000.0,6,ghost_wiener,10.949211615586341,0.08608037579878475
6,10000000.0,6,camera,13.331938784395723,0.20374203441769828
6,10000000.0,6,camera_wiener,13.859781468221248,0.22517460558962052
6,10000000.0,6,ghost,10.02679753696097,0.10012225095804694
6,10000000.0,6,ghost_wiener,10.771604993391609,0.09739499806720064
7,10000000.0,6,camera,13.363299361502804,0.21207805869810978
7,10000000.0,6,camera_wiener,13.87973534381337,0.24287810528762302
7,10000000.0,6,ghost,10.040200283130583,0.08861499061171599
7,10000000.0,6,ghost_wiener,10.802529131745315,0.08467277661906496
8,10000000.0,6,camera,13.329019550004592,0.20588939450510024
8,10000000.0,6,camera_wiener,13.865933639151201,0.23681723482156666
8,10000000.0,6,ghost,10.024238516877176,0.1047045843385012
8,10000000.0,6,ghost_wiener,11.027511136226739,0.11052556145128546
1,1000000000.0,6,camera,13.4860318703411,0.27886435033593143
1,1000000000.0,6,camera_wiener,14.861302699363723,0.3476011195616273
1,1000000000.0,6,ghost,11.355239417637133,0.054301055638926156
1,1000000000.0,6,ghost_wiener,13.23575937787355,0.20445077159165065
2,1000000000.0,6,camera,13.487967386608567,0.27816197546037413
2,1000000000.0,6,camera_wiener,14.913649438768655,0.3490019870396985
2,1000000000.0,6,ghost,11.320312859679834,0.056808786497212084
2,1000000000.0,6,ghost_wiener,13.212002377716875,0.23461577029457426
3,1000000000.0,6,camera,13.48514126361952,0.27839973031730364
3,1000000000.0,6,camera_wiener,14.866602235672373,0.3435219895184797
3,1000000000.0,6,ghost,11.381277218188012,0.07148106823006574
3,1000000000.0,6,ghost_wiener,13.19644345745013,0.22038536411613002
4,1000000000.0,6,camera,13.487975510619187,0.2777797098799881
4,1000000000.0,6,camera_wiener,14.869239030537376,0.34561124072863997
4,1000000000.0,6,ghost,11.320493489399933,0.050571369023612034
4,1000000000.0,6,ghost_wiener,13.254905208858528,0.22715128266332285
5,1000000000.0,6,camera,13.486648401162046,0.2785678664422183
5,1000000000.0,6,camera_wiener,14.861789773761815,0.3447256707659555
5,1000000000.0,6,ghost,11.435947645803013,0.06261948898856978
5,1000000000.0,6,ghost_wiener,13.293697146097042,0.23532705201816767
6,1000000000.0,6,camera,13.486248504937453,0.27861601829193694
6,1000000000.0,6,camera_wiener,14.90368875771804,0.35146596946274355
6,1000000000.0,6,ghost,11.269712999532064,0.05534642068863929
6,1000000000.0,6,ghost_wiener,13.235138916668419,0.2436465199300818
7,1000000000.0,6,camera,13.486967825014988,0.2788423199299141
7,1000000000.0,6,camera_wiener,14.892087305518976,0.3458330461802785
7,1000000000.0,6,ghost,11.31359870450684,0.04887861890336273
7,1000000000.0,6,ghost_wiener,13.204293096954105,0.21937350729641628
8,1000000000.0,6,camera,13.4839570312441,0.2783677164100756
8,1000000000.0,6,camera_wiener,14.829922155032847,0.3389389199066633
8,1000000000.0,6,ghost,11.38990275969985,0.05990293505408563
8,1000000000.0,6,ghost_wiener,13.201051281445906,0.2446392933079008
