instance,path,sha256,sha256_expected,sha_ok,n,m,n_plus1,n_minus1,n_other,sum_w,expect_ok,loaded,error
G1,data\gset\G1,73bf704d8ffc55ba42260ab4cb659e3dcb6e729be70404d2cf476ba4e46d1665,73bf704d8ffc55ba42260ab4cb659e3dcb6e729be70404d2cf476ba4e46d1665,1,800,19176,19176,0,0,19176,1,1,
G2,data\gset\G2,732d57480a0151e81253a08535da539ff579f77dbc8673d2b58f4b051f6ccdac,732d57480a0151e81253a08535da539ff579f77dbc8673d2b58f4b051f6ccdac,1,800,19176,19176,0,0,19176,1,1,
G3,data\gset\G3,999e49b5e093408bbb9e9d8aa76a4d05d61b7f8d4704cb1e35b596a6f1ad2897,999e49b5e093408bbb9e9d8aa76a4d05d61b7f8d4704cb1e35b596a6f1ad2897,1,800,19176,19176,0,0,19176,1,1,
G4,data\gset\G4,df9872b8f1a5970d2d8f8345d259a6ea72480b6b00cf522a858b9d78a3804071,df9872b8f1a5970d2d8f8345d259a6ea72480b6b00cf522a858b9d78a3804071,1,800,19176,19176,0,0,19176,1,1,
G5,data\gset\G5,0e69826d8ba546aa6bd20fddd7d5b9fd125c851e5d7fda227a5656ee456f27ea,0e69826d8ba546aa6bd20fddd7d5b9fd125c851e5d7fda227a5656ee456f27ea,1,800,19176,19176,0,0,19176,1,1,
G22,data\gset\G22,9baeee06eb147b1c9ca42b43be86592d4e6fc60784a85af9be5b63d1362ef28e,9baeee06eb147b1c9ca42b43be86592d4e6fc60784a85af9be5b63d1362ef28e,1,2000,19990,19990,0,0,19990,1,1,
G55,data\gset\G55,7537bbb613a6e6d0fe784937be68099eeb36227d85bb273299f22cb7d3ff2227,7537bbb613a6e6d0fe784937be68099eeb36227d85bb273299f22cb7d3ff2227,1,5000,12498,12498,0,0,12498,1,1,
G60,data\gset\G60,b6480c1716ecca3bb9dac8e444746d6bf0914e9faed2d4e63cececa2af68a5c4,b6480c1716ecca3bb9dac8e444746d6bf0914e9faed2d4e63cececa2af68a5c4,1,7000,17148,17148,0,0,17148,1,1,
G70,data\gset\G70,0d965a2ff1444cc71d7740824b5b3a5e09fc1843cbf6d90691b52d5221987061,0d965a2ff1444cc71d7740824b5b3a5e09fc1843cbf6d90691b52d5221987061,1,10000,9999,9999,0,0,9999,1,1,
G81,data\gset\G81,74e69d2f5228774cedbdb86da14debf08023556f1d7693b7346ca13df7594d5a,74e69d2f5228774cedbdb86da14debf08023556f1d7693b7346ca13df7594d5a,1,20000,40000,20017,19983,0,34,1,1,
K2000,data\k2000\WK2000_1.rud,9ed615e5e18726914f12740b7f9bedb6b69676477ed5958fac42c8ab0c252ba7,9ed615e5e18726914f12740b7f9bedb6b69676477ed5958fac42c8ab0c252ba7,1,2000,1999000,998980,1000020,0,-1040,1,1,
