instance,seed,identical_to_anneal_branch,cut,energy_tracked,energy_scratch,consistent,assignment_sha256
G1,1,1,11574,-11574,-11574,1,323d65523ada395c042d94b47c94dd2dee4caa95d3280618cf37becd7274edd8
G1,2,1,11589,-11589,-11589,1,04bd8143dc45dda6051939677abff8b09d0a39783181ad3874ca5e9f324b66bb
G1,3,1,11594,-11594,-11594,1,2dc6dbbc394da99404c54ec4b389b476e583acc4ee96fd1f5b554773ef6e85bf
G1,4,1,11566,-11566,-11566,1,cfa2215e40053c1a7e95c1aa387aa07b095794b921a2fcbba3ef369db8cc0651
G1,5,1,11575,-11575,-11575,1,3f41f35dadcbaa5aa7f5fcf7f5bf7612c309dd6987697bb7dcd1725af0343cda
G1,6,1,11613,-11613,-11613,1,6fa9d0c7e36c590d3d8622e6f548489db688194981ca1f1c8f759b0dd1500a98
G1,7,1,11574,-11574,-11574,1,e3fc902c4297bbf1b6c4d748959f278bbbb8973604786f6a3af4c0e2d17d3d00
G1,8,1,11584,-11584,-11584,1,08d994e1e5ca95b06c9f4519e34c30737ccb54af7a0ee72b93edee1ed107141b
G2,1,1,11596,-11596,-11596,1,57daa3fba24c9b78f1256131e1954733dd5e1128a4edebc25b11ae7c5d32ba41
G2,2,1,11617,-11617,-11617,1,f59384c0a7495284c74e70c5569c57071db06024322df7f1d456962f9730beab
G2,3,1,11588,-11588,-11588,1,999a9210f89990667a3d18bdb0eefe996eb861923a8c89a511bd8b47c9d2fb9b
G2,4,1,11584,-11584,-11584,1,ab0bcaef4876cf95ee13fa662da0b93b5961ed161e321194b9559095f027b8a6
G2,5,1,11615,-11615,-11615,1,58ee0b7eb6dcd8da66906f9487b69e000bca6ceee5a84b3b379684d870c0839d
G2,6,1,11615,-11615,-11615,1,47e20741fb7b768b00f21e715bb843e0ba95905aa6fb1073b38d03ea6f892334
G2,7,1,11586,-11586,-11586,1,090604431ec57e01c168865bb46e382a077666935243204620a6b278b6030748
G2,8,1,11586,-11586,-11586,1,052b1dd08ab50c9b972e7d5898d5c67be5546f26aa28b1b021d2d7789c935148
G3,1,1,11621,-11621,-11621,1,20616526f28f11564a20e13cf7a71d6039c3b5ecd64213a520b3dd107a01b567
G3,2,1,11554,-11554,-11554,1,eb8e99c9edfa45e88eec63cb41e1fd0351b94642e8a8ef0f4214448b2fdc5025
G3,3,1,11592,-11592,-11592,1,e3effad7028cab85f9579087c698a45c725d4ba62655fcd55567b836f2e94927
G3,4,1,11599,-11599,-11599,1,c60740547a67d25138b942c1a64cfcf35fc167c144d1a33129a802283c080677
G3,5,1,11620,-11620,-11620,1,d528995441fd486b24e7faa7cc0d4f5198744c84b9635981f64fe7ecfaa641fa
G3,6,1,11568,-11568,-11568,1,0318aa355e7817a8d221207afd3a6c7fbc4ca58f279ff3d230003301c69eafd4
G3,7,1,11591,-11591,-11591,1,90226b0f2abaf252be25c62445ced875ed399974f2c4e8df24fce0fd9ad4399e
G3,8,1,11621,-11621,-11621,1,e7fd9aa414672ced579ed348d86ba266083e8c4eedc0999669d41ea869d47ce7
G4,1,1,11646,-11646,-11646,1,55156760958f81d0f2f1b5a1d601363f03e38cb38c5e36ca362d7800f5fe5649
G4,2,1,11623,-11623,-11623,1,62b3ec698ea380e1f347cd3a598d13ea2aa883a5602ae4af370e110172205c4b
G4,3,1,11623,-11623,-11623,1,17de3fe64e18fcdf7d5668d1c0034e50f8fab754972e895a32a5fa9683ce9545
G4,4,1,11617,-11617,-11617,1,ce2e8fe0da3c6a9c918bada1dfcbae6b41d722692af2d3ae90793f68c4c5b4f5
G4,5,1,11597,-11597,-11597,1,e0444e32cd69851426b68dbb1b845c93c7ad64405494b4821bc04f2c09d4f678
G4,6,1,11615,-11615,-11615,1,8b0c0a8b70a36605766f91232dc734458ced28bff4177194ae4460c27c374ab9
G4,7,1,11625,-11625,-11625,1,b6e2fc3e386bade288bae1226b2667483b3ca1dc06d0cd8d9542de69b66e3672
G4,8,1,11634,-11634,-11634,1,a780a2e69baf8db1d59093a8acefab99210d71f2305a9bfe109625e8f297b0e3
G5,1,1,11590,-11590,-11590,1,5fdc6dde8c3212bcaf732133bfd2852ef23c5763907ded38b1ef799d368919ab
G5,2,1,11603,-11603,-11603,1,10667f1a26f74e1e34c4c90d16f33f152bb558885ca7d9434fcfd510bab3e5d8
G5,3,1,11616,-11616,-11616,1,936ddbc2c0167d4bf22d02147aef02c236072bddb60018aeaf24c2f4149ca5a7
G5,4,1,11597,-11597,-11597,1,aba134962e0aa601347308228fde78caa8d2f6b54e27caebd55fbb01e1bff734
G5,5,1,11583,-11583,-11583,1,dbc714eb45fc1855b933fc05ad09b7f839e0cc09f32428dd3f08a5c7c75624c0
G5,6,1,11608,-11608,-11608,1,6bb41803a525851765ba692dfb1516fdccacaf5c046a09373f016dab339ffea3
G5,7,1,11590,-11590,-11590,1,8f041b1fa5f3d74b9ad050b02dfa7a943d354bb7244ad93a1fdee68605b22926
G5,8,1,11609,-11609,-11609,1,35544b7f76bf06d26c2f0dabdecbdc4888d3a7d94813e830d79c8acca2eab21b
