instance,n,m,budget,anneal_sweeps,hold_sweeps,runs_planned,runs_done,best_cut,target,gap_pct,mean_cut,p_success,t_mean_s,tts99_s,tts99_ci_lo_s,tts99_ci_hi_s,all_consistent,best_seed,best_sha256
G1,800,19176,B1,400,20,64,64,11624,11624,0.000000,11581.828125,0.015625,0.015172,4.436587,1.405544,inf,1,22,0a2118672a1be439145c4e8f10585d2dc50da642bd1e6d1042352647190c8327
G1,800,19176,B10,4000,200,64,64,11624,11624,0.000000,11612.390625,0.453125,0.123404,0.941613,0.654416,1.415699,1,3,460eea900e27e0ef9091999ef3fb27f680864af271eefe57ac043237ab6de9eb
G1,800,19176,B100,40000,2000,16,16,11624,11624,0.000000,11622.250000,0.937500,1.130648,1.877966,1.114911,3.124385,1,1,7c88f30ad3c8b611dfbc848c70aa7899b16c0f1a5e3837554d74850f841fc9d0
G2,800,19176,B1,400,20,64,64,11617,11620,-0.025818,11584.234375,0.000000,0.013709,inf,inf,inf,1,2,f59384c0a7495284c74e70c5569c57071db06024322df7f1d456962f9730beab
G2,800,19176,B10,4000,200,64,64,11620,11620,0.000000,11603.734375,0.015625,0.121703,35.588702,11.383768,inf,1,21,82d7015b6f56d5df9732d3109a84b95592b2eabf309079645c9c78042916ddff
G2,800,19176,B100,40000,2000,16,16,11620,11620,0.000000,11613.937500,0.187500,1.175950,26.081030,11.485936,inf,1,1,38ed31e062c9971c747b83e874c9cef409399676e4dcce5fc37a66442a0761fb
G3,800,19176,B1,400,20,64,64,11621,11622,-0.008604,11592.703125,0.000000,0.011026,inf,inf,inf,1,1,20616526f28f11564a20e13cf7a71d6039c3b5ecd64213a520b3dd107a01b567
G3,800,19176,B10,4000,200,64,64,11622,11622,0.000000,11615.890625,0.187500,0.115776,2.567764,1.573655,5.331726,1,8,57112f591ee7a8dcbd8b104ed8e368576e1870740ab5d3831b28363f484d6809
G3,800,19176,B100,40000,2000,16,16,11622,11622,0.000000,11619.375000,0.562500,1.145410,6.380724,3.160633,14.027237,1,1,b5ef5ef280ee7c85ccaae1ffad707ff2d2a8f11fb123ed214571e4d9586f4d00
G4,800,19176,B1,400,20,64,64,11646,11646,0.000000,11621.875000,0.046875,0.014157,1.357982,0.575560,inf,1,1,55156760958f81d0f2f1b5a1d601363f03e38cb38c5e36ca362d7800f5fe5649
G4,800,19176,B10,4000,200,64,64,11646,11646,0.000000,11637.703125,0.046875,0.110112,10.562196,4.404266,inf,1,25,8aa2ac9756bb97024abf0a625d21a8cad0c57a2ee6b593b30503a5a8a4bda405
G4,800,19176,B100,40000,2000,16,16,11646,11646,0.000000,11639.125000,0.062500,1.169285,83.434739,25.684678,inf,1,3,86d092ecde8e88c81bd7d7af6d909d5d04442c5cb9baa6fb8700740217ef1fd4
G5,800,19176,B1,400,20,64,64,11630,11631,-0.008598,11598.968750,0.000000,0.012926,inf,inf,inf,1,24,b6aa6ca58a9c5e66c90c0350c6ab1a89e2f21aab5db7bdb4de12c5d4edf77069
G5,800,19176,B10,4000,200,64,64,11631,11631,0.000000,11623.312500,0.140625,0.110783,3.366374,1.951904,7.961782,1,16,5734f2cc325f889b6f7152446f7d2714ea7c6a043fd37f5bdd6fdaab9b8cd519
G5,800,19176,B100,40000,2000,16,16,11631,11631,0.000000,11627.687500,0.375000,1.180804,11.569700,5.534748,26.862376,1,2,68c372b6ffadae3d51cd39b04a1b73f5a89862a6a740ba1cf4aa5dd6e33f5591
G22,2000,19990,B1,400,20,64,64,13323,13359,-0.269481,13288.640625,0.000000,0.028458,inf,inf,inf,1,42,8af4e284edabb628ea8c22a8ffb7d0402b9ae535c46ce57484c3a041c3275b88
G22,2000,19990,B10,4000,200,64,64,13358,13359,-0.007486,13343.687500,0.000000,0.270625,inf,inf,inf,1,16,145f0080da329bde773812b25c5af38eb8b81db223d49209bd2fc312dea7a0c2
G22,2000,19990,B100,40000,2000,16,16,13358,13359,-0.007486,13357.250000,0.000000,2.687080,inf,inf,inf,1,1,82b36b33cf27991fc9de14b443b8220d0258235cf9fde24d4599e807fd7732a3
G55,5000,12498,B1,400,20,64,64,10226,10299,-0.708807,10186.671875,0.000000,0.062736,inf,inf,inf,1,34,5175622358cc668fbf287da3e67c8f3e22cf6e2ca135963bcae1f18a393c52ed
G55,5000,12498,B10,4000,200,64,64,10279,10299,-0.194194,10258.578125,0.000000,0.615292,inf,inf,inf,1,59,200052531073a0444edfbd8a8e06dbb24254a88ead91102dcf5c345bd879ee06
G55,5000,12498,B100,40000,2000,16,16,10295,10299,-0.038839,10280.437500,0.000000,6.004436,inf,inf,inf,1,7,b43f376835b3b06116f4c261f06835e898142eb887ebee521b0f849bcf54fcdc
G60,7000,17148,B1,400,20,64,64,14080,14188,-0.761207,14031.625000,0.000000,0.088310,inf,inf,inf,1,16,49182b4de801a210679c1d021543e506e13dca961c2c776f2f7c51d7a5e0c0fd
G60,7000,17148,B10,4000,200,64,64,14156,14188,-0.225543,14134.062500,0.000000,0.859210,inf,inf,inf,1,53,95453243e48fa6c1d2b4bec91d2913c63dcc9aabd01066fae6baa8251485c881
G60,7000,17148,B100,40000,2000,16,16,14178,14188,-0.070482,14166.437500,0.000000,8.503050,inf,inf,inf,1,1,01e77e47d21be64fa4f3f4fed0173312ece3cd0e9b57806b3afc62f8af39b6b5
G70,10000,9999,B1,400,20,64,64,9448,9595,-1.532048,9417.687500,0.000000,0.119374,inf,inf,inf,1,37,8060d2e957afc449364e6534edf56c00836ca98b043daec6b43fa6cf09c040c4
G70,10000,9999,B10,4000,200,64,64,9546,9595,-0.510683,9523.656250,0.000000,1.154836,inf,inf,inf,1,32,afb790f54974494854d785a3ab8bc53cc0aeed82b040f83c552646b9b6a9a205
G70,10000,9999,B100,40000,2000,16,16,9571,9595,-0.250130,9565.062500,0.000000,11.236858,inf,inf,inf,1,4,409b3027e9e16b02b2e93c79b68fe1b7a3aef08068d898340b38e51a03c67078
G81,20000,40000,B1,400,20,64,64,13822,14060,-1.692745,13775.812500,0.000000,0.227628,inf,inf,inf,1,58,a10755b3a7cb497fd3d682acb2af74415a12378a7b55bfccd8e40f7d3ba484b8
G81,20000,40000,B10,4000,200,64,64,13900,14060,-1.137980,13876.500000,0.000000,2.225608,inf,inf,inf,1,63,0e1bcc89b618e908a3a56630ab5ad1715588fdff819f1a05c4c209dff782a42d
G81,20000,40000,B100,40000,2000,16,16,13968,14060,-0.654339,13945.250000,0.000000,22.216931,inf,inf,inf,1,10,8182a4a533014f57ab8ec7c1cceae1e6e2cf49b2b036b915354258a18925508b
K2000,2000,1999000,B1,400,20,64,64,32219,33337,-3.353631,31561.046875,0.000000,0.049131,inf,inf,inf,1,3,ddab0af09e8cebb4e13601842ae826a8e1f986bd0776b7c80b787c4048cbd2c2
K2000,2000,1999000,B10,4000,200,64,64,32630,33337,-2.120767,32204.812500,0.000000,0.314827,inf,inf,inf,1,41,4368e64ff955da47ad99c440f986cae51eee0937d6a55a54c9fa2b06780549c9
K2000,2000,1999000,B100,40000,2000,16,16,32906,33337,-1.292858,32608.750000,0.000000,2.980417,inf,inf,inf,1,4,50860acd8758d4f2cbaba346f76bebe09617df7f0de0c4fa58524a2a0ebd1800
